city_id,year,province_id,PM1,PM2_5,PM10,lnPM1,lnPM2_5,lnPM10,Shrinkage_pop,Impervious,UR,lnPGDP,Open,lnTech,ER,lnFixed,DZ,NDVI,Temperature,Precipitation,WindSpeed,aq_phase1_post,aq_phase2_post,post_inspection,post_inspection_lag1,post_air_inspection,inspection_current_year,inspection_air_current_year
110000,2011,110000,37.6304332470189,68.8355133186507,117.685818386474,3.62781311787999,4.23171979372035,4.76801851751209,0,19.5590041790559,0.944596603803114,2.19368146461737,1.54890919396221,8.38822281011928,0,8.2069178261025,30,0.613400852354012,11.1313200268059,1.68405129816312,3.05555086870257,0,0,0,0,0,0,0
110000,2012,110000,36.7862914427934,66.8723595197873,114.384422777514,3.6051252606324,4.2027857206204,4.73956490514225,0,19.8965954304446,0.945279383429672,2.24447997834237,1.44107973526507,8.56388591940822,0,8.27605703747409,30,0.632726368767705,10.5258714926631,1.76954635695309,3.07858190522619,1,0,0,0,0,0,0
110000,2013,110000,39.6175055389645,72.1948714202814,117.813566019969,3.67927107964587,4.27936901041573,4.76910342604675,0,20.5249653967458,0.94598495783636,2.29036002130227,1.36601966247598,8.92903790648844,1,8.33920012418776,30,0.634629709210562,11.0513082022762,1.6649548730537,2.97296496920504,1,0,0,0,0,0,0
110000,2014,110000,40.6795206572996,73.6262027626579,120.9310039434,3.70572478785871,4.29900097817323,4.79522016761834,0,20.8116290855968,0.946377681115944,2.35036669075104,1.19677994799838,9.14056147736827,1,8.40194343117227,30,0.620381662501625,12.6099468997846,1.40944112355019,2.7914086209709,1,0,0,0,0,0,0
110000,2015,110000,35.0026743337105,63.7012960946598,105.767152193556,3.55542446810494,4.15420490922607,4.66124000045783,0,21.103686201939,1,2.41134576595317,0.864304129844689,9.27481639116055,1,8.45757578965284,30,0.635921109523346,11.7957214536209,1.64156709884825,2.85272646170699,1,0,0,0,0,0,0
110000,2016,110000,31.8344632916633,57.1016979469851,94.9751731759689,3.4605494542618,4.04483385259437,4.5536155224568,0,21.3358504856307,1,2.48629585884881,0.730941561717664,9.39690292302739,1,8.43699636279339,30,0.652570717073792,11.5045475141906,2.15235658021307,2.88629686222177,1,0,0,0,0,0,0
110000,2017,110000,28.5985715314064,50.9639081298587,90.3364290987457,3.35335677012412,3.93111769846973,4.50354080209019,0,21.5278411415587,1,2.53057624295686,0.781562038457802,9.54473903165049,1,8.45481113936524,30,0.652570004190378,12.1604221224051,1.78135942270692,2.92117339271035,1,0,1,0,1,1,1
110000,2018,110000,25.2458111648292,44.12325500927,86.190032231604,3.22866024749715,3.78698696793935,4.45655453561914,0,21.6992127735676,1,2.56095740818882,0.899932840364613,9.7544653661431,1,8.36384205230563,30,0.654455579631957,11.653664792823,1.67361050662455,2.87347301221923,1,0,1,1,1,0,0
110000,2019,110000,22.2490095930661,38.825091442328,70.8519410453035,3.10229749495034,3.65906672427545,4.26059236230769,0,21.8143018224573,1,2.67791593599089,0.813037488088646,9.7887498750657,1,8.3257394140978,30,0.648805971169353,12.1588728709431,1.39824830804711,2.78650568141463,1,0,1,1,1,0,0
110000,2020,110000,20.4975499053324,35.3569808579869,62.5820105288373,3.02030536218861,3.56549585114863,4.13647786506307,0,21.8327974929286,1,2.68677058589013,0.64039864563947,9.89217379263586,1,8.34258803424232,30,0.661811654543995,11.6927540303505,1.52499357541653,2.71026701480283,1,0,1,1,1,0,0
120000,2011,120000,44.9753581116196,82.4306100961084,139.451299769722,3.80611474226448,4.41195684968205,4.93771543471649,0,29.0799264974891,0.819249297470895,2.09310848352554,0.590820604350145,6.67456139181443,0,8.45294369164126,44,0.512777903815731,12.8887604608229,1.60319745777979,3.10594700526299,0,0,0,0,0,0,0
120000,2012,120000,44.5634347959239,81.0502882825793,136.379297602087,3.79691367514213,4.39506980502396,4.91543995677925,0,29.7052745519065,0.818062827225131,2.19149415182591,0.566044401248329,7.01211529430638,0,8.5382661629378,45,0.519012278877199,12.3260819480068,2.24535039550704,3.05386347825871,1,0,0,0,0,0,0
120000,2013,120000,50.3623563183158,93.1300708366197,151.489055498694,3.9192439975636,4.53399712715413,5.02051338140721,0,31.1366945010948,0.818426294820717,2.25944597062167,0.554154183881925,7.36327958696304,1,8.70731359343172,46,0.516051341546699,12.6794477947216,1.44187017211383,3.0102041536914,1,0,0,0,0,0,0
120000,2014,120000,48.4738003098067,88.5063526317149,143.151573623256,3.88102345218516,4.48307433058706,4.9639040243112,0,31.6751675460603,0.819120684567719,2.32001099333455,0.523106346817377,7.35946763825562,1,8.83909888077008,47,0.496341517195106,14.4198559103101,1.36042675540216,2.78028335290592,1,0,0,0,0,0,0
120000,2015,120000,41.8800230048285,75.9726626781388,128.061835813633,3.73480893530564,4.33037357397475,4.85251323956211,0,32.3367011144715,1,2.35646226015014,0.430575925956688,7.78945456608667,1,8.95417522092735,47,0.510254465043545,13.6596827575148,1.68073821305945,2.8998539112949,1,0,0,0,0,0,0
120000,2016,120000,38.4925711404113,69.5294373807848,112.420364451716,3.65046526528315,4.24175022233052,4.72224509944482,0,32.7173228862876,1,2.39984939453899,0.381351647165953,8.08517874807454,1,8.9175981134855,47,0.518033481668681,13.462563310645,1.97216949908882,2.91331379884835,1,0,0,0,0,0,0
120000,2017,120000,35.102209075024,62.7040410514032,106.954259857907,3.55826406510177,4.13842589614262,4.67240126510367,0,33.0839656721867,1,2.38015936148794,0.416064165627499,7.89133075766189,1,8.75392940834019,47,0.50933482311666,14.1753282333673,1.59830821479455,2.94880672233176,1,0,1,0,1,1,1
120000,2018,120000,29.9992985267055,52.6639740436255,94.429343270182,3.40117399894563,3.96393161729794,4.5478518645773,0,33.3027556075989,1,2.34434038168022,0.43091422574384,7.9402277651457,1,8.66189928019694,47,0.51937946327962,13.6056200224277,1.85279087862166,2.959279599024,1,0,1,1,1,0,0
120000,2019,120000,29.0231622449238,50.2581193978317,86.5890026325984,3.3680942092977,3.91717211394289,4.46117281711873,0,33.6687166828619,1,2.05599792879332,0.522365796500199,7.8984110928116,1,8.77222254848399,47,0.50482142996043,14.136569285913,1.43862215894145,2.89634337066172,1,0,1,1,1,0,0
120000,2020,120000,26.5091504334772,45.2378249527158,74.8688450860396,3.27748997276656,3.81193357212387,4.31573785053312,0,34.1948719218512,1,2.03336911829599,0.519034428957551,7.86672228513673,1,8.7968617330206,47,0.534366070525721,13.8004495832897,1.82353103899768,2.77675329051061,1,0,1,1,1,0,0
130100,2011,130000,48.8319650592031,89.963614606719,157.573440841043,3.888385120131,4.49940530643864,5.05989164064004,0,16.8598519033306,0.247367893311942,1.27113578314002,0.224238203725902,4.61512051684126,0,7.54778179236453,14,0.555365244445113,12.3266600023343,1.84740838329679,2.10793592715319,0,0,0,0,0,0,0
130100,2012,130000,48.2152413557094,88.4365627521001,154.590077238352,3.87567518177185,4.48228548992529,5.04077695064168,0,17.2663258039729,0.245797274445439,1.31930290504049,0.181636820237033,4.91998092582813,0,7.71827037960835,20,0.581831369357011,12.0541912319677,1.80449802454957,2.11686625640166,1,0,0,0,0,0,0
130100,2013,130000,56.4219257094119,105.338428741797,189.763045748544,4.03285783667184,4.6571782978798,5.2457761662104,0,18.1848805679862,0.251594896331738,1.36238878296674,0.178328287179637,4.99721227376411,1,7.82757410419248,20,0.559679675962507,12.3464457921199,1.6367296571688,2.43769627909482,1,0,0,0,0,0,0
130100,2014,130000,53.445850097751,99.0598363869316,172.92679304258,3.97866899362899,4.59572407550248,5.15286834333606,0,18.4646248339676,0.398087618304225,1.38439918702853,0.16994706618667,5.15329159449778,1,7.97146728044624,21,0.546351251374815,13.7120861288169,1.06975885059489,2.24818043409461,1,0,0,0,0,0,0
130100,2015,130000,43.723281031927,79.3612321359948,135.853274121205,3.77788070696841,4.37400998876328,4.91157543658455,0,18.8652647319442,0.398827806072859,1.4199521745478,0.138948321993611,5.6021188208797,1,8.12422424136073,21,0.589346098838393,12.9775720308982,1.73085207049549,2.58147223692736,1,0,0,0,0,0,0
130100,2016,130000,42.3117247779176,75.8416764116163,130.326799369021,3.74506422915559,4.32864796228601,4.87004513734206,0,19.1539391160411,0.39980732177264,1.4680162308096,0.130089213960425,5.98393628068719,1,8.10824507624791,21,0.578391015529633,12.7770381280341,2.12537062423783,2.58296600141363,1,0,0,0,0,0,0
130100,2017,130000,38.43733379737,68.870486452551,126.724490596883,3.64902922158653,4.23222773287638,4.84201536459798,0,19.3960886082654,0.428571428571429,1.49598529318043,0.143266495479017,6.06145691892802,1,8.17226732959229,21,0.56667967417191,13.3748740433013,1.69770164533053,2.60788501036042,1,0,1,0,1,1,1
130100,2018,130000,34.6414810991166,60.197403948928,114.680486193312,3.54505183968309,4.09762922761296,4.74214988057116,0,19.6031317335713,0.429735234215886,1.47217413331496,0.150972430787885,6.35437004079735,1,8.1999038869974,21,0.591321061413313,13.0706571351929,1.37517625773597,2.58846338347674,1,0,1,1,1,0,0
130100,2019,130000,31.9400314753204,54.7743179134916,99.7075043738387,3.46386012823786,4.00322143288901,4.60224094368221,0,19.6663462229822,0.405893536121673,1.37539834827301,0.193943940460746,6.55819780281227,1,8.2472732497942,21,0.550405007969473,13.4017490877579,1.4369429574119,2.60439766846406,1,0,1,1,1,0,0
130100,2020,130000,29.1041948177551,49.3783042215998,85.6879620273983,3.37088231560146,3.89951114192597,4.45071234931264,0,19.8267045330968,0.407513076557299,1.38801568695621,0.224990895221521,6.74405918631135,1,8.03410526619166,21,0.57847496283423,13.1236158037153,1.7892874245288,2.55849049248693,1,0,1,1,1,0,0
130200,2011,130000,38.8785752608767,71.3331599262253,124.639821112438,3.66044333439604,4.26736129541002,4.82542814688744,0,21.7865266058132,0.417446750780084,1.72742363923515,0.12897185577811,3.85014760171006,0,7.37437059491172,14,0.504469386987634,11.6386119762704,1.95678413896757,2.48551169639693,0,0,0,0,0,0,0
130200,2012,130000,37.9694719426948,69.2869822396201,120.501338340407,3.63678246692274,4.23825704208037,4.79166085942843,0,22.2770952458271,0.438123483418711,1.76440442518231,0.112884479652809,4.21950770517611,0,7.52149107794753,16,0.51464285660576,11.0572688210843,2.62730463696034,2.48779105301368,1,0,0,0,0,0,0
130200,2013,130000,42.983288591733,79.3664406311715,134.02591140929,3.76081140275292,4.37407561683037,4.89803314998363,0,23.0941626577086,0.41004467307432,1.78609550962744,0.128245489321079,4.23410650459726,1,7.6699772622491,18,0.521086341732151,11.5276301374487,1.73453138372165,2.44439866688887,1,0,0,0,0,0,0
130200,2014,130000,43.4059642460656,79.1860914023411,133.786775082207,3.77059685668896,4.3718006697917,4.89624730186888,0,23.4571878360821,0.437466808284652,1.77542320187273,0.165417031029308,4.55387689160054,1,7.80771281369782,18,0.512310832902625,13.1037654753427,1.45898714770409,2.26367198809021,1,0,0,0,0,0,0
130200,2015,130000,37.2951724450808,67.4093129642732,116.144555453785,3.61886389320877,4.21078318291715,4.7548355829889,0,23.8224253268177,0.442778425347038,1.75707175115302,0.141965548001677,4.95582705760126,1,7.89932162822808,18,0.522903454336491,12.4552062228384,1.88182041615358,2.42344942575254,1,0,0,0,0,0,0
130200,2016,130000,33.3305510050746,60.2039886485021,103.692723174053,3.50647442398842,4.09773860673954,4.64143194087412,0,24.1462334485153,0.442105263157895,1.77348458349786,0.112141467517357,5.32300997913841,1,7.9760124879558,18,0.522575353691866,12.2431470809796,2.52696147959679,2.54543167715653,1,0,0,0,0,0,0
130200,2017,130000,30.7027739051907,55.3526951211126,99.2511151743137,3.4243530057293,4.0137253503109,4.59765315551741,0,24.5072389783661,0.442384105960265,1.78285913011581,0.100673165403512,5.59842195899838,1,7.99882898143747,18,0.524031396914314,12.8844457319897,1.50510271826257,2.50743206638559,1,0,1,0,1,1,1
130200,2018,130000,26.7154839411947,47.505461325949,90.4629631448126,3.28524332020709,3.86084467971458,4.50494051992282,0,24.7400964807359,0.441952506596306,1.78763258539083,0.0864770118215687,5.89440283426485,1,8.03021682288662,18,0.527412874194292,12.3377858713856,1.82257503170554,2.56595887711976,1,0,1,1,1,0,0
130200,2019,130000,26.3399917497287,46.2429523336456,83.3003392121553,3.27108838309294,3.83390907037189,4.42245262133924,0,25.0455018839866,0.443121693121693,1.77139911006155,0.106760918581308,5.93753620508243,1,8.11365089261473,18,0.519763736443205,12.9768734273024,1.48405851182905,2.52474926280996,1,0,1,1,1,0,0
130200,2020,130000,23.6493321706686,41.2715987057364,71.5281951521672,3.16333487651254,3.72017458073498,4.2700917097618,0,25.6449189496446,0.443264764432648,1.80799680804483,0.141644865707272,5.87211778947542,1,8.15466769733544,18,0.548952120673526,12.793670341328,1.6278954162099,2.42060164859169,1,0,1,1,1,0,0
130300,2011,130000,32.6615672684209,58.3264238445342,105.541570583783,3.48619907378903,4.06605522986043,4.65910490927463,0,11.5023853580438,0.300897170462388,1.19800361514895,0.262597751170184,2.94443897916644,0,5.92681576670108,7,0.57376540089966,11.0995407885153,1.75334208567131,2.32431030250496,0,0,0,0,0,0,0
130300,2012,130000,31.5632238382417,56.2578638632214,101.455687252393,3.45199264026146,4.02994583332596,4.61962212435942,0,11.8283257977477,0.300137362637363,1.22248051305237,0.244431937139241,3.63758615972639,0,6.09384179629482,8,0.591937090825597,10.263237943714,2.98234253509196,2.28499571751281,1,0,0,0,0,0,0
130300,2013,130000,34.4967820911541,61.8726788788145,112.685979698469,3.54086604696697,4.12507870711556,4.72460500956665,0,12.2434025720583,0.30064912880082,1.22172277320458,0.231819787428638,3.36729582998647,1,6.13477795097554,8,0.594384011325486,10.5857930395715,1.98753700124067,2.3688693198755,1,0,0,0,0,0,0
130300,2014,130000,36.1757195621336,63.7957530456693,115.632116310301,3.5883881634637,4.15568662145278,4.75041374040615,0,12.4471658547691,0.303625889528973,1.22735529678044,0.220801230790285,4.00733318523247,1,6.1518787997511,8,0.578412844226995,12.168480691785,1.36382369269064,2.3669062864819,1,0,0,0,0,0,0
130300,2015,130000,30.5260684313884,53.8178684946455,96.7775189606566,3.4185810212315,3.98560554017865,4.57241472516817,0,12.6506405209321,0.475341631714247,1.25533981882811,0.229289437538309,4.04305126783455,1,6.25124638658234,8,0.585423326820409,11.5976741436222,1.78480981763668,2.43354516732259,1,0,0,0,0,0,0
130300,2016,130000,27.5461369472601,48.5718147576653,87.3915409751217,3.31586230606704,3.8830434194164,4.47039849279583,0,12.80681670725,0.48993288590604,1.29439089478975,0.216344096412577,4.81218435537242,1,6.23764382416833,8,0.584418088471124,11.2822502148624,2.85422470153444,2.48825740347845,1,0,0,0,0,0,0
130300,2017,130000,25.5677319951996,45.4668567591111,83.9862871712843,3.24133108748886,3.81698363765138,4.43065353755601,0,12.9821801216623,0.483221476510067,1.33781787193384,0.226121499659043,4.98360662170834,1,6.19473637877665,8,0.569727395379215,11.9699746169977,1.7998850178826,2.40126102827555,1,0,0,0,0,0,0
130300,2018,130000,22.5031479499336,39.7358308261058,79.2453926135181,3.11365520830998,3.68225332034948,4.37254927369849,0,13.145052211888,0.486666666666667,1.37529180867451,0.217003760767391,5.25749537202778,1,6.20817459971307,8,0.585947573731799,11.3398498398779,1.96179357906324,2.41110488721362,1,0,0,0,0,0,0
130300,2019,130000,22.7676728383677,39.6782045291034,72.5497943488622,3.12534167188233,3.6808020326304,4.28427314471367,0,13.2550266612422,0.488372093023256,1.35249735705696,0.223064123605026,5.40267738187228,1,6.26398327289147,8,0.575769332570767,12.0573653476318,1.76957172005027,2.41511023707998,1,0,0,0,0,0,0
130300,2020,130000,20.3061179918389,35.3360910890741,63.0674369039236,3.01092221955056,3.56490485208902,4.14420458093942,0,13.504437537145,0.490848585690516,1.38352927435966,0.212106747024576,5.22035582507832,1,6.30308572708537,8,0.604927916592414,11.9535747638762,1.55436629687519,2.34955073751175,1,0,0,0,0,0,0
130400,2011,130000,52.4234198996635,94.4149204571742,161.47465342645,3.95935343612705,4.54769911635238,5.08434818561773,0,18.4316895353119,0.151836734693878,1.02356762578023,0.0891297694378117,3.3322045101752,0,7.07616337069057,15,0.539240140673573,13.749528669887,1.75865291801889,1.86109034910305,0,0,0,0,0,0,0
130400,2012,130000,52.2787106513677,94.4677009182502,162.390033128566,3.95658922608326,4.54825798685158,5.09000105348317,0,18.8745335343925,0.149128990031215,1.05240855796431,0.0776965400759717,3.87120101090789,0,7.24665328825984,16,0.575858896495374,13.8028985396132,1.61440416328473,1.77456119499753,1,0,0,0,0,0,0
130400,2013,130000,59.0271299405822,108.040857945088,186.906509248498,4.07799716771793,4.68250946988778,5.23060854129485,0,19.4294928695199,0.140241448692153,1.04586054277402,0.0729868010231522,3.95124371858143,1,7.37455718099813,17,0.531092901902696,14.1986916355321,1.63423460048949,2.05307246682897,1,0,0,0,0,0,0
130400,2014,130000,53.2268517487838,96.6843755341425,164.284551750186,3.97456300113318,4.57145181271501,5.10159999597373,0,19.7482323850851,0.169111219038368,1.02053134013693,0.0712918346664663,3.87120101090789,1,7.51392145867853,19,0.544510956373683,15.3468178140311,1.58162872516592,2.19111852518918,1,0,0,0,0,0,0
130400,2015,130000,46.0916356390379,82.064340527792,142.384289315742,3.8306314940402,4.40750358017759,4.95852966505242,0,20.1346564272624,0.167390683052301,1.02156659833508,0.0587035926285127,4.47733681447821,1,7.62197647784774,19,0.562534618597089,14.4149123607937,1.57372980186171,2.8312613593804,1,0,0,0,0,0,0
130400,2016,130000,43.4349149598521,76.4490322437898,132.700415807942,3.77126360983848,4.33662427361333,4.88809407477667,0,20.554119721311,0.361137440758294,1.04743751600517,0.050227269330363,4.51085950651685,1,7.69736598772785,19,0.559594212499864,14.4135592668346,2.44776190184944,2.7749255430926,1,0,0,0,0,0,0
130400,2017,130000,41.1322139922421,72.1151825241487,128.422666927274,3.71679160992664,4.2782645980473,4.85532690937713,0,20.7976600172091,0.360608943862988,1.03436592660133,0.0435095690632445,4.60517018598809,1,7.71086853590175,19,0.557090274395387,14.9172925036207,1.75642951850483,2.74713646134672,1,0,1,0,1,1,1
130400,2018,130000,36.2983165938853,62.940333220631,117.433049011958,3.59177136537136,4.14218718588076,4.76586837554607,0,21.070795953151,0.344990548204159,1.01903484518637,0.0418344222460379,4.96284463025991,1,7.74038459002292,19,0.553716914236911,14.8398792013851,1.80114705720803,2.80522488251783,1,0,1,1,1,0,0
130400,2019,130000,35.1964735274167,60.3084295771031,107.243384108832,3.5609458937051,4.09947188794468,4.67510086927449,0,21.1924727276775,0.360037700282752,1.01484782562014,0.0509852807831548,5.02388052084628,1,7.80084887065956,19,0.530756352686443,15.0715973521186,1.49720627682072,2.73522553373561,1,0,1,1,1,0,0
130400,2020,130000,31.6856536371274,53.285820586741,93.2456481643879,3.45586401179191,3.97567026551195,4.5352373889565,0,21.5133710367744,0.295947219604147,1.03891200194085,0.058000939412826,5.36597601502185,1,7.83803765342605,19,0.557383000119332,14.6633215354422,1.67871376997746,2.69987832709452,1,0,1,1,1,0,0
130500,2011,130000,51.9878047001804,95.8639962261526,165.130485432256,3.95100916607961,4.56293048101353,5.10673598216812,0,18.8885823208443,0.0974352015198806,0.79522013847714,0.0986601126214477,2.07944154167984,0,6.41892633661293,14,0.535835713810391,13.9243099530964,1.75318149680317,1.76664144545053,0,0,0,0,0,0,0
130500,2012,130000,52.167823125534,96.0891554173292,165.122132250051,3.95446588960697,4.56527646275455,5.10668539554589,0,19.2811929385546,0.114083188444563,0.812954593223553,0.0721695816692386,2.484906649788,0,6.58815428411709,17,0.567973808613088,13.7988242921418,1.6816186080107,1.70834839155855,1,0,0,0,0,0,0
130500,2013,130000,59.3022330690035,111.898966191233,195.087599873498,4.08264696244481,4.71759637659096,5.27344868781061,0,19.8486897256837,0.113776379604142,0.815581917131851,0.0707005237501848,2.77258872223978,1,6.74484692038306,17,0.530301587283611,14.1046910455096,1.76733232490353,1.93266811407364,1,0,0,0,0,0,0
130500,2014,130000,55.0788993092233,102.770171040011,176.848741206433,4.0087666901681,4.63249514593462,5.17529479776601,0,20.1726664269306,0.113468754043214,0.817132853726428,0.0774391476618862,2.99573227355399,1,6.8845149374187,17,0.54208888941341,15.4693927219784,1.23343508300377,1.8732982050484,1,0,0,0,0,0,0
130500,2015,130000,47.0068198196213,85.7682533062261,147.436061718387,3.85029269372884,4.45164892993809,4.99339460192497,0,20.6233841979674,0.112943528235882,0.850767215852475,0.0626061652779593,3.49650756146648,1,6.987607895003,17,0.566985715760125,14.3463561204327,1.59684486022373,2.91684616639999,1,0,1,0,1,1,1
130500,2016,130000,43.8893234464776,78.5877133333091,134.094687116359,3.78167108882803,4.36421536830144,4.89854617068369,0,20.9628107702832,0.112944162436548,0.902880027714702,0.0603998802563008,3.98898404656427,1,7.0775839893693,17,0.56582142677572,14.208642304421,2.32534894543193,2.86137633382633,1,0,1,1,1,0,0
130500,2017,130000,40.5828418959921,72.0761768817718,130.548556817129,3.70334536388227,4.27772357196239,4.87174524044695,0,21.2529483443624,0.112658227848101,0.902492212868976,0.0695034355660383,3.80666248977032,1,7.08777954285598,17,0.562036508487331,14.7693103001002,1.63464318717001,2.85299812876285,1,0,1,1,1,0,0
130500,2018,130000,35.6392122152951,62.3210872686137,117.825444625804,3.57344649841036,4.13229984795417,4.76920424641442,0,21.4960340383682,0.114178168130489,0.901492064918763,0.0687362642354142,4.14313472639153,1,7.11259183972366,17,0.570542861024539,14.6579237545783,1.65568066991713,2.85112779984358,1,0,1,1,1,0,0
130500,2019,130000,33.981706614581,58.3526739196707,105.278969063261,3.52582233907268,4.06650518321253,4.65661367519681,0,21.657309262328,0.114856429463171,0.882491182546711,0.0748954124820008,4.49980967033027,1,7.17119533691899,17,0.52996666861905,14.9480302427758,1.37390144001609,2.81726181374492,1,0,1,1,1,0,0
130500,2020,130000,30.6287800956469,51.6112380352929,89.759148623686,3.42194009294242,3.94373944015606,4.49712995669917,0,21.8418968503186,0.18738288569644,0.901822355844109,0.0771460298394693,4.7361984483945,1,7.00963031137977,17,0.566180953383446,14.5803382558268,1.77684977601454,2.73581284572599,1,0,1,1,1,0,0
130600,2011,130000,42.4129044579867,79.5368463127799,138.687689866684,3.74745266635693,4.37622038992108,4.93222456971709,0,12.9057657857838,0.0931334539502024,0.842622064897655,0.193825061232216,4.87519732320115,0,6.8836899178425,12,0.552112643992433,11.4248316885407,1.47108764884434,2.46170260959178,0,0,0,0,0,0,0
130600,2012,130000,41.884647887396,78.0620162494194,136.002658387672,3.7349193609188,4.35750359090159,4.91267443251319,0,13.1414810736028,0.0923982595341694,0.88431059891079,0.141251398081992,5.15329159449778,0,7.05292286341176,17,0.580726369900286,11.0277214071872,1.70477050512007,2.51903322558076,1,0,0,0,0,0,0
130600,2013,130000,47.977499362621,90.1077663924313,155.145697815761,3.87073213772531,4.50100635837377,5.04436466131728,0,13.6587506964048,0.0918463785548587,0.914472811481797,0.110291443081244,5.30330490805908,1,7.04050270441007,18,0.560599482041471,11.4741579519286,1.69432029112956,2.57654277477721,1,0,0,0,0,0,0
130600,2014,130000,47.6600522314881,89.0338230654104,153.669744643546,3.86409356758876,4.48901633198015,5.03480578434624,0,13.9314251098231,0.0923449774360689,0.918142772455093,0.107275178181754,5.2257466737132,1,7.25533039119471,19,0.539445833857326,12.9073326923754,1.3305680128452,2.46381374215079,1,0,0,0,0,0,0
130600,2015,130000,39.7445642548373,74.2662132875943,125.630180156573,3.68247308344346,4.30765611462125,4.8333425130404,0,14.3681631699779,0.234779860088671,0.908451755110967,0.0923639474018985,5.36597601502185,1,7.27126053359312,19,0.576142425173359,12.1743434908296,1.61523211035513,2.51151609513171,1,0,1,0,0,1,0
130600,2016,130000,37.7582322902575,68.6479385774501,116.587123751818,3.63120352583448,4.22899110375803,4.75863883687349,0,14.6116635945111,0.236122618061309,0.987751374855266,0.073952231078938,5.67675380226828,1,7.43954625215151,19,0.563043589768453,12.0066846991085,1.74332367079648,2.46243430311318,1,0,1,1,0,0,0
130600,2017,130000,34.1753795768571,62.450505746519,112.695694998338,3.53150548940589,4.13437433496184,4.72469122154363,0,14.8298947627926,0.236864053377815,0.976034672145215,0.0914312609789723,5.76519110278484,1,7.39167387947291,19,0.563302978288011,12.5273432631152,1.63247750309353,2.44335437410998,1,0,1,1,0,1,0
130600,2018,130000,30.3704139592852,53.5839724628282,101.520851925478,3.4134689094977,3.98125000214511,4.62026421507185,0,14.9724803526667,0.23841059602649,0.959873530126132,0.0926460527171156,5.81413053182507,1,7.42212598332925,19,0.58458955572451,12.154760284727,1.45777582437784,2.44544779470934,1,0,1,1,0,0,0
130600,2019,130000,28.0365752589132,48.5979993073053,87.5828372913563,3.33350991700773,3.88358236354273,4.47258505741571,0,15.0521928540555,0.237860082304527,0.979083877849167,0.0908419661963097,6.01859321449623,1,7.47979820823033,19,0.566406991456571,12.4564488594888,1.50772289998919,2.38276439457622,1,0,1,1,0,0,0
130600,2020,130000,25.5279951500284,43.8418113110291,76.1675012629815,3.23977569898957,3.78058795818747,4.33293487910697,0,15.1958570097452,0.238959966983079,1.00747584864847,0.0741959536563724,6.23048144757848,1,7.83185967439994,19,0.59060336806983,12.1537470495121,1.6378052202518,2.3336683117426,1,0,1,1,0,0,0
130700,2011,130000,22.4060045698382,41.6749421998173,90.5860640290654,3.10932898409251,3.7299000417089,4.50630038255389,0,2.77689254410624,0.192340607616603,0.916082355818353,0.0180505136856899,2.63905732961526,0,6.40675265304362,8,0.431883001466378,8.26609877611164,0.979680994844554,2.76569419124158,0,0,0,0,0,0,0
130700,2012,130000,22.9439014811124,42.1925908550708,90.0954828242846,3.13305217052342,3.74224463347265,4.50087002822191,0,2.87742114061398,0.192143467122118,0.960284109061461,0.0196311016929839,2.56494935746154,0,6.56824343078212,10,0.442474397359997,7.47119168425368,1.29187719540258,3.09361185250348,1,0,0,0,0,0,0
130700,2013,130000,22.4204081380887,41.9197879085967,94.4413927777156,3.10997162167496,3.73575798056766,4.54797945986074,0,2.99593921954192,0.182694367102163,0.989716704475908,0.0182504767305802,3.04452243772342,1,6.6363041910233,10,0.475799281590728,8.32193858854946,1.43320547321263,3.0346126518664,1,0,0,0,0,0,0
130700,2014,130000,22.9968175905187,42.2576923178808,92.4769668098005,3.13535584072612,3.74378640392646,4.52695960604926,0,3.04414212092619,0.19355527102006,0.99607258434364,0.0237476558721142,3.36729582998647,1,6.72341783549409,11,0.455228878178477,9.66591794022448,1.25978948557443,2.85359958875757,1,0,0,0,0,0,0
130700,2015,130000,21.6710636437829,39.8505615582655,82.3971826264216,3.07597789804388,3.68513649693783,4.41155124490396,0,3.09710924832975,0.194537429905546,1.00232703305653,0.0305902025939189,3.87120101090789,1,6.82652060175042,11,0.463606247044165,8.81191057847432,1.61465180017415,2.85760178370917,1,0,0,0,0,0,0
130700,2016,130000,19.1772971035137,34.6934804837939,74.622071716888,2.95372713687167,3.54655178698931,4.31243633096816,0,3.14478578352997,0.334042553191489,1.03836873825541,0.0254712572988507,3.76120011569356,1,6.86092385958702,11,0.490885304240343,8.42268690919015,2.03373127134773,2.88415488238594,1,0,0,0,0,0,0
130700,2017,130000,18.6156251836381,34.3287105334491,74.270194939912,2.92400129169964,3.5359820458393,4.30770972642412,0,3.20254161910091,0.372043010752688,1.03388051911481,0.0231394088660482,4.14313472639153,1,6.82403101787773,11,0.473974654003711,9.24621224411549,1.58391658469004,2.86529217939332,1,0,0,0,0,0,0
130700,2018,130000,17.1133396179233,31.5697951746811,82.1898723916242,2.83985825400836,3.4522008145755,4.40903208755699,0,3.25091589552185,0.335483870967742,1.02671074566381,0.0293390550732722,4.31748811353631,1,6.86102428691581,11,0.489966974169764,8.71427691850568,1.38717131739315,2.87090598242577,1,0,0,0,0,0,0
130700,2019,130000,15.5222100341106,28.082065141164,61.6041284380247,2.74227190372235,3.33513112136656,4.12072888839153,0,3.31188868535247,0.335483870967742,1.02448478697298,0.02712737759078,4.06044301054642,1,6.90461969288087,11,0.489923451429627,9.07642600877258,1.4501615699122,2.67433232242443,1,0,0,0,0,0,0
130700,2020,130000,14.9557776413311,26.7779352092453,56.1390990636665,2.70509768948168,3.28757823532059,4.02783252277623,0,3.41077452972303,0.33694474539545,1.04624736637711,0.0244163378825607,4.54329478227,1,6.92537245271649,11,0.494982079098729,8.6773965234273,1.30342469505389,2.65246606263365,1,0,0,0,0,0,0
130800,2011,130000,22.9568865986853,42.8501391389972,85.4702058544598,3.13361796115415,3.7577088921563,4.44816784567461,0,1.1765605788592,0.156291744589901,1.04673188043418,0.0110167142226961,2.30258509299405,0,6.21432153692861,4,0.599509771270162,7.48437722120019,1.43041762729239,2.69044373238881,0,0,0,0,0,0,0
130800,2012,130000,23.016344176617,42.6426394740462,84.3287894107874,3.13620457993554,3.75285467930309,4.43472331810331,0,1.24718510240944,0.1560095516052,1.0715888899641,0.00814019370382133,2.484906649788,0,6.41391748253255,10,0.618237087072301,6.7577654068412,1.65718165348559,2.75860156791721,1,0,0,0,0,0,0
130800,2013,130000,24.0442557321022,45.018701469592,91.7982788047229,3.17989612112527,3.80707799165061,4.51959354804678,0,1.34464229105425,0.155778894472362,1.10403656527743,0.012459443999095,1.79175946922805,1,6.57983878639427,10,0.620446488164147,7.49278226322027,1.53212713538344,2.73076194789682,1,0,0,0,0,0,0
130800,2014,130000,25.2965619076768,46.7148524809964,93.778342000725,3.23066849352199,3.84406215438906,4.54093393383705,0,1.3698141688517,0.155765694772787,1.12878396029762,0.0295331448704554,2.30258509299405,1,6.72391699406573,11,0.621080735267568,8.92596389477969,1.4306505774474,2.59435168940746,1,0,0,0,0,0,0
130800,2015,130000,21.6178385898328,39.8846947411021,77.6628929931858,3.07351883449527,3.68599265985761,4.35237757564658,0,1.41451398519782,0.156008892376095,1.1339883353737,0.0183060220997421,3.2188758248682,1,6.7989537918993,11,0.628590276118987,8.08677933176033,2.50723849515782,2.58140715090942,1,0,1,0,1,1,1
130800,2016,130000,19.1592780427024,35.0440161084212,69.9005870801509,2.95278709138928,3.55660487446676,4.24707404806216,0,1.47375937820124,0.156657963446475,1.16227447155584,0.0219684636264162,3.76120011569356,1,6.85120332326613,11,0.641707772006818,7.66711278768417,2.68373021910649,2.58392188737279,1,0,1,1,1,0,0
130800,2017,130000,18.3539046754043,33.9815651181615,69.8000912560537,2.90984234071461,3.52581817516427,4.24563531716079,0,1.53542066920968,0.157894736842105,1.14940710196185,0.0205482905854368,3.71357206670431,1,6.87964605791714,11,0.628434388567648,8.41173688526216,1.54007557055666,2.61096532580501,1,0,1,1,1,0,0
130800,2018,130000,16.4852154674208,30.4374365253879,74.1234736898495,2.80246394695213,3.41567331543243,4.30573226607519,0,1.58893087091503,0.157068062827225,1.13236053801566,0.0143370801752808,3.55534806148941,1,6.64312971964094,11,0.635104700291972,8.09818843468729,1.50370735987897,2.58232686919088,1,0,1,1,1,0,0
130800,2019,130000,14.9740558885047,27.3995184604329,57.1049060458228,2.70631909617128,3.31052543880284,4.04489003321311,0,1.62324848535286,0.156657963446475,1.11715440692391,0.0154980765008604,4.02535169073515,1,6.68955664514283,11,0.631951140464323,8.48191812795307,1.41346194468325,2.48248739436045,1,0,1,1,1,0,0
130800,2020,130000,14.4571931931017,26.208346411397,51.9072421307789,2.67119208952827,3.26607792535639,3.94945832052911,0,1.69904928139924,0.15748031496063,1.15286997968658,0.0105195741466276,4.20469261939097,1,6.72578989095103,11,0.647368311202487,7.88604246694524,1.54825517761981,2.43815481470853,1,0,1,1,1,0,0
130900,2011,130000,46.1046694437488,86.6045880307239,148.034970202033,3.83091423432542,4.46135279373458,4.99744853100205,0,17.4470945644171,0.0737615677735438,1.16450109769064,0.0536824707002435,3.2188758248682,0,6.86573897443177,15,0.501994896147932,13.3029038655012,1.52152959842074,2.24167568535252,0,0,0,0,0,0,0
130900,2012,130000,46.4587973028519,87.0854478603126,147.170176945276,3.83856584028425,4.46688979596564,4.99158958349422,0,17.7127395790938,0.0720042987641053,1.19791948121249,0.0523749546146513,2.99573227355399,0,7.05473752990274,16,0.511946063564748,12.9867892246762,2.11483318595497,2.26263911480487,1,0,0,0,0,0,0
130900,2013,130000,52.1418819294308,98.8589897578805,161.724037853546,3.95396850162904,4.59369448890975,5.08589141263763,0,18.1681373841705,0.0707941137478457,1.2219698550166,0.0528482516488849,3.17805383034795,1,7.22525463807769,16,0.50718731767669,13.2444715815136,1.84680751951961,2.39994077058638,1,0,0,0,0,0,0
130900,2014,130000,48.9423337322207,91.615246589447,153.12876121943,3.89064274245629,4.51759770531229,5.03127914406299,0,18.4265863246899,0.0707964601769911,1.22931927806694,0.0608582618146386,3.17805383034795,1,7.38942050521533,16,0.465410349624498,14.9901799643539,1.06703945840622,2.46055925212437,1,0,0,0,0,0,0
130900,2015,130000,43.2156702401472,80.6007613885051,136.521313218663,3.76620316651733,4.38950809597547,4.91648074323238,0,18.9876768659109,0.0709876543209877,1.26519946495527,0.0516670536232501,4.29045944114839,1,7.51799352744547,16,0.501369535770951,14.0570448179035,1.95829881301215,2.55640839523506,1,0,1,0,1,1,1
130900,2016,130000,39.9227143529993,73.1312720590198,122.195319493264,3.68694544394633,4.29225607362111,4.80562074398484,0,19.2556210675646,0.0717948717948718,1.29702192380149,0.0536854793762358,4.68213122712422,1,7.61890472482807,16,0.524407434828427,14.0155002819974,1.84482735300419,2.49483227290943,1,0,1,1,1,0,0
130900,2017,130000,36.3688260814316,66.0959966456903,115.915691586209,3.59371198136584,4.19110817990535,4.75286313019101,0,19.7198853505968,0.0732647814910026,1.28218396460048,0.0682813687986891,4.18965474202643,1,7.64120872607433,16,0.511494898674439,14.5748507018059,1.66006946606523,2.5000997409992,1,0,1,1,1,0,0
130900,2018,130000,31.3809493293115,56.1543340158098,101.74689364146,3.44620099953407,4.02810386459594,4.62248829453441,0,19.9782707776638,0.0740740740740741,1.26581416611414,0.0863850877151533,4.95582705760126,1,7.65845213894802,16,0.521084549475689,14.1523469666154,1.86096155007725,2.54204622748325,1,0,1,1,1,0,0
130900,2019,130000,30.3972485239118,53.2026157507108,94.3554163360387,3.41435209523413,3.97410756338532,4.54706867701411,0,20.2399843096367,0.0749682337992376,1.23568016192491,0.0885146494941109,4.9416424226093,1,7.70393771330082,16,0.494231778900234,14.5517530469378,1.48180645205461,2.44449028487857,1,0,1,1,1,0,0
130900,2020,130000,27.9845704833885,48.4032387247743,82.1962295842457,3.33165330412436,3.87956672728495,4.40910943220533,0,21.331253394794,0.076530612244898,1.25679890873334,0.085836200820051,5.26269018890489,1,7.74016564197638,16,0.526533526273406,14.2551149461568,1.5589113230208,2.35267430529113,1,0,1,1,1,0,0
131000,2011,130000,47.1734678923352,88.3798928127905,146.777748330115,3.85383161361721,4.48164448690247,4.98891952655856,0,23.0108378145823,0.190633090138856,1.21673181161108,0.212281289225389,4.00733318523247,0,6.49500753923132,19,0.497568389836778,12.9926179102159,1.6275087253922,2.89523825947578,0,0,0,0,0,0,0
131000,2012,130000,47.3228965411616,87.6458487388414,145.023149679603,3.85699424901116,4.47330424845261,4.97689338264018,0,23.6259585380952,0.18859649122807,1.26300719814485,0.176742628634738,4.30406509320417,0,6.6656867298552,19,0.508544072508812,12.4788508400074,2.11925533495209,2.85496761314588,1,0,0,0,0,0,0
131000,2013,130000,53.6922527130366,101.533906162649,163.066390932735,3.98326872133108,4.62039279356281,5.09415742421585,0,24.8880354513463,0.194839015151515,1.32360244156795,0.187972339477059,3.43398720448515,1,6.82840146324528,19,0.497849544629138,12.8159183171735,1.60947454958995,2.84848225799677,1,0,0,0,0,0,0
131000,2014,130000,51.8810486984891,96.6008376416023,154.872160285346,3.9489535731701,4.570587412419,5.04260000425479,0,25.4195529840135,0.187166962699822,1.35216765690684,0.149456814449799,4.33073334028633,1,6.67062218501058,19,0.465036474009778,14.541415219167,1.28596278582316,2.71120936724982,1,0,0,0,0,0,0
131000,2015,130000,44.765496839249,83.3113170281435,136.517840145158,3.8014376828573,4.42258439862604,4.91645530311903,0,26.3741116459133,0.184459913690283,1.43089010825115,0.122089609921606,4.51085950651685,1,7.14344946984772,19,0.48712461901472,13.7233649199461,1.64748731096524,2.80083466346533,1,0,0,0,0,0,0
131000,2016,130000,40.0447889713939,73.0531648712414,117.94035830333,3.68999855197512,4.29118746198432,4.77017905858139,0,26.9761219966508,0.182978723404255,1.474379383499,0.122246244775752,5.12989871492307,1,7.27112454991538,19,0.503606383153733,13.5503484432894,1.88482321329066,2.78328647864065,1,0,0,0,0,0,0
131000,2017,130000,36.3471300586012,65.4225486847865,111.833892292801,3.59311524786674,4.18086698015275,4.71701466587839,0,27.5683486966128,0.183544303797468,1.49115246154679,0.12413014298339,4.98360662170834,1,7.29778888799196,19,0.501357139742121,14.1886870634932,1.74045948507833,2.81990178332958,1,0,0,0,0,0,0
131000,2018,130000,31.3768957564928,55.0833340764977,99.382638133888,3.44607181814428,4.00884720355532,4.59897743174544,0,27.8883597014653,0.183716075156576,1.50820103456745,0.149919917755139,5.41610040220442,1,7.33011485740479,20,0.510390574627734,13.676192845285,1.84289684519519,2.81452871270898,1,0,0,0,0,0,0
131000,2019,130000,29.1727289191325,50.7078185038955,88.9972841056565,3.37323433175389,3.92608010983002,4.48860585359975,0,28.1703029001436,0.182194616977226,1.5134589857472,0.134198205446358,5.20948615284142,1,7.38778826439232,20,0.488405774565453,14.1512701690293,1.4616532178602,2.74763239192192,1,0,0,0,0,0,0
131000,2020,130000,26.9350895623833,45.8715866167542,77.8640622922544,3.29342988125722,3.82584589743216,4.35496451513741,0,28.1416257142977,0.181166837256909,1.52602878315247,0.118694367719068,5.26269018890489,1,7.4288062211117,20,0.512510636702497,13.7372755619628,1.6901073846122,2.6309900191219,1,0,0,0,0,0,0
131100,2011,130000,49.8347520088737,94.4845989523099,161.13205990195,3.90871257216291,4.54843684716835,5.08222427660325,0,19.7270612782579,0.112545289855072,0.840778163867767,0.201536973686553,2.484906649788,0,5.87323829637899,15,0.555860294138684,13.3094803919996,1.63748066708839,2.00413224924864,0,0,0,0,0,0,0
131100,2012,130000,50.3158382599081,95.371816520007,161.314938827779,3.91831990348517,4.5577831104893,5.08335859601796,0,20.0059294638318,0.114150090415913,0.875148546560119,0.20237399493544,2.56494935746154,0,5.97080654131279,15,0.593830883283825,13.1332720079753,2.02177534009905,2.006676189741,1,0,0,0,0,0,0
131100,2013,130000,57.0883321550652,110.024229828039,185.772857688676,4.04459975523983,4.70070061270028,5.22452473222452,0,20.3897450839956,0.0916201117318436,0.889242230312005,0.219228732473915,2.56494935746154,1,6.15657839355151,15,0.566581932499128,13.379766107675,1.92177858822378,2.2021587535243,1,0,0,0,0,0,0
131100,2014,130000,52.6276129433974,100.531305239665,171.086488671352,3.96324094290099,4.6104691739167,5.14216921034202,0,20.5861814966089,0.119973486522316,0.918720369832259,0.19609962858682,3.13549421592915,1,6.3291193827407,15,0.561487394220689,14.959415527031,1.08034192513594,2.25749584219462,1,0,0,0,0,0,0
131100,2015,130000,47.3026951706598,89.2664171273298,151.997160139779,3.85656727422678,4.49162534914812,5.02386183738081,0,21.0906443860101,0.123601468182019,0.955595697564819,0.135886484934844,3.2188758248682,1,6.46759027824696,15,0.584597691236173,13.9774928011222,1.86532954137498,2.46521873723348,1,0,0,0,0,0,0
131100,2016,130000,43.2570920956151,79.9307960719866,134.438933719996,3.76716119902415,4.38116121120283,4.90111007155497,0,21.3406293585889,0.208791208791209,1.03881394720265,0.124288636765066,3.61091791264422,1,6.57925374559626,15,0.586997900815571,13.968764675263,1.82540144094381,2.396625354167,1,0,0,0,0,0,0
131100,2017,130000,39.1212906716572,71.3917380539625,128.330775648485,3.66666683725165,4.26818214912027,4.85461111540926,0,21.6429097570244,0.213656387665198,1.04422178696701,0.13287111005322,4.30406509320417,1,6.59272754468839,15,0.576739495072295,14.4196140606081,1.57764835800712,2.36572841623556,1,0,1,0,1,1,1
131100,2018,130000,33.3317499305432,59.6164746970883,108.164433467271,3.50651039410802,4.08793195696612,4.6836526013517,0,21.7581369665393,0.217105263157895,1.04853866384682,0.137959068802154,3.93182563272433,1,6.62224781208621,15,0.575515758684453,14.1605025683519,1.70007506324517,2.42218674832766,1,0,1,1,1,0,0
131100,2019,130000,32.2609850040888,56.1342322144286,100.179772397753,3.47385860552569,4.02774582633308,4.6069662959939,0,21.8964198060393,0.222707423580786,1.01493447334077,0.150052453897466,4.29045944114839,1,6.68457003587707,15,0.559243696577409,14.4269712552283,1.50183228111321,2.30790592812451,1,0,1,1,1,0,0
131100,2020,130000,29.5321208852289,50.7690683326224,86.4650381081579,3.38547851455265,3.92728727804486,4.45974014851286,0,21.9337795034125,0.233369683751363,1.03409382331681,0.1516809878955,4.36944785246702,1,6.71695126722295,15,0.58462920171373,14.1282463339095,1.66631705677578,2.26524021734546,1,0,1,1,1,0,0
140100,2011,140000,31.2076834954798,55.7018846716125,107.997781646779,3.44066433037773,4.02001398247594,4.68211068660566,0,8.63575752843348,0.777260273972603,1.51965465760588,0.265102264879471,4.85203026391962,0,6.46406960557079,5,0.520839287476106,10.0389383004796,1.62131700672479,2.38015846307972,0,0,0,0,0,0,0
140100,2012,140000,31.0365182519343,54.7104018727719,106.823817581613,3.43516451930491,4.00205385355729,4.67118091272662,0,8.84818979576859,0.776653909240022,1.5828539842392,0.231423996909082,5.10594547390058,0,6.69528066746028,6,0.54001785679297,9.91235812636041,1.54044210625652,2.43460714922012,1,0,0,0,0,0,0
140100,2013,140000,31.1648686363315,55.8850655268288,112.764883423263,3.43929145514946,4.0232971803667,4.72530497342505,0,9.1487705039309,0.775238095238095,1.59631476913589,0.235299511266081,5.27299955856375,1,6.9090354011214,6,0.542316556654193,11.2430540684159,1.73525776111464,2.51009045946301,1,0,0,0,0,0,0
140100,2014,140000,31.3447125422559,54.6798447885098,107.06069873506,3.44504559391521,4.00149517330947,4.67339595151838,0,9.25990115433786,0.777928049770084,1.62159659900867,0.259005176392024,5.50125821054473,1,6.9428899167202,6,0.540555192326957,11.4521030758444,1.60584851974809,2.32541239694336,1,0,0,0,0,0,0
140100,2015,140000,27.7892496552481,48.8640077619682,93.143677521573,3.32464924285906,3.88904108788461,4.5341432205795,0,9.43052743975448,0.775987370369362,1.68947117451604,0.243089198818752,5.52146091786225,1,7.09141124537302,6,0.532108767127449,11.373588876672,1.35668338602077,2.60441679782748,1,0,0,0,0,0,0
140100,2016,140000,27.9388325381199,48.5034723256192,91.0059891332215,3.33001756835023,3.88163538972335,4.51092531900195,0,9.64830440699186,0.775675675675676,1.7356883716886,0.299311284108732,5.92157841964382,1,7.07847208451305,6,0.546926948834549,10.9850054174861,1.94758011627786,2.51501941016921,1,0,0,0,0,0,0
140100,2017,140000,27.9345672068989,49.374839401861,98.5404752294002,3.32986488992906,3.89944097059546,4.59046737980969,0,9.7730575242229,0.775067750677507,1.82480659761888,0.267326890580782,6.03548143252476,1,6.29434030964693,6,0.55665746839209,11.5632432189104,1.87752415099795,2.43786306809845,1,0,0,0,0,0,0
140100,2018,140000,25.2585445553932,44.9156358737354,99.2888739948256,3.22916449671099,3.80478597184992,4.59803352041141,0,9.91384474116075,0.777188328912467,1.88510766228574,0.280516824944815,6.35262939631957,1,6.49264146204371,6,0.570962664417245,11.3397358337863,1.38191483909394,2.5814493997595,1,0,0,0,0,0,0
140100,2019,140000,22.9395456072844,40.0043333587916,79.3793341222954,3.1328623036273,3.68898778221603,4.37423805883769,0,9.99504507211499,0.78125,1.88964505799683,0.278184837992522,6.36818718635049,1,6.57684065706608,6,0.556853897530924,11.7121434465986,1.3720034770307,2.4767243566078,1,0,0,0,0,0,0
140100,2020,140000,21.8758884302635,38.1905281672057,72.1862231676492,3.08538504537386,3.64258753112885,4.27924921283881,0,10.1877019498117,0.785622593068036,1.89914227696578,0.292585719523998,6.53378883793334,1,6.67910157876443,6,0.544217531315305,11.1191113708709,1.85281426016835,2.42356329936362,1,0,0,0,0,0,0
140200,2011,140000,24.9601003966972,44.4762413253349,95.8753197854073,3.21727856579671,3.79495514379388,4.56304859512287,0,4.60364025185085,0.491063029162747,0.977335042050509,0.0330306755941955,3.04452243772342,0,6.03211428767923,2,0.387237404855553,7.33568479352067,1.18014607732828,2.73278385023586,0,0,0,0,0,0,0
140200,2012,140000,25.1998574866912,44.2125364934415,95.1262096321781,3.22683833921135,3.7890083799413,4.5552045323394,0,4.76628044019086,0.490920475892298,1.02439502106343,0.0341544105267636,3.43398720448515,0,6.23299289144076,2,0.410834367148542,6.75305464770738,1.6762514147254,2.87859551589837,0,0,0,0,0,0,0
140200,2013,140000,24.6735649417362,44.0549436040471,99.1183699174002,3.20573242523866,3.78543757319183,4.59631479163885,0,4.90642001181059,0.523259259259259,0.99985292641528,0.0306223549478538,3.2188758248682,0,6.4313964867092,2,0.432216012391491,7.57026758042758,1.56791428225463,2.89479398144078,0,1,0,0,0,0,0
140200,2014,140000,24.7467787614518,43.4342109527048,95.0363226395268,3.20869532949186,3.77124740138376,4.55425916209983,0,4.96384839087012,0.523290094339623,1.0122560657796,0.0295431710240517,3.46573590279973,1,6.45541936645448,2,0.413328504216844,8.4181947393866,1.45278414272307,2.79400042876207,0,1,0,0,0,0,0
140200,2015,140000,23.8287351101087,41.6143031815301,86.9119721722623,3.170892209975,3.72844393465153,4.46489579231321,0,5.05252691583509,0.496426538485864,1.09059500053815,0.0246132851782859,3.3322045101752,1,6.52125062276108,2,0.415390614726117,7.80952416171604,1.40569313846893,2.82131543862238,0,1,0,0,0,0,0
140200,2016,140000,21.5910694878514,37.201293314609,77.1889986983212,3.07227977955974,3.61634352719651,4.34625694296833,0,5.1498206570372,0.49685534591195,1.0602142727099,0.02304459577236,3.78418963391826,1,6.56451323357209,2,0.440344375256755,7.45392737062682,1.70241823352044,2.78991485750798,0,1,0,0,0,0,0
140200,2017,140000,20.8269359471426,36.942167565308,79.8016382937434,3.03624714638005,3.60935365104928,4.37954403424181,0,5.24934655151826,0.5,1.10776424587693,0.0214679444301807,3.46573590279973,1,5.61524210108593,2,0.430042788170386,8.20289681829238,1.54011894105637,2.75986996118717,0,1,0,0,0,0,0
140200,2018,140000,19.3601913327023,34.5987731571103,85.2037168028575,2.96321896468711,3.54381822354805,4.44504505733044,0,5.33109197002365,0.556603773584906,1.15338303870999,0.0292900593691074,3.93182563272433,1,5.69641058942972,2,0.457759143937613,7.72771909109387,1.57096075440825,2.80081241090161,0,1,0,0,0,0,0
140200,2019,140000,18.0471749656942,31.1639586863936,68.4851534204937,2.89298916093378,3.43926225678405,4.22661698339007,0,5.48087009462731,0.50314465408805,1.16954741450317,0.0295431710240517,4.18965474202643,1,5.78352936108842,2,0.454248447637051,7.90403923654557,1.51243806038344,2.65863827529704,0,1,0,0,0,0,0
140200,2020,140000,17.3369904670136,29.8290859413444,63.7235526639658,2.85284239613993,3.39548395579584,4.15455423778716,0,5.65229179142581,0.531545741324921,1.19462828787512,0.0295431710240517,3.66356164612965,1,5.87782016646094,2,0.451267770091117,7.61000493038359,1.48963444916466,2.70067347946054,0,1,0,0,0,0,0
140300,2011,140000,32.7643763599185,57.9863774562183,112.217610373541,3.48934183858282,4.06020811151529,4.72043993597332,0,3.70589319014486,0.530441400304414,1.25793785702531,0.040798707362729,2.39789527279837,0,5.28701905890793,1,0.555396590215057,9.67948823599571,1.83296484293247,2.57126990472202,0,0,0,0,0,0,0
140300,2012,140000,32.9991262663956,57.7259870779712,110.919135370988,3.49648108434007,4.05570745475605,4.70880142564857,0,3.84961029113858,0.531415594246783,1.33236103348939,0.0255344827939501,3.13549421592915,0,5.32151810229238,1,0.591068231347782,9.44446882091017,1.77030904975014,2.65344338095393,0,0,0,0,0,0,0
140300,2013,140000,34.5066903301641,60.3049826713152,118.033145457761,3.54115322785021,4.09941473168445,4.77096547873225,0,4.06421941257854,0.532780708364733,1.32523581442523,0.0216088689694379,2.19722457733622,0,5.67328545147075,1,0.577189767093801,10.3678406882925,1.73536215937043,2.92239425509518,0,1,0,0,0,0,0
140300,2014,140000,34.5291385472231,60.3422335903546,119.698171937499,3.54180356313886,4.10003224979017,4.78497334041305,0,4.17523229267634,0.532282282282282,1.32069158065416,0.0194949031319782,2.39789527279837,1,5.72651198825492,1,0.596388059765545,11.0406111546138,1.43815832322298,2.65070581398828,0,1,0,0,0,0,0
140300,2015,140000,28.7924160354261,49.7459340780039,96.9431491772691,3.36011202036065,3.90692873318946,4.57412471572895,0,4.25470473295958,0.529812348668281,1.30123366718999,0.021419308821051,2.19722457733622,1,5.87583410511056,1,0.601970149509942,10.5606410070266,1.73617428859214,2.95216134971343,0,1,0,0,0,0,0
140300,2016,140000,29.4988617945513,50.7440024116456,98.3159429558705,3.38435167936587,3.92679343185732,4.58818620073544,0,4.35717664342655,0.526315789473684,1.31895994618736,0.0140930296180652,2.70805020110221,1,5.77945701865124,1,0.594194030583794,10.2919297309167,2.20597184828909,2.97359011411865,0,1,1,0,1,1,1
140300,2017,140000,30.1656572524975,52.3710052549184,101.525032058971,3.40670410023475,3.95835310335098,4.62030538934647,0,4.42905491902648,0.53030303030303,1.35681501562816,0.0122922971745661,3.29583686600433,1,4.92661197623903,1,0.596477613520266,10.8798242113983,1.96400297832093,2.95734635958309,0,1,1,1,1,0,0
140300,2018,140000,27.4889390009989,47.3980080851603,97.3637063087318,3.31378370561562,3.85858020429819,4.57845351603946,0,4.46388945105433,0.53030303030303,1.3897715579636,0.0096846016658688,3.61091791264422,1,4.75814196241602,1,0.613895523014353,10.5852399831235,1.70416268360634,3.04621129859939,0,1,1,1,1,0,0
140300,2019,140000,25.4198865126476,43.0857470242073,80.2759470030173,3.23553180126069,3.76319224692386,4.38547003689157,0,4.4889403319577,0.522727272727273,1.36508330340857,0.0143048728828683,3.25809653802148,1,4.81946068620306,1,0.58266311083267,11.0215972050476,1.55036115697904,2.98044804576635,0,1,1,1,1,0,0
140300,2020,140000,23.21293247226,39.1417860494198,71.0330840595954,3.1447095575127,3.66719059325741,4.26314574118012,0,4.59226042185683,0.524714828897338,1.38778537355032,0.0201833492293245,3.49650756146648,1,4.91020637604949,1,0.586130063925216,10.6145836960561,1.96442244457844,2.9883790521747,0,1,1,1,1,0,0
140400,2011,140000,36.9286689198053,63.993463027304,117.48843210099,3.60898818488441,4.15878093794463,4.76633987853333,0,2.99536315990234,0.218665868979958,1.18902973885393,0.0412958172497521,2.63905732961526,0,5.94082677112485,2,0.552120490507646,10.923352677798,1.82366282967154,2.05872929286453,0,0,0,0,0,0,0
140400,2012,140000,36.8956396821475,62.9784308345284,115.172681105195,3.60809337826889,4.14279230006443,4.74643257695483,0,3.12611957808696,0.210354061291282,1.22973157132173,0.0545851700382393,3.52636052461616,0,6.27440702571156,2,0.593598123602193,10.8467121839211,1.55605253297354,2.0227230651596,0,0,0,0,0,0,0
140400,2013,140000,38.6794602825629,66.1173694074601,123.833314645561,3.65530871708968,4.19143148703524,4.81893642457901,0,3.308729122565,0.209686946249262,1.21212375854853,0.0489897238531877,3.73766961828337,0,6.47903396123025,2,0.569256854930309,12.0390535735177,1.92772226295517,2.16779119182395,0,1,0,0,0,0,0
140400,2014,140000,36.8348752775227,62.6737587567778,114.639002200522,3.60644509415165,4.13794283940912,4.74178807971827,0,3.36633869923796,0.218160377358491,1.2023353757647,0.0315197125863177,3.85014760171006,1,6.60516839626889,2,0.582769121636044,12.2876166388161,1.7231711859185,2.13954838457984,0,1,0,0,0,0,0
140400,2015,140000,32.0577170640729,53.8967316996802,98.4588929403788,3.46753793641369,3.98706983970692,4.58963913051688,0,3.44351634381179,0.218108950571471,1.13302710400672,0.00819657091462971,3.71357206670431,1,6.75123153089907,3,0.59066089370636,12.0218570083415,1.48247956626813,2.44060509699814,0,1,0,0,0,0,0
140400,2016,140000,32.9949829768058,55.7122753234794,97.9773876831634,3.49635551890271,4.02020050547979,4.58473671411958,0,3.52010804097563,0.218289085545723,1.16074568652701,0.00404324283156498,3.29583686600433,1,6.78659753441314,3,0.599678932566835,11.8535963867933,2.31342852587914,2.3806260124604,0,1,1,0,1,1,1
140400,2017,140000,32.8292078787643,55.6683399802341,101.737937803332,3.49131860325301,4.01941158282203,4.62240026990801,0,3.62077509380954,0.218934911242604,1.22992324713867,0.00356327744863866,3.2188758248682,1,5.84267479530512,3,0.612531022592024,12.3515514954485,1.75219888749221,2.37855065435792,0,1,1,1,1,1,0
140400,2018,140000,29.2065385684944,49.4866619082426,96.84708148646,3.37439260778567,3.90170317686561,4.57313325503096,0,3.67224832013385,0.221238938053097,1.28985001107353,0.00451440607098156,3.68887945411394,1,5.90949196014095,3,0.597559884491593,12.2551875889407,1.59496253603018,2.48166092933161,0,1,1,1,1,0,0
140400,2019,140000,27.1209555433519,45.3872217137083,82.6842229807418,3.3003066963509,3.81523060537951,4.41502880971558,0,3.71551184373568,0.461764705882353,1.27600195253352,0.00747242937141042,3.66356164612965,1,5.99050694492661,3,0.55117748752989,12.5784841225122,1.41303782289356,2.38384508565111,0,1,1,1,1,0,0
140400,2020,140000,24.5849336909807,40.9891015833915,74.4630466772023,3.20213380372708,3.71330621633,4.31030298457234,0,3.82959773615677,0.46980854197349,1.30464965969734,0.00518323401389299,4.55387689160054,1,6.06569533254789,3,0.603105339739058,12.1546690982101,1.64888582322828,2.29473041188314,0,1,1,1,1,0,0
140500,2011,140000,39.6571744765616,68.3692084217005,122.975174183244,3.68027187689666,4.22492255399851,4.81198249909222,0,3.60634034810155,0.162758620689655,1.27483762636545,0.0819557887564281,2.70805020110221,0,5.7552774091885,1,0.598450794043364,12.5444883808754,2.2435442249628,1.95563834169301,0,0,0,0,0,0,0
140500,2012,140000,40.1159937473206,68.3149144240247,121.615850868214,3.69177510136097,4.22412810912224,4.80086731357157,0,3.68644959945852,0.165902841429881,1.34598098615846,0.0769691798227841,2.63905732961526,0,5.99398149717243,1,0.633845502138138,12.5893946898733,1.15443809349094,1.99706008920115,0,0,0,0,0,0,0
140500,2013,140000,42.5007104168428,72.1340444459479,131.389100416592,3.74952079148108,4.27852611656359,4.87816315296458,0,3.82491569748522,0.16780665754674,1.34025547180186,0.0551510317164313,2.83321334405622,0,6.21867113375142,2,0.600250793386389,13.6560760282488,1.95401443929582,2.1223315460869,0,0,0,0,0,0,0
140500,2014,140000,40.1656595128292,68.0661948777936,120.718432299237,3.69301238957884,4.22048068576214,4.79346082811978,0,3.87144061225565,0.169940612151667,1.33682178019277,0.0651732157505489,3.25809653802148,0,6.35996949151172,2,0.621728042761485,13.8444416670608,1.80467459463975,2.14990226636911,0,0,0,0,0,0,0
140500,2015,140000,33.3830408608117,55.70809498871,101.36988734993,3.50804801237124,4.02012546830733,4.61877607811747,0,3.95139694688371,0.172028800583303,1.3381676540463,0.0536379532056205,3.25809653802148,1,6.52543272426053,2,0.636762962738673,13.3639946616749,1.66302863799649,2.22125151111261,0,0,0,0,0,0,0
140500,2016,140000,34.0976659978208,57.4137825436715,100.209905894122,3.52922893613524,4.05028438850401,4.6072670449831,0,4.03067471352723,0.172727272727273,1.33240817120263,0.0379290050873751,2.83321334405622,1,6.51164863679558,2,0.649278308064849,13.4486974725579,2.65011989380414,2.24860046873703,0,0,0,0,0,0,0
140500,2017,140000,33.8039500685639,57.2648675709267,104.647486881208,3.52057766159453,4.04768730428133,4.65059743409059,0,4.08627905907661,0.176470588235294,1.39843350091122,0.0390180476982855,3.36729582998647,1,5.48777991007174,2,0.64920423494445,13.8701252975826,1.69513588914711,2.30637103035245,0,0,0,0,0,0,0
140500,2018,140000,30.6115607387499,51.4946834800005,101.258306598046,3.42137773952909,3.94147856894271,4.61767474309604,0,4.1497299442781,0.180995475113122,1.4625324874498,0.0384735263928303,3.36729582998647,1,5.54884179404595,2,0.63832804163297,13.7384934060452,1.97652922541002,2.40936222748511,0,0,0,0,0,0,0
140500,2019,140000,29.2110155551483,48.4057294540929,88.3188846144399,3.37454588317454,3.87961818386724,4.48095395353645,0,4.18176599898444,0.18018018018018,1.45104690124308,0.0384735263928303,2.94443897916644,1,5.63467716290734,2,0.621601057494128,13.9214022017544,1.72115935167226,2.31787008145358,0,0,0,0,0,0,0
140500,2020,140000,25.5567215479389,42.3311228467202,79.5676555294171,3.24090035633506,3.74552258020796,4.37660767270272,0,4.27695666273002,0.184684684684685,1.48657928571689,0.0384735263928304,3.13549421592915,1,5.7299195201491,2,0.648446561009796,13.7651582897949,1.59925804381122,2.24465947992458,0,0,0,0,0,0,0
140600,2011,140000,25.1703463471445,44.8215216194508,96.624401038615,3.22566656936819,3.80268841736034,4.57083130806421,0,3.55122141561613,0.413673232908459,1.41205950336922,0.0105338670032225,2.30258509299405,0,5.69487654293721,1,0.369577718793221,7.26050716182237,1.21797739995699,2.66923164766997,0,0,0,0,0,0,0
140600,2012,140000,25.2407703601426,44.5599764700953,96.2977904843443,3.22846055860751,3.79683606756896,4.56744537445305,0,3.68300750366936,0.413256484149856,1.5160176869357,0.016099861538104,2.484906649788,0,5.86055174228971,1,0.383441148876394,6.78018482254354,1.76755908170692,2.76046232852992,0,0,0,0,0,0,0
140600,2013,140000,24.2773609864248,43.5216343224043,99.6290225809014,3.18954426944484,3.77325815520665,4.60145351351884,0,3.90837246848646,0.41341743119266,1.51008151697918,0.00706136948519458,3.13549421592915,0,6.14050353666591,1,0.415017968828573,7.85440642027634,1.58744832058524,2.97511450359386,0,0,0,0,0,0,0
140600,2014,140000,24.44435136779,42.9988735423565,95.4723330800147,3.19639916132757,3.76117391866104,4.55883649954537,0,4.02022509568527,0.413340935005701,1.48011396931895,0.00567254829884469,3.43398720448515,0,6.18130932583848,1,0.385347708122535,8.36653237505041,1.42202133911543,2.83662447112985,0,0,0,0,0,0,0
140600,2015,140000,24.2149661361918,42.4340768895289,87.7546967539735,3.18697087739011,3.74795173966857,4.47454538517541,0,4.1491151584147,0.413410934307473,1.46087605860141,0.00405384844604874,0,1,6.32053345813333,1,0.375433963799627,7.96821219961952,1.44005482410121,3.01277023909295,0,0,0,0,0,0,0
140600,2016,140000,22.3065034657457,38.7019516658691,78.9999581583969,3.10487827118402,3.65589002940677,4.36944732282634,0,4.29011433287813,0.411042944785276,1.45739053847737,0.0101162084575115,2.07944154167984,1,5.92164631817445,1,0.415075471753594,7.5080572133939,1.98304464127366,2.98320191253349,0,0,0,0,0,0,0
140600,2017,140000,21.4863005603143,38.348036811946,84.2577835370116,3.06741554880491,3.64670333515864,4.43388095116111,0,4.42957234766632,0.414634146341463,1.48027787461173,0.0101162084575115,2.63905732961526,1,4.78945573689281,1,0.417769990627121,8.21364669183399,1.77873858158717,2.94617869763981,0,0,0,0,0,0,0
140600,2018,140000,19.7688723102486,35.5399209403481,90.1741972823801,2.98410859510288,3.57065659819809,4.50174332497432,0,4.5151575171037,0.417177914110429,1.51402093679627,0.0101162084575115,2.77258872223978,1,4.90198054124324,1,0.441523810227712,7.77722488121501,1.88124570929619,3.02215714581463,0,0,0,0,0,0,0
140600,2019,140000,18.3831530263953,31.8677192700555,72.7887034947487,2.91143464880897,3.46159356233082,4.28756077138682,0,4.67123803981764,0.414634146341463,1.49665757431254,0.0101162084575115,2.30258509299405,1,4.97581198714925,1,0.433415093511905,7.89612813894487,1.63490188056046,2.88627016797446,0,0,0,0,0,0,0
140600,2020,140000,18.0623084869327,31.0693753754433,67.5925617199824,2.89382736301687,3.43622261941926,4.21349794326669,0,4.86971738942116,0.417177914110429,1.52499119969492,0.0101162084575115,2.77258872223978,1,5.07170383493377,1,0.425287510988847,6.66892503115814,1.60765842079857,3.16293843673432,0,0,0,0,0,0,0
140700,2011,140000,33.7514660976017,59.450441173539,112.489610085121,3.51902385630399,4.08514304402665,4.72286086258058,0,4.22791844902229,0.184967522424992,1.00255816130334,0.016923058775527,2.56494935746154,0,5.89585292105374,3,0.537199758372064,10.5263303055896,1.71503152064303,2.16770247060484,0,0,0,0,0,0,0
140700,2012,140000,33.5791827317629,58.1931369176498,110.357502739776,3.51390631340691,4.06376742540685,4.70372512078367,0,4.33670940292293,0.185230769230769,1.05032648995318,0.031649973870009,2.63905732961526,0,6.12159999081403,4,0.577944309655893,10.372567116156,1.63144774795372,2.16030593022336,0,0,0,0,0,0,0
140700,2013,140000,34.5935421250727,60.4933744802642,117.745066715679,3.54366702085953,4.10253384631693,4.76852183576135,0,4.54121903979556,0.183963691376702,1.04859243820287,0.026914017464183,2.89037175789616,0,6.34017676480909,4,0.566443704447504,11.5759842951379,1.8868787701902,2.29725756223422,0,0,0,0,0,0,0
140700,2014,140000,34.2245662043334,59.0343904051104,113.057427558775,3.53294369627559,4.07812016231457,4.72789589810288,0,4.63589963066441,0.18517397881997,1.05394442302357,0.0212173552617014,2.63905732961526,0,6.4862698588901,4,0.578660412486327,11.8830431925233,1.59150248391438,2.11883121035538,0,0,0,0,0,0,0
140700,2015,140000,29.4916188664963,50.6303297569622,95.3954023806668,3.38410611675949,3.92455079903511,4.55803038421815,0,4.74966683559922,0.185736819753686,1.05863291783107,0.0122928721634591,2.89037175789616,1,6.65743597512854,4,0.571215496856277,11.650151422803,1.4546006250886,2.55339191721536,0,0,0,0,0,0,0
140700,2016,140000,29.9537365854174,51.22885852218,94.4941280212967,3.39965407756136,3.93630301626973,4.54853769522832,0,4.88795827990226,0.186746987951807,1.07243529312736,0.0128309615797836,3.09104245335832,1,6.69062946071737,4,0.576092010332366,11.3480115062482,2.10616548386012,2.48381675073847,0,0,0,0,0,0,0
140700,2017,140000,30.443611470387,52.5069922304906,100.988358818457,3.41587616821581,3.96094634607188,4.61500525097521,0,4.98165021162524,0.234939759036145,1.14604787816589,0.014348631828992,3.80666248977032,1,5.88574863220504,4,0.573672518639241,11.9077833404666,1.77417853036139,2.45654737208696,0,0,0,0,0,0,0
140700,2018,140000,27.4306769832845,47.4164048644322,98.0217867723983,3.31166198504177,3.85896826301059,4.58518976796654,0,5.07371634830835,0.188622754491018,1.20900514606857,0.0240656863629421,4.34380542185368,1,5.94293364071274,4,0.589056292832908,11.780208748304,1.39699376428062,2.56139646829403,0,0,0,0,0,0,0
140700,2019,140000,25.1813141021383,42.8950251041463,80.8098485971402,3.226102215584,3.7587558542712,4.39209884667771,0,5.13181655078025,0.191044776119403,1.20392632052084,0.0240656863629421,4.29045944114839,1,6.00341533055102,4,0.54987288215908,12.1567770562096,1.31849570247145,2.47751313230479,0,0,0,0,0,0,0
140700,2020,140000,23.0382012684551,39.0708765740523,72.4315758538092,3.13715376283455,3.66537734480333,4.28264233489185,0,5.25698079864655,0.192537313432836,1.20478928993277,0.0240656863629421,4.04305126783455,1,6.08828216343778,4,0.566356536821794,11.6679734319069,1.78932895520692,2.37931315412644,0,0,0,0,0,0,0
140800,2011,140000,43.361479731231,75.1013064714687,132.052146368508,3.76957148319187,4.31883795504312,4.88319689282163,0,9.31032765071402,0.132378556222179,0.80333817929817,0.0797281753412845,2.99573227355399,0,6.03098869184488,4,0.539368755197877,12.7948751465623,2.29571492463407,2.20312765113934,0,0,0,0,0,0,0
140800,2012,140000,44.4399372370279,76.6677775481437,133.26924937698,3.79413855246233,4.33948150990851,4.89237151322776,0,9.44322753349856,0.132242540904716,0.81513581681989,0.062851625896439,3.04452243772342,0,6.22703374604289,4,0.571619984698413,12.8230734811648,1.15660983484607,2.28286445601791,0,0,0,0,0,0,0
140800,2013,140000,48.3407174526373,83.6940980563711,148.155578514773,3.87827421696572,4.42716846194321,4.9982629278147,0,9.67284804822246,0.132274119448698,0.836361598613284,0.0948654172899341,3.25809653802148,0,6.40459965170095,4,0.544255452203046,14.2084177810358,1.49109849205264,2.50703551870989,0,0,0,0,0,0,0
140800,2014,140000,43.9538570062434,75.083230152221,130.414854387219,3.78314037923949,4.31859723359814,4.87072055701726,0,9.80303891782265,0.132330540746382,0.857509001977632,0.076587562286686,3.46573590279973,0,6.57010488713913,4,0.569599010787978,13.9974602645628,2.11972034653386,2.45102440524714,0,0,0,0,0,0,0
140800,2015,140000,36.9366644302438,62.3413391661136,110.105297382831,3.60920467373262,4.13262475575931,4.70143715685666,0,9.98537829122158,0.133614268914151,0.860784961341578,0.063453835700051,3.17805383034795,1,6.70084002699705,4,0.578710766408244,13.4570130697876,1.71277938412308,2.50624541840955,0,0,0,0,0,0,0
140800,2016,140000,37.3760761527539,63.6305818113266,112.073860526143,3.62103082468105,4.15309420086668,4.7191581229244,0,10.1700342506613,0.131826741996234,0.852964131497064,0.0659387787267245,3.52636052461616,1,6.76611745473466,4,0.582083040563931,13.6575052765779,1.98755698319047,2.54561238432281,0,0,0,0,0,0,0
140800,2017,140000,37.5384803585753,64.5577930681437,114.997156834986,3.62536654974697,4.16756083917888,4.74490740488359,0,10.2651345382661,0.134502923976608,0.914043233131811,0.0664483226072417,4.15888308335967,1,5.84576347531893,4,0.575955665023456,13.8275554945125,1.81904216879147,2.50957487798933,0,0,1,0,1,1,1
140800,2018,140000,33.3537119085976,56.4384251219011,109.684949412231,3.50716906777519,4.03315022301453,4.697612160168,0,10.3737988802028,0.1364522417154,0.953852416334976,0.0512744770191533,4.29045944114839,1,5.67325099842396,4,0.575090781661677,13.7437450705281,1.59411407472411,2.626460680719,0,0,1,1,1,0,0
140800,2019,140000,32.7857701349578,55.0701588624948,96.0610524089119,3.4899945839066,4.00860798800774,4.56498395192216,0,10.3829006581446,0.138132295719844,0.96619650571174,0.0472934866322715,4.36944785246702,1,5.72901843692626,4,0.568206193411879,13.7511971395328,1.8699779072457,2.44017356287374,0,0,1,1,1,0,0
140800,2020,140000,28.7193679349952,47.8848243647004,83.1576760377722,3.35757173610342,3.86879863511054,4.42073851692559,0,10.5232566566562,0.139240506329114,0.995309837646198,0.0365186589076694,4.58496747867057,1,5.82875243094941,4,0.600332863812376,13.4708647793393,1.51322291487048,2.36237459722878,0,0,1,1,1,0,0
140900,2011,140000,26.011046860445,47.0324539545348,96.3786768372309,3.25852132703374,3.8508378730889,4.56828498251482,0,1.86874639919828,0.172202515317639,0.75161997761591,0.0223225583945269,1.38629436111989,0,5.76168781430026,1,0.460796408594292,7.83665997169954,1.45741189558046,2.52886457499179,0,0,0,0,0,0,0
140900,2012,140000,26.4932912128875,47.424446951724,97.1414015419917,3.27689153916349,3.85913785421853,4.57616766487602,0,1.91981166466761,0.178064516129032,0.800386970477742,0.0221612380160165,1.79175946922805,0,5.99149273201465,1,0.47695874785357,7.52155303037914,1.7779071218113,2.62211406220425,0,0,0,0,0,0,0
140900,2013,140000,25.6001495761949,46.4010636406555,100.22546210879,3.24259819428856,3.83732238225946,4.60742226923174,0,2.02009443928995,0.177906229929351,0.815392491247727,0.0186904572257068,2.89037175789616,0,6.19140280007536,1,0.490392283162969,8.8465949919886,1.56538590589243,2.88649678133112,0,0,0,0,0,0,0
140900,2014,140000,26.1777322122143,46.6509181876438,97.8337413320935,3.2649091338197,3.84269260957862,4.58326952093642,0,2.0832576837356,0.17824,0.829172033535054,0.0187823061791459,2.19722457733622,0,6.35032094670557,1,0.486003055132647,9.12446058711492,1.51235611936587,2.68976363792741,0,0,0,0,0,0,0
140900,2015,140000,24.612602019209,44.0746669661165,87.2288595700217,3.20325858897276,3.78588517218316,4.4685352345321,0,2.1514924295601,0.176595328200444,0.840872401189804,0.0178267631069005,1.94591014905531,1,6.49853862919284,1,0.472570282412085,8.90345680555296,1.58231731592084,3.03613210878104,0,0,0,0,0,0,0
140900,2016,140000,22.9595886568919,40.5649369793855,79.283368430824,3.13373565565028,3.70290407227465,4.37302837689443,0,2.20040972298666,0.178571428571429,0.858716319496536,0.0169281461597651,2.56494935746154,1,6.52656675317591,2,0.498734530121247,8.43767433912453,2.32937351047508,3.02368733512395,0,0,0,0,0,0,0
140900,2017,140000,22.7559562354334,41.2010599052272,85.7178317485626,3.12482692367656,3.71846398187961,4.451060875705,0,2.23835127241432,0.178571428571429,0.937509300426495,0.0163278782416401,2.83321334405622,1,5.53135507296887,2,0.497958746106229,9.04530303130174,2.09914808725691,2.97111174706191,0,0,0,0,0,0,0
140900,2018,140000,20.6459427985283,37.4357619317944,88.46220412944,3.02751882545583,3.62262644893604,4.48257538880894,0,2.26063514210926,0.178571428571429,1.00846339989519,0.0174834996032741,3.25809653802148,1,5.58858201306526,2,0.520540107619316,8.66463431042744,1.96660149585163,3.08101854276418,0,0,0,0,0,0,0
140900,2019,140000,18.6708476833113,33.1518652587248,70.5427217313512,2.92696336002112,3.50109898228045,4.25621850829025,0,2.28173959287888,0.179153094462541,1.0106211972691,0.019616949991027,3.04452243772342,1,5.6651214360885,2,0.509663865767061,8.96542902642693,1.65391942887588,2.95057820233421,0,0,0,0,0,0,0
140900,2020,140000,18.0966886641099,32.0384878778986,64.7674174048074,2.89572897480073,3.46693792626431,4.17080265907591,0,2.33165760539359,0.179738562091503,1.03028962977312,0.0196169499910271,2.89037175789616,1,5.75904233005353,2,0.500206645239483,7.82988039825081,1.85268429970539,3.24147301225248,0,0,0,0,0,0,0
141000,2011,140000,36.849228189391,64.2240766443609,119.259533053464,3.60683467375904,4.16237816600449,4.7813020683214,0,5.01872188762007,0.191092933424222,0.962155649419637,0.045271173887803,2.56494935746154,0,5.94156467521434,2,0.528005632982459,11.6248735900556,1.97675935575562,1.98658441980538,0,0,0,0,0,0,0
141000,2012,140000,37.1891899179145,64.0852725428843,118.478686338406,3.61601812544415,4.16021458000702,4.7747330822749,0,5.08185922334425,0.189557855126999,1.01461485856273,0.0426760147992157,2.99573227355399,0,6.22170418352916,2,0.583246799139139,11.5447715092209,1.30115761359833,1.99213211266552,0,0,0,0,0,0,0
141000,2013,140000,38.3040906684874,66.1482192361783,125.827832718462,3.64555669644898,4.1918979701106,4.83491456556984,0,5.14058812188734,0.188670411985019,0.99951824945003,0.0362986373893948,3.25809653802148,0,6.4313964867092,2,0.567853047108565,12.9044888582932,1.91342509180087,2.20920157045577,0,1,0,0,0,0,0
141000,2014,140000,37.0222729106981,63.4632777779965,116.413921707835,3.61151970209203,4.15046143590842,4.75715213044654,0,5.18061442526686,0.187878787878788,0.984911062017661,0.0202288111512905,3.2188758248682,1,6.59206156157994,2,0.593502816867657,12.8094804465479,1.84391935844602,2.04443089806176,0,1,0,0,0,0,0
141000,2015,140000,32.0208567852215,54.2823638844843,100.109779067771,3.46638746502512,3.9941993838431,4.60626737453425,0,5.23161303607694,0.187951415499663,0.95536126623172,0.0161754693907757,3.76120011569356,1,6.72288364132784,2,0.559394264840738,12.6709108815457,1.51921269169133,2.39562551650017,0,1,0,0,0,0,0
141000,2016,140000,32.6997087521069,55.6890513540757,99.407540418383,3.48736617120015,4.01978356305311,4.59922797012522,0,5.29278564577373,0.186635944700461,0.964857035679163,0.0102888901674316,3.68887945411394,1,6.70392164332444,2,0.582321043616982,12.4829359912441,2.1199827559977,2.35274875314716,0,1,0,0,0,0,0
141000,2017,140000,33.1657216794459,57.3019717452116,105.950592315826,3.50151686301352,4.04833503403985,4.66297287522087,0,5.31677925256411,0.189376443418014,0.998517432930334,0.0126164902050306,3.8286413964891,1,5.78356166899501,2,0.587336404883306,12.9229954076687,1.7700451469718,2.34534177461179,0,1,1,0,1,1,1
141000,2018,140000,29.3748820857092,50.4745140342108,103.659107010629,3.38013995835275,3.92146853630136,4.64110769812508,0,5.34962521409637,0.189376443418014,1.0308149233521,0.0137405651956445,3.87120101090789,1,5.38937997778585,2,0.591040449864548,12.7692106464106,1.56288471042629,2.41942043589067,0,1,1,1,1,0,0
141000,2019,140000,27.9849514030375,47.2749923930508,86.9093724734136,3.33166691580572,3.85598145363601,4.46486588000463,0,5.36399033283834,0.190255220417633,1.03133098850235,0.0400379247106285,2.89037175789616,1,5.51131940737443,2,0.548258065643276,12.9638807538699,1.67799279927657,2.28307196352036,0,1,1,1,1,0,0
141000,2020,140000,24.76447299564,41.5651287296916,76.1921708638686,3.20941008560542,3.7272615640477,4.33325871284536,0,5.40379931889202,0.190697674418605,1.05241169380104,0.0400379247106285,3.63758615972639,1,5.60022889512002,2,0.609076291429526,12.5876331085895,1.72658453448499,2.23766258581414,0,1,1,1,1,0,0
141100,2011,140000,30.3889465192685,54.304411602232,108.355763136313,3.41407894095333,3.99460546861634,4.6854199165661,0,2.87850601987223,0.0724563206577595,1.03682328153945,0.053258640634434,2.30258509299405,0,5.73272479837933,3,0.484301135085878,10.1132308198667,1.66270389233884,2.02366493141577,0,0,0,0,0,0,0
141100,2012,140000,30.9563618682645,54.5853749294436,108.770217578262,3.43257853110163,3.99976598843528,4.68923756145553,0,2.98556155731735,0.0723901447802896,1.06935562675975,0.0296830742375538,2.63905732961526,0,6.04666300907033,3,0.512288890376924,9.91293712734972,1.5810985784964,2.02307041938502,0,0,0,0,0,0,0
141100,2013,140000,29.7022239068454,53.0602046736194,112.060683600577,3.39122192202372,3.97142720610169,4.71904054242709,0,3.11243872395046,0.0715917745620716,1.05405779799359,0.0377438521288252,2.83321334405622,0,6.2598425010394,3,0.520795464231854,11.3999020412443,1.86875502021685,2.16568502672744,0,0,0,0,0,0,0
141100,2014,140000,30.4567948007913,53.5667622164972,108.891301860076,3.41630911542971,3.98092876782916,4.69035015402234,0,3.19625261324799,0.0708983875095982,0.982879598633315,0.0313138556942685,2.89037175789616,0,6.40233853234577,3,0.523466213733431,11.4102777287791,1.73283237935394,1.82124678313686,0,0,0,0,0,0,0
141100,2015,140000,26.9441893010742,47.3137832849432,93.2312602529729,3.293767663758,3.85680165442176,4.53508307589366,0,3.27587133607576,0.0723650252916279,0.901488090675359,0.0264195537504342,2.77258872223978,1,6.5394624378809,3,0.49244852576937,11.5466493029468,1.33583579338506,2.44813215928479,0,0,1,0,1,1,1
141100,2016,140000,26.1542961819263,45.4420970288284,86.8970474668449,3.26401346695664,3.81643892275008,4.46472405547832,0,3.35150784504648,0.0716112531969309,0.911910666621566,0.0193678348969109,2.30258509299405,1,6.48351774616399,4,0.534931519674876,10.9747473487464,2.22425594366587,2.34877742416673,0,0,1,1,1,1,0
141100,2017,140000,26.6807653173108,47.3031713015779,96.6048768479271,3.28394290569264,3.85657733979536,4.57062922491234,0,3.40690107865609,0.0714285714285714,1.00400891780028,0.0141619997955803,2.94443897916644,1,5.4784892780786,4,0.533531973097059,11.5000457529306,2.04225913207413,2.29583797444241,0,0,1,1,1,0,0
141100,2018,140000,24.1312771880923,43.1046370286625,97.0615989558772,3.18350880770545,3.76363057899455,4.57534581773255,0,3.45785212076526,0.0736040609137056,1.08340022284711,0.0455012463816296,2.99573227355399,1,5.54190204981866,4,0.557646710815884,11.2375933255223,1.56966112290108,2.33845580364077,0,0,1,1,1,0,0
141100,2019,140000,22.120254743526,38.3378440338399,78.2151776747628,3.09649369302209,3.64643750322051,4.35946371663121,0,3.48763993222655,0.0736040609137056,1.11659937326397,0.0455012463816296,3.17805383034795,1,5.63536531393012,4,0.531665306337296,11.5985239642673,1.60968203751703,2.24547181544018,0,0,1,1,1,0,0
141100,2020,140000,20.5572411553903,35.6011281926825,71.2185284260109,3.02321324653424,3.57237732816153,4.26575301526619,0,3.55428558189003,0.0737913486005089,1.12649563211272,0.0455012463816296,3.13549421592915,1,5.72342674029594,4,0.53938457994234,11.141360477319,1.70514394780856,2.21253790521728,0,0,1,1,1,0,0
150100,2011,150000,21.5951184329335,42.1057407700585,100.802671670265,3.07246729067331,3.74018409172604,4.61316485995135,0,2.26170152750201,0.527335342229875,1.92750800310307,0.0600827401697061,3.52636052461616,0,6.47140491100464,11,0.30469465642485,7.20049426068827,0.741032623507273,2.48488159964039,0,0,0,0,0,0,0
150100,2012,150000,22.6913130777017,42.9507069304344,99.3160863895762,3.12198216744354,3.76005310767629,4.59830755581182,0,2.4008468824162,0.529743812418584,2.02570842573734,0.0433800926317271,3.25809653802148,0,6.68063543190392,11,0.364756815988599,6.47826787457861,1.73107105415054,2.45757204676369,1,0,0,0,0,0,0
150100,2013,150000,21.9965094647825,43.0731873463727,108.614151826414,3.09088378007867,3.76290070019071,4.68780171048714,0,2.59641752849993,0.532478632478632,2.07212165771391,0.0365419421622473,4.34380542185368,1,6.80444869407631,12,0.381052889953588,7.58352770802164,1.5337738529255,2.86296359274647,1,0,0,0,0,0,0
150100,2014,150000,20.8895809342024,40.1279600385675,100.584955943404,3.03925051477379,3.69207334916086,4.6110027031768,0,2.67807385393594,0.537200504413619,2.1060980691927,0.0465950409889345,4.26267987704132,1,6.937359472336,12,0.370171756291662,8.37108687560201,1.32115026938158,2.76575823939584,1,0,0,0,0,0,0
150100,2015,150000,20.7398234387043,39.6783997468057,89.7009022519617,3.03205568968435,3.68080695264189,4.49648082756446,0,2.83125217037986,0.545309749350323,2.16151303443435,0.0417665219669463,4.55387689160054,1,6.86712664609744,12,0.345442747910514,7.8740988374596,1.16272288956531,2.98953217132849,1,0,0,0,0,0,0
150100,2016,150000,18.1531368246568,34.6272617480982,79.2564850272335,2.89884337358264,3.54464128361888,4.37268923940614,0,2.98806186932567,0.547717842323652,2.16368695564579,0.0402405676903135,4.54329478227,1,6.98630189680558,12,0.389030534575004,7.15395714110708,1.83118294719909,2.93656684028406,1,0,0,0,0,0,0
150100,2017,150000,17.8332039611408,35.3914092611363,83.6832930921634,2.88106211069207,3.56646911445,4.42703935293812,0,3.13548656674059,0.555555555555556,2.08164396209746,0.0355700771955407,4.71849887129509,1,6.72940893919774,12,0.368154852672388,8.14513371981788,1.25444932488903,2.92255260436732,1,0,0,0,0,0,0
150100,2018,150000,16.7723608071859,33.0922779508572,91.7336794938548,2.81973234154946,3.49929996062958,4.51888959093615,0,3.22368776482433,0.560975609756098,2.00147814714897,0.0404073543699601,5.41610040220442,1,6.38712215929986,12,0.387666303579134,7.66527606718262,1.89520137622213,3.00736022718296,1,0,0,0,0,0,0
150100,2019,150000,15.9764699491683,30.2230991805111,67.9005342186788,2.77111701162781,3.408606505541,4.21804390226093,0,3.25578855733033,0.566265060240964,1.94600712634424,0.044658959105927,5.54907608489522,1,6.42503256701953,12,0.392914394897814,7.60378991244566,1.63992379339069,2.87338737366842,1,0,0,0,0,0,0
150100,2020,150000,16.5345630119686,31.0898422547591,67.1330396555341,2.80545291802094,3.43688115023209,4.20667631706161,0,3.36860769912828,0.575396825396825,1.93460711099506,0.0524024704823943,5.58724865840025,1,6.33128802791611,12,0.387826606972527,7.0822526603467,1.06242582167637,2.8978262629018,1,0,0,0,0,0,0
150200,2011,150000,17.363696101554,38.4371065479389,101.113303093528,2.85438159564597,3.64902330936316,4.61624170088667,0,2.1993975799456,0.6487826871055,2.25020458552025,0.0595353551354768,2.83321334405622,0,7.21060233044937,8,0.22197987935003,5.72153415425799,0.687794370334229,2.92280141240394,0,0,0,0,0,0,0
150200,2012,150000,17.6732296113734,38.2538476740952,99.5086349006076,2.87205104333587,3.64424414800023,4.60024442331981,0,2.28579034438031,0.649664429530201,2.33604831415141,0.0388755161002309,2.89037175789616,0,7.34261251454968,10,0.261538900050199,5.15232455635094,1.14136556639338,2.95827154712336,0,0,0,0,0,0,0
150200,2013,150000,17.0901678191542,38.8252438428681,107.700566639944,2.83850331680744,3.65907064957828,4.67935484542932,0,2.41093621087377,0.650666666666667,2.33510538714401,0.0372323508834405,3.95124371858143,0,7.4874705585439,10,0.227054661533362,6.8716102405673,0.922519491173142,3.22305781846266,0,1,0,0,0,0,0
150200,2014,150000,16.3660252290089,36.9853588372434,102.537334034853,2.7952075536541,3.61052212722998,4.63022696674756,0,2.46593893001769,0.657130084935181,2.36485004216149,0.0304949207865997,3.87120101090789,1,7.62114516307352,10,0.231811871341137,7.62214143063397,0.974676221765182,3.22001536874927,0,1,0,0,0,0,0
150200,2015,150000,16.7295239292833,36.7613936720006,90.2922650198117,2.81717505848406,3.60444820950006,4.50305179805869,0,2.52570789902336,0.69516662199589,2.38533661413037,0.0259846098909571,3.97029191355212,1,7.33445702590973,10,0.209230047051615,6.86638884026974,0.738580704626072,3.31639136829897,0,1,0,0,0,0,0
150200,2016,150000,14.0807919485035,31.8305457949791,84.2751526452876,2.64481159549071,3.46042638833452,4.43408707239452,0,2.60412755280636,0.696428571428571,2.40696826344123,0.0295662882552827,4.23410650459726,1,7.45534111517003,10,0.243938631767258,6.21017547900057,1.08311670886118,3.30872078085569,0,1,0,0,0,0,0
150200,2017,150000,13.3402827414202,30.9982856130783,85.8154154716132,2.59078823527188,3.43393190015196,4.45219865785696,0,2.64976741287892,0.696428571428571,2.2557885863335,0.0395648754654401,4.30406509320417,1,7.41489324701211,10,0.218876928195987,7.48344367616582,0.811682666953726,3.28232748453954,0,1,0,0,0,0,0
150200,2018,150000,12.9502794565252,30.2977599759933,95.0141244011079,2.56111736756717,3.41107378159746,4.55402555845547,0,2.68613902116691,0.696428571428571,2.09745984135782,0.0558007829414863,4.54329478227,1,7.09110968774202,10,0.258639168221626,6.81959527510883,1.50974972197329,3.40159994872231,0,1,0,0,0,0,0
150200,2019,150000,12.1990048243716,26.9520109369629,68.0447450823284,2.50135437663923,3.29405791189828,4.22016550469515,0,2.72262154834286,0.697777777777778,2.00922583429749,0.070289635648002,4.67282883446191,1,7.00708606591835,10,0.266087525432379,6.67072448030663,0.982258977291207,3.20983995522721,0,1,0,0,0,0,0
150200,2020,150000,12.6321749798723,27.2383118656384,66.1011772581847,2.53624712896889,3.30462450673385,4.19118655695902,0,2.79904139982246,0.703786191536748,2.02991406265487,0.0566521546914241,4.75359019110636,1,6.87672527435406,10,0.2555372235081,6.04249418802049,0.871685633417732,3.17838138340677,0,1,0,0,0,0,0
150300,2011,150000,25.5876861620861,51.8024954785714,132.596446371382,3.24211122646992,3.94743832336704,4.88731027778014,0,8.45050334702774,1,1.88654742440076,0.000505422998808044,0.693147180559945,0,5.19159481355381,1,0.157175823473013,8.81880893424137,0.466624782578831,2.34274101989872,0,0,0,0,0,0,0
150300,2012,150000,23.600212707641,47.4958075788624,125.71120186014,3.16125572502658,3.86064144564769,4.83398722745808,0,8.64222867355143,1,1.98588456514307,0.00518163093979416,1.09861228866811,0,5.33856797178328,1,0.190164834260941,8.41786124201279,0.731401232279016,2.55407218384552,0,0,0,0,0,0,0
150300,2013,150000,23.2399685398029,48.0517523718994,128.173728424526,3.1458735782738,3.87227860450987,4.85338659700051,0,8.92622385483312,1,1.97111474092795,0.00355266451268328,1.94591014905531,0,5.52102775684884,1,0.17335164718903,9.92359754520105,0.459284489601229,2.71635195949575,0,0,0,0,0,0,0
150300,2014,150000,23.5910300945274,47.8162958566297,123.285670744133,3.16086655904221,3.86736649890096,4.81450418885184,0,9.08985995123579,1,2.00624207089264,0.00188999271415509,1.94591014905531,0,5.34196334917076,1,0.17628571161857,10.109678245524,0.615922565847411,2.81301380946325,0,0,0,0,0,0,0
150300,2015,150000,23.5462848770644,46.6901812725513,118.967145992692,3.15896805332844,3.84353389144589,4.77884737089827,0,9.45491106982406,1,2.13588031062825,0.00511697038786424,0.693147180559945,1,5.4658538646653,1,0.165285715116904,9.59087171719503,0.953704128605685,2.8896652812448,0,0,0,0,0,0,0
150300,2016,150000,20.8630576943642,41.6746292053514,107.056901749532,3.03798002053548,3.72989253130517,4.67336048516233,0,9.71647841620291,1,2.15265131371263,0.0104504671256731,2.07944154167984,1,4.57048826653119,1,0.185032966045233,9.1212908455558,0.983682530705303,2.82209139708479,0,0,0,0,0,0,0
150300,2017,150000,20.235138371745,41.6441620889489,107.646551354929,3.0074206165424,3.72916119285709,4.67885318757895,0,10.0888240247839,1,2.05568403106365,0.00768153885520921,2.19722457733622,1,4.60923707340014,1,0.166340657151662,9.79640220406678,0.747049578835862,2.72213724762662,0,0,0,0,0,0,0
150300,2018,150000,18.4166670604876,38.8928351169432,114.145012225821,2.91325607311369,3.66081004643474,4.73746967710938,0,10.2812025892173,1,1.96174774693412,0.0149665326922705,2.63905732961526,1,4.43258604023783,1,0.19851648234404,9.39998008590692,1.06812798333732,2.85715683440007,0,0,0,0,0,0,0
150300,2019,150000,16.373885707997,32.6320601208195,88.1848210579777,2.79568773083933,3.485295244402,4.47943485135406,0,10.3671578108473,1,2.0417493193062,0.0106007976876497,2.56494935746154,1,4.51964274470919,1,0.1903626368596,9.5323322918183,0.586224311349153,2.73920234199714,0,0,0,0,0,0,0
150300,2020,150000,18.402442012876,35.4614656968734,87.9747891557698,2.91248337389976,3.56844663360102,4.47705028656675,0,10.8145713425618,1,2.05623799212753,0.0105411365039545,2.70805020110221,1,4.54040044789964,1,0.193769230292394,9.28745151822677,0.539547396449454,2.58983759554547,0,0,0,0,0,0,0
150400,2011,150000,18.1435148158822,37.1071853125674,83.7881785663357,2.89831318644057,3.61381062505416,4.42829193030962,0,1.33903335352991,0.265709936942814,1.04216116785952,0.0586581230775418,2.63905732961526,0,6.54912458467211,8,0.398207857783111,6.4009026870862,1.08100984665751,2.61315228531613,0,0,0,0,0,0,0
150400,2012,150000,19.5901639597076,39.2001780795914,84.1255058532761,2.97502760148281,3.66868128963282,4.43230980106154,0,1.38764429847033,0.267346053772767,1.12603482936461,0.0311849000542326,2.56494935746154,0,6.69653685396482,10,0.429008604188183,5.29926138309036,1.45805672957311,2.61887643175165,0,0,0,0,0,0,0
150400,2013,150000,18.4539467847267,37.9047139077918,87.7830635611777,2.91527826548074,3.63507548186843,4.4748685840974,0,1.4864845513686,0.268576351496877,1.15575975675049,0.0429180364640527,2.77258872223978,0,6.84523161365201,10,0.425011516028586,6.25032707435645,1.27744395423316,2.86493094811317,0,1,0,0,0,0,0
150400,2014,150000,19.4214505809549,38.6186689672363,88.7823685668797,2.96637815528243,3.65373581154979,4.48618807810925,0,1.51738979727006,0.27007299270073,1.18317506925634,0.0294671219592061,2.39789527279837,1,6.48198405390743,10,0.408867509503063,7.64174113732888,1.18494790178936,2.694182032983,0,1,0,0,0,0,0
150400,2015,150000,17.6109376206203,35.6129880749146,77.5595888017518,2.86852016473753,3.57271040488742,4.35104652868108,0,1.54887694977151,0.271880336337894,1.21982976714502,0.0260304707680848,2.70805020110221,1,6.62620943378867,10,0.414219053967684,7.07285283017354,1.33732904352301,2.77977697582546,0,1,0,0,0,0,0
150400,2016,150000,14.6834015918666,29.8729524609123,66.9776776292369,2.68671771241156,3.39695347102969,4.20435939416472,0,1.5813984878484,0.272138228941685,1.23622170376844,0.0294198221447086,2.63905732961526,1,6.75395253102719,11,0.41018235548271,6.49170786181511,1.52114918285635,2.8159098971089,0,1,0,0,0,0,0
150400,2017,150000,13.2848007592941,27.42292985397,64.8036431893961,2.58662058168073,3.3113795194096,4.17136182383641,0,1.62479712349279,0.273913043478261,1.13936098591293,0.0353853253151386,3.25809653802148,1,6.74019720687415,11,0.42071480442417,7.22811211733802,1.37602371470868,2.92847024502339,0,1,0,0,0,0,0
150400,2018,150000,12.2564959634849,25.5485899294785,69.4003180889781,2.50605607917399,3.24058212645665,4.23989145091693,0,1.66075936554081,0.276688453159041,1.04059747522698,0.0386509969228564,3.63758615972639,1,6.51354395566107,11,0.422834025163349,6.86368288716794,1.34029231117168,2.92433037758547,0,1,0,0,0,0,0
150400,2019,150000,11.2628287191618,22.9654581675358,53.7589320593007,2.42150780955951,3.13399126826613,3.98450983104922,0,1.69320531788496,0.278260869565217,1.09453311041511,0.0365820827774016,3.68887945411394,1,6.57029007243268,11,0.437444122051293,7.41064785096963,1.25861127223885,3.29055687191138,0,1,0,0,0,0,0
150400,2020,150000,11.5344245296981,22.8880216317052,48.961990804946,2.44533600132167,3.13061370085856,3.89104429924313,0,1.7739526242916,0.278993435448578,1.11682692451424,0.0574215858439138,3.98898404656427,1,6.59202019667658,11,0.446407318893815,6.76743846238341,1.29129306464103,3.24975437924716,0,1,0,0,0,0,0
150500,2011,150000,22.0714129451889,41.3009033534101,80.8108972964237,3.09428323929727,3.7208843726917,4.39211182396324,0,3.06218900142087,0.241487035301468,1.34438382605534,0.00416055808718364,2.07944154167984,0,6.2802823316323,4,0.40583924836234,7.25654961705659,1.00126820447629,2.65235024639426,0,0,0,0,0,0,0
150500,2012,150000,22.4059472968325,41.716018394637,80.7604392564013,3.10932642794384,3.73088518920807,4.39148723246404,0,3.12736956848096,0.265165728580363,1.44435332294704,0.00387429524330303,1.94591014905531,0,6.66526546371018,5,0.433197293422724,6.32906772141743,1.76909292622767,2.60166708424904,0,0,0,0,0,0,0
150500,2013,150000,22.5698806961571,42.427816782924,82.7051323281812,3.11661630486763,3.74780420332816,4.4152816596951,0,3.29420553088865,0.26681195516812,1.46430389105525,0.00725284137291419,1.6094379124341,0,6.85170515714217,5,0.437036541433711,7.12397578094676,1.46568065182702,2.77549274523729,0,0,0,0,0,0,0
150500,2014,150000,24.4096831765139,44.1759309628933,84.3146436126332,3.1949799050709,3.78818009241252,4.43455555825718,0,3.39557204999815,0.268628678772699,1.50499994905236,0.0106033200354413,2.19722457733622,0,7.00950092410184,5,0.424756540891371,8.61136945364633,1.10974802703658,2.49474217954189,0,0,0,0,0,0,0
150500,2015,150000,22.6728138834285,42.156365406257,81.2525004589272,3.12116658047922,3.74138569098784,4.39756159561541,0,3.48860854001919,0.267526693177193,1.50115858567726,0.0144303034339668,3.43398720448515,1,6.63914327440754,5,0.426432932740764,8.17259994626527,1.51003903228438,2.59980595638698,0,0,0,0,0,0,0
150500,2016,150000,18.4211264712092,34.1699212836095,67.3291273549372,2.91349818374606,3.53134576245494,4.20959294175639,1,3.55704622487514,0.263322884012539,1.52054498638135,0.0140771261102445,2.19722457733622,1,6.76056869977841,5,0.427557443552896,7.58504459493451,1.8715759375587,2.63580020487788,0,0,0,0,0,0,0
150500,2017,150000,16.3363115893151,30.8059684343196,66.7801553214924,2.79339033502316,3.4277084515416,4.20140596038121,1,3.62237199427713,0.265822784810127,1.3576073593118,0.0152905475844201,2.83321334405622,1,6.7121080431866,5,0.425489172731575,8.41575929627954,1.41033368864093,2.74757611262711,0,0,0,0,0,0,0
150500,2018,150000,14.8153749157266,27.6281178632691,60.267267364052,2.69566548720054,3.31883401729802,4.09878912656416,0,3.66697356837445,0.265822784810127,1.17356008529075,0.0199881607285098,2.99573227355399,1,6.3737635151496,5,0.451618195834913,7.92871578539572,1.69844951759162,2.73305193360819,0,0,0,0,0,0,0
150500,2019,150000,14.8358579909776,27.5166402524835,57.8110399133207,2.69704708766037,3.31479092176359,4.05717975940035,0,3.69167325095602,0.264984227129338,1.1441341000007,0.0185517672910675,3.68887945411394,1,6.46533876965419,5,0.454964210265561,8.51961723921836,1.69540023208046,2.77830820620951,0,0,0,0,0,0,0
150500,2020,150000,15.5870650224521,28.4937357698645,53.028592656997,2.74644140508044,3.34968426556697,3.97083125217718,0,3.73524923798575,0.265822784810127,1.14830101314007,0.0260467488165586,3.55534806148941,1,6.07181598546487,5,0.454847970604897,8.14631056633321,1.49554530941709,2.74696731744596,0,0,0,0,0,0,0
150600,2011,150000,22.3162758328042,44.2987619286322,111.673770976177,3.10531627022255,3.79095672922561,4.71558186181543,0,0.539675877128889,0.166245259165613,2.6208096814969,0.0123465879430683,2.30258509299405,0,7.24352203707134,7,0.198728288766493,7.96416355006511,0.740361248674815,2.31970562681569,0,0,0,0,0,0,0
150600,2012,150000,21.5073171107045,42.1855183553069,108.124612019394,3.06839320796469,3.74207699521086,4.68328437698567,0,0.561295123440093,0.172912557527942,2.75494774615836,0.00729488036703988,2.56494935746154,0,7.35446049486288,7,0.248689371618823,7.43191153543193,1.30414534596051,2.5300702440847,0,0,0,0,0,0,0
150600,2013,150000,20.213157016906,40.8175954706172,108.426546378652,3.00633372984957,3.70911324997832,4.68607295181619,0,0.621105607841796,0.174335709656513,2.79513127942511,0.017807781907774,2.39789527279837,0,7.48647655605765,7,0.245507731745692,8.90541794923452,0.919023857109983,2.69553930294785,0,1,0,0,0,0,0
150600,2014,150000,19.9979400067989,39.9018829194221,102.486754764414,2.99562926858911,3.68642351374532,4.62973356841801,0,0.647318166696204,0.175641025641026,2.79855681801371,0.0110583674839192,2.94443897916644,1,7.61589095790384,9,0.234494108706713,9.26358098417058,0.995467131853456,2.70237452137148,0,1,0,0,0,0,0
150600,2015,150000,20.2243000055476,39.7507494958182,97.1715746232465,3.00688485198949,3.68262869616329,4.57647822654918,0,0.670983261148266,0.178489702517162,2.82940802448835,0.0104918020391351,3.2188758248682,1,7.39246489553957,9,0.21931087388257,8.8278878630365,1.0505555419573,2.79528891940087,0,1,0,0,0,0,0
150600,2016,150000,17.7266265970347,34.7752837569953,87.2604968357503,2.87506783672872,3.54890689757479,4.46889786141923,0,0.69750052078961,0.182389937106918,2.84803831177484,0.0192058052387054,4.14313472639153,1,7.48673282682045,9,0.258613770027546,8.23665895397972,1.53227425052836,2.76303768181148,0,1,0,0,0,0,0
150600,2017,150000,17.0819242157539,34.6672552545108,91.031487459823,2.83802084101686,3.54579558882463,4.51120546270912,0,0.727855559390225,0.186335403726708,2.72517102617615,0.012956159061908,3.78418963391826,1,7.45039844209065,11,0.243396784412543,8.95633365629718,1.19962911697267,2.65076214477392,0,1,0,0,0,0,0
150600,2018,150000,16.5168658487102,34.0336643825338,99.9807659030716,2.8043820314929,3.52735016365992,4.60497782651891,0,0.760273028487451,0.185185185185185,2.60978226149147,0.0220569997259051,4.47733681447821,1,6.75628857602683,11,0.27082866950031,8.53458758969991,1.4733054194934,2.77041634984885,0,1,0,0,0,0,0
150600,2019,150000,15.0651976920294,29.5498787443694,74.8008774063079,2.71238729510017,3.38607964043825,4.31482961494249,0,0.794701108219563,0.189024390243902,2.54693919272671,0.0159197552375823,4.62497281328427,1,6.8342556782862,11,0.257318974008521,8.7129758816596,1.08852113140481,2.62710174787452,0,1,0,0,0,0,0
150600,2020,150000,16.139218091649,31.0032638657095,73.5293227766107,2.78125221629338,3.43409248493359,4.2976842760013,0,0.846757268512905,0.191489361702128,2.52130012846267,0.01298531475434,4.8283137373023,1,6.88761521390685,11,0.257976558840357,8.41752498989638,0.831873741928088,2.53145744168193,0,1,0,0,0,0,0
150700,2011,150000,12.9106557669897,28.4067193262832,54.8589266966704,2.5580529988427,3.34662571317863,4.00476492091177,1,0.365668385420118,0.100961538461538,1.2957654560392,0.144765245359553,2.484906649788,0,6.22326982704989,11,0.559233035351952,-0.651947146356079,1.17355182648197,2.66795900647934,0,0,0,0,0,0,0
150700,2012,150000,13.3823458106792,29.0373878369375,55.8897607199462,2.59393636150628,3.36858423539212,4.0233811920047,1,0.370986575976206,0.103603603603604,1.40367362962816,0.103547548897158,1.94591014905531,0,6.31072066185327,13,0.557407584796472,-1.57158715843901,1.35118039554437,2.65079546750078,0,0,0,0,0,0,0
150700,2013,150000,12.3836149887154,27.321766151979,53.0595594709211,2.51637422695157,3.30768367946443,3.97141504620474,1,0.379843185629225,0.145734597156398,1.47841778035503,0.102775254274247,0,0,6.47275757759431,14,0.588365624331397,-0.91977837729313,2.05178293913722,2.83205178714143,0,0,0,0,0,0,0
150700,2014,150000,13.1544834641842,28.3464423323021,54.8857041001933,2.57676264836097,3.34450153137503,4.00525291570222,0,0.388088636585648,0.138021812711546,1.48065609836606,0.147592466168855,2.30258509299405,0,6.16611034920413,15,0.59185765495591,0.459272120670485,1.67238834103816,2.6802152147846,0,0,0,0,0,0,0
150700,2015,150000,13.2820435798871,28.1587435850026,53.7143006415254,2.586413016237,3.33785791328462,3.98367927223528,0,0.392952485966586,0.142730428075588,1.53857460921214,0.116452616606047,1.94591014905531,1,6.38107038013719,16,0.565607551083627,0.606281113666301,2.37949114053927,3.08995294517105,0,0,0,0,0,0,0
150700,2016,150000,10.2568333916395,21.967069281522,44.3721763510509,2.32794415581219,3.089544481118,3.7926126142454,0,0.407639986382797,0.142857142857143,1.53919177714478,0.108674527105306,2.484906649788,1,6.35373397486911,16,0.552435242927658,-0.886990213139995,2.92125809230855,3.05004924600229,0,0,0,0,0,0,0
150700,2017,150000,9.1640687678057,19.6922042157276,39.4508862565626,2.21529026868855,2.98022283233414,3.67505651235165,0,0.425294846656882,0.142307692307692,1.41136227812109,0.14143443214404,2.484906649788,1,5.98629433648406,16,0.560395075047104,-0.00264908539915417,2.67485347119615,3.11592305948378,0,0,0,0,0,0,0
150700,2018,150000,8.46531878450256,18.0284305369458,37.3378813823788,2.13597767400213,2.89194998611334,3.62000839794949,0,0.436641202986018,0.14453125,1.29576868249425,0.15129889842183,2.30258509299405,1,5.57253698579883,16,0.577709033667734,0.00486256384629736,3.13351213581098,2.9135865118939,0,0,0,0,0,0,0
150700,2019,150000,8.02547810406638,16.7710077945466,31.8195837195785,2.08262124407215,2.81965166911276,3.46008194047267,0,0.442048543228955,0.145098039215686,1.2540793265515,0.141368257109718,3.63758615972639,1,5.61613204112735,16,0.570199122946777,0.354100970009241,2.58177146285333,2.9866638782797,0,0,0,0,0,0,0
150700,2020,150000,7.93350891608192,16.5281142076837,29.0360258911706,2.07109542404364,2.80506282230523,3.36853733111425,1,0.447604466283309,0.146534653465347,1.24493414845025,0.136484458452077,3.3322045101752,1,5.6261072649094,16,0.57006878663181,0.473678733786078,2.97461396066242,2.78973024183229,0,0,0,0,0,0,0
150800,2011,150000,19.6303881718305,42.6691326434782,115.891776905785,2.97707878251112,3.75347576991288,4.7526567979217,0,1.21903055648626,0.302462526766595,1.22663611199058,0.0863692399325534,0.693147180559945,0,5.98384736491194,4,0.2270934604445,6.6941868863627,0.417414941012277,3.29831962045517,0,0,0,0,0,0,0
150800,2012,150000,18.821274636467,40.9119171392103,114.104902555691,2.93498785962508,3.71142139320483,4.73711822312894,0,1.24673108344465,0.301017675415104,1.29944380403489,0.0986675992042542,1.38629436111989,0,6.06193579224865,6,0.256152136852657,6.16272101197416,0.982815857264915,3.31268429445511,0,0,0,0,0,0,0
150800,2013,150000,18.4856668112149,41.4154715628897,120.200613612958,2.91699566483589,3.7236545202679,4.78916212702117,0,1.31255871690529,0.325327510917031,1.31672545780416,0.106120979229572,2.19722457733622,0,6.17657863265917,6,0.238147628740618,7.7971586608208,0.485717717091273,3.43792483267684,0,0,0,0,0,0,0
150800,2014,150000,18.2166705377744,40.6851557977444,115.712407002655,2.90233713845804,3.70586330350701,4.75110786269985,1,1.33629017599436,0.298432250839866,1.35612173822032,0.200423287383889,1.94591014905531,0,6.32495060285511,7,0.241561304396532,8.31498227235614,0.743061786100625,3.55736683678832,0,0,0,0,0,0,0
150800,2015,150000,18.0212068247182,39.066609495678,101.068346522566,2.89154922134271,3.66526812505252,4.61579698622747,1,1.3597879978595,0.297824842587293,1.38962036329781,0.180418437265399,1.79175946922805,1,5.9768199547798,7,0.227126546673418,7.54151171474026,0.717010181575291,3.58656446195779,0,0,0,0,0,0,0
150800,2016,150000,16.133926983018,35.7751140706049,97.5727259725454,2.78092432084556,3.57725251399382,4.58059800736385,0,1.38801801036089,0.297142857142857,1.40114387051206,0.144738674560477,1.94591014905531,1,6.0632529251027,7,0.242491282361347,7.05026744255031,0.788266827111764,3.54797856676805,0,0,0,0,0,0,0
150800,2017,150000,14.9378811651073,33.7415065909811,99.7612404916745,2.70390034669553,3.51872872908419,4.60277973605464,0,1.40886563957347,0.298850574712644,1.33172207927819,0.220084281713983,1.94591014905531,1,5.89964957493305,7,0.236173449439126,8.01156491491413,0.654057801128634,3.43935446222971,0,0,0,0,0,0,0
150800,2018,150000,14.1584377428542,32.4612112991761,104.292456138649,2.65031075328442,3.48004587806229,4.64719903090239,0,1.43127269357065,0.298850574712644,1.26242450578991,0.30252953766289,2.19722457733622,1,5.59684900177303,7,0.253091495784186,7.39861965587247,1.04410925967706,3.60237049978433,0,0,0,0,0,0,0
150800,2019,150000,13.6034289055353,29.5285248829644,80.5150711109692,2.61032188637074,3.38535674134065,4.38844438567107,0,1.45369218978686,0.298850574712644,1.3062080164765,0.316934597423511,2.56494935746154,1,5.63285318484826,7,0.248812236857906,7.52984467498257,0.551474904661829,3.40838881062649,0,0,0,0,0,0,0
150800,2020,150000,14.3200426202339,30.4886436045824,79.8080314429827,2.66166013780139,3.41735427344394,4.37962414404034,0,1.5062564177657,0.300578034682081,1.30599463242841,0.23892130157155,2.89037175789616,1,5.65360769189545,7,0.261079988671075,7.05518359770776,0.645881998270874,3.36180441498711,0,0,0,0,0,0,0
150900,2011,150000,17.1254698059758,37.3418479141499,95.035973795314,2.84056681769758,3.62011462575219,4.55425549145219,0,0.681348228699544,0.104916897506925,0.91509919525626,0.00980210279618343,0,0,5.66807576395885,1,0.260087614447759,5.55593600469117,0.621991049875356,2.99472200372584,0,0,0,0,0,0,0
150900,2012,150000,17.7309413098463,37.4517699226221,93.4068789691725,2.87531121003871,3.62305396979766,4.53696499315626,0,0.722537704406412,0.11219512195122,0.980767659957856,0.00418090941101528,1.38629436111989,0,5.93848414575494,2,0.293114355797398,4.86215290675559,1.37660720564302,3.14325221779089,0,0,0,0,0,0,0
150900,2013,150000,16.8062333587864,37.3608249285295,100.923281757758,2.82174985085449,3.62062269364496,4.61436064165237,0,0.814083472717083,0.110836569008119,1.01662167553174,0.00348281409897278,0.693147180559945,0,6.17346860199506,2,0.313206896663006,6.22052361500604,1.12900541721869,3.41750563654977,0,0,0,0,0,0,0
150900,2014,150000,16.2919026777439,35.789086232389,95.8640074749844,2.79066821614593,3.57764299308539,4.5629305983551,1,0.853102817826915,0.114079422382671,1.0546810456185,0.00330471416136466,1.38629436111989,0,5.82367616623212,3,0.263653061192097,7.31474772308165,0.923114881023422,3.37483561854405,0,0,0,0,0,0,0
150900,2015,150000,16.9304676128715,36.2018167749662,84.9400276193257,2.82911481613405,3.58910930472615,4.44194545004784,1,0.912379471947349,0.115383211012524,1.09167006426501,0.00511134308446502,1.79175946922805,1,5.96822936121674,3,0.267163441319184,6.41017960571181,1.59051800059769,3.39924674155778,0,0,0,0,0,0,0
150900,2016,150000,14.0232386111469,30.665398986555,76.78631523894,2.64071585429874,3.42313495013157,4.34102643728347,0,0.949258459593334,0.116788321167883,1.10008714231642,0.00544936778113481,1.09861228866811,1,5.95813526527332,3,0.309543455331563,5.86341202366519,2.06499932810957,3.39826800353299,0,0,0,0,0,0,0
150900,2017,150000,13.2031000093957,29.674182782888,78.0675775863584,2.58045165121621,3.39027740120795,4.35757483091195,0,0.979152339380108,0.113970588235294,1.01425325440987,0.0196169316168611,2.39789527279837,1,5.70175702403174,3,0.276175053166271,6.9800140261959,1.20427376280268,3.3623927597801,0,0,0,0,0,0,0
150900,2018,150000,12.6176281642147,28.5582268790593,88.2092590497432,2.53509489683591,3.35194505147754,4.4797119353912,0,1.00155496804342,0.114391143911439,0.928108535061434,0.0151665444318413,2.07944154167984,1,5.4412107461478,3,0.309403588876055,6.38853081051736,1.43409231515665,3.47756525501833,0,0,0,0,0,0,0
150900,2019,150000,11.5638722505478,24.9175513579122,61.7673343412878,2.44788577692495,3.21557242897553,4.12337465419167,1,1.01871256307624,0.118959107806691,0.958602005195564,0.0438502898520087,2.63905732961526,1,5.48385992078326,3,0.32332512325254,6.41866806494044,1.27219898133653,3.28792614061772,0,0,0,0,0,0,0
150900,2020,150000,11.5563554233835,24.3746564213413,58.0752008394257,2.44723553874087,3.19354392124985,4.0617387369273,1,1.04044860436867,0.120075046904315,0.975750923595599,0.0362144255736514,3.3322045101752,1,5.55219768823292,3,0.31178078779336,5.87324979206736,0.923539833759785,3.30083007368088,0,0,0,0,0,0,0
210100,2011,210000,34.0410758025725,58.1427161739247,95.8832889459602,3.52756790727665,4.06290061185725,4.56313171171003,0,14.8865492658515,0.718278677182787,1.81296775129086,0.116000084407887,5.8636311755981,0,7.96127979456188,18,0.527430035364933,8.02889587261532,1.5458149458719,2.8518605317045,0,0,0,0,0,0,0
210100,2012,210000,33.7103039249235,57.2845769489164,94.3897534187046,3.51780354507372,4.0480314242946,4.54743252296671,0,15.3323925880462,0.720336644591612,1.88365205108652,0.121878483843136,6.07993319509559,0,8.14446382866645,18,0.545199266763834,7.54829133016222,2.42530266925177,2.77931383555234,1,0,0,0,0,0,0
210100,2013,210000,36.6168029449954,63.2680920470104,103.400346140004,3.6005072319124,4.14738112697485,4.63860830965097,0,16.1151346332405,0.721496355384404,1.93157550157258,0.124015141022154,6.38687931936265,1,8.24954952136997,21,0.53469450603693,8.0682828723941,2.25208150388732,2.90846154105368,1,0,0,0,0,0,0
210100,2014,210000,37.2862585011225,62.7223856641381,102.165900918551,3.61862485397641,4.13871841205567,4.62659797159248,0,16.3061443956586,0.72304324028462,1.91131771600785,0.136740488471353,6.47543271670409,1,8.2671202281934,21,0.517647619354419,9.73683626383457,1.22564033975795,2.75823861189889,1,0,1,0,1,1,1
210100,2015,210000,33.7665961397673,59.233198643322,98.3656527991784,3.51947203392987,4.08148217260114,4.58869168620474,0,16.583401965773,0.725428184170534,1.93242383498852,0.12057803035046,6.62936325343745,1,8.05814835329888,22,0.506530404625795,9.16162331835469,1.72215435176052,2.79434532884069,1,0,1,1,1,0,0
210100,2016,210000,28.4330810218247,48.0500490079491,82.7589884357727,3.34755329199735,3.87224315535229,4.41593262993861,0,16.7650602304301,0.798365122615804,1.6901564316295,0.135746838493646,6.82328612235569,1,6.86113839332941,22,0.528062271919006,8.67609259455378,3.04056344173711,2.72763928136927,1,0,1,1,1,0,0
210100,2017,210000,26.7852725944543,45.6959621681825,80.5340263592797,3.28785220641215,3.82200993881461,4.38867978281016,0,16.9104735725764,0.801899592944369,1.7061255612503,0.146672521530757,6.79682371827486,1,6.72487082645482,22,0.518302563826243,9.36506588713908,1.61399132362061,2.76247415715007,1,0,1,1,1,0,0
210100,2018,210000,23.1227157647984,39.1179952442685,71.7449084793924,3.1408155007812,3.66658259754132,4.27311689016212,0,17.025887981367,0.805630026809651,1.71806290260418,0.157188961383458,6.93828448401696,1,6.54776019131381,22,0.522906227906545,8.86638134087407,1.86260292963252,2.81243603848472,1,0,1,1,1,0,0
210100,2019,210000,24.2485186501257,40.6970924316974,73.9144674260399,3.18835552892488,3.70615665087203,4.30290857910542,0,17.0973426568535,0.810846560846561,1.71948532424982,0.166165131677459,6.92755790627832,1,6.65896184781205,22,0.527695237673246,9.53554730983126,2.22471956942282,2.78893026748707,1,0,1,1,1,0,0
210100,2020,210000,24.0013649596746,39.792075189897,68.2631853806902,3.1781107020505,3.68366777663247,4.22337060779689,0,17.234075962559,0.813938198553583,1.72342254209669,0.155999761317808,6.81014245011514,1,6.69422649911152,22,0.534234432837902,9.19041496405527,1.90074815201515,2.64252568347882,1,0,1,1,1,0,0
210200,2011,210000,30.6026265808661,52.3949615941379,87.2755210541371,3.42108584125066,3.95881043392039,4.46907002322979,0,16.7683935829094,0.504842820730671,2.02131188874121,0.614826732726707,6.29894924685594,0,7.96192846802559,16,0.547224613018783,10.1674916213372,2.37629279436005,3.44899283762373,0,0,0,0,0,0,0
210200,2012,210000,28.4771869587119,49.148482161896,82.5404826290053,3.34910330914831,3.89484596436446,4.41328887152088,0,17.1999678616396,0.506860918177198,2.11184253267399,0.563942295169929,6.72503364216684,0,8.14428604772765,16,0.564570569668908,9.79074596631496,2.78424689121382,3.4087246874636,1,0,0,0,0,0,0
210200,2013,210000,31.6315374173302,54.4199596862957,88.3672162735671,3.45415464243824,3.99673099256643,4.48150104422541,0,17.7488035355574,0.509213863060017,2.16925089211687,0.547879884990328,7.028201432058,1,8.26419601655942,18,0.566793842051557,10.4102698821203,2.39219464637769,3.54582110358481,1,0,0,0,0,0,0
210200,2014,210000,33.5767457409881,56.5502786313308,91.0078267511774,3.51383373632157,4.03513012971764,4.51094551107305,0,18.0190317066595,0.512030960794212,2.1565470305556,0.518288187117101,6.29526600143965,1,8.29854804653512,18,0.538810948411862,11.9720378089384,1.6509390925186,3.4398287258088,1,0,0,0,0,0,0
210200,2015,210000,29.3996350222403,50.636828051806,83.7938890029576,3.38098226005807,3.92467913866651,4.42836008123659,0,18.2751465785029,0.513680167127165,2.16642333672155,0.443730165130809,6.33327962813969,1,7.9027050719314,18,0.549543198532687,11.3628813354914,1.98737083618019,3.48718404776847,1,0,0,0,0,0,0
210200,2016,210000,25.9497453724855,44.2889784602186,74.3178290362551,3.25616179732813,3.79073585287387,4.308350883049,0,18.5003050611445,0.667785234899329,2.03916563456564,0.50216611994559,6.74051935960622,1,6.7336771426227,18,0.567013687359359,11.1278141555511,1.79009206619877,3.396590771869,1,0,0,0,0,0,0
210200,2017,210000,23.2297712564015,39.8526536066473,68.5482468661302,3.14543469982904,3.68518899289744,4.22753783115365,0,18.7075369802211,0.672268907563025,2.05774755960304,0.576879307137067,6.74170069465205,1,6.83256213448259,18,0.547437981217207,11.7325454976172,1.90009242329624,3.36299817445453,1,0,0,0,0,0,0
210200,2018,210000,19.7230041009102,34.1357546731782,61.5852030373474,2.98178567534662,3.53034535911211,4.12042163125165,0,19.0209844919747,0.672268907563025,2.07800462794953,0.623062408234356,7.14598446771439,1,6.70274768291503,18,0.568871683881668,10.994099481987,2.28586096442293,3.34892693542808,1,0,0,0,0,0,0
210200,2019,210000,21.9280661489808,37.505595652727,65.3929144206039,3.08776737564044,3.62449013925061,4.18041391040111,0,19.1243717963655,0.676126878130217,1.98210355828362,0.624372575598743,6.89871453432999,1,6.46932212634179,18,0.555322499153857,11.7898523854984,1.7343778461784,3.35062193790866,1,0,0,0,0,0,0
210200,2020,210000,19.3081377034791,33.1305099185892,55.7152630075014,2.96052664971186,3.50045460763885,4.02025413107482,0,19.2598130346661,0.680798004987531,1.97771906111532,0.545786689587267,6.79346613258001,1,6.46540471266431,18,0.589971767571158,11.2958802932304,2.10271471955302,3.09887701868038,1,0,0,0,0,0,0
210300,2011,210000,31.8427049583015,53.1772135488674,87.0146312351739,3.46080831208826,3.97362998784317,4.46607627963168,0,11.0005368575124,0.43259385665529,1.66289067947616,0.127657026686764,4.12713438504509,0,6.7623071150683,5,0.61381053628651,8.75660340320152,2.14927533060932,2.88487257299449,0,0,0,0,0,0,0
210300,2012,210000,30.4979009388566,51.0119819214936,83.8217004715203,3.41765785956821,3.93206054476746,4.42869192947225,1,11.1266585409406,0.433504566210046,1.65724637223577,0.106777578648762,3.98898404656427,0,6.9132694703545,6,0.628917933989924,8.25043813242358,2.89238574992768,2.76302919085076,0,0,0,0,0,0,0
210300,2013,210000,33.8921704871412,56.9694894660047,92.7608125317974,3.52318402862987,4.04251585199884,4.53002427185519,1,11.31563704857,0.432818753573471,1.70372163129185,0.115260820768656,4.18965474202643,0,7.0154631374171,6,0.628191488854429,8.70065279298258,2.50458475892396,2.90770983501208,0,1,0,0,0,0,0
210300,2014,210000,34.6548113229125,56.8934710150931,92.0023611951029,3.54543657091457,4.04118058964688,4.52181424188386,1,11.3960976695954,0.434233199310741,1.62226946926346,0.118696571158599,4.35670882668959,1,7.03086917921332,7,0.626022286660282,10.3836006117293,1.49661537053964,2.88389771921656,0,1,0,0,0,0,0
210300,2015,210000,30.965858176392,52.5853037187092,85.9963128061331,3.43288524840586,3.96243668372234,4.45430442098709,1,11.518517892433,0.4337523479266,1.61066155700282,0.0757265856137206,4.70048036579242,1,6.83538591939753,7,0.628984803637714,9.66336703794659,2.11570118563161,2.96638387511223,0,1,0,0,0,0,0
210300,2016,210000,27.1925170111836,44.9809311296649,74.4839464408247,3.30294182556933,3.80623864728767,4.31058361814972,1,11.5919253365852,0.433526011560694,1.24464850938571,0.124013159841839,4.69134788222914,1,5.62435438297734,7,0.631569403071776,9.3431063414812,2.46409221104499,2.85534387211,0,1,0,0,0,0,0
210300,2017,210000,24.6307622052958,40.9888286493211,69.5599356618877,3.20399615786945,3.7132995576093,4.24218876455592,1,11.672288806414,0.433139534883721,1.28673496033716,0.17098796057377,4.75359019110636,1,5.3344805701505,7,0.623909827876598,9.9260875411341,2.09462591336248,2.83214538488074,0,1,0,0,0,0,0
210300,2018,210000,21.0255710235696,35.1816917990006,62.8610431223288,3.0457393647563,3.56052582794849,4.1409266256054,1,11.7419462143773,0.432748538011696,1.32874529090006,0.163983781128791,4.7361984483945,1,5.40263810166737,7,0.638061804762969,9.43748862455064,2.25460525972845,2.84257182149225,0,1,0,0,0,0,0
210300,2019,210000,22.3443613558458,37.2777913800906,64.2295975077539,3.10657400090048,3.61839774396611,4.16246412482867,1,11.7831577519757,0.429411764705882,1.32112053635056,0.16772489884937,4.78749174278205,1,5.47143167535258,7,0.629751773379373,10.1668876276697,1.99109691436835,2.83548901555717,0,1,0,0,0,0,0
210300,2020,210000,20.995753060023,34.6958591887728,57.8331705927565,3.04432018203412,3.54662034809656,4.05756249675674,1,11.8482101932201,0.430906389301634,1.32258013748489,0.163586279378407,4.93447393313069,1,5.50957931403889,7,0.643738603338282,9.85324027425792,2.09502488888649,2.55115041570859,0,1,0,0,0,0,0
210400,2011,210000,27.836803011369,46.9765852452906,77.897954738515,3.3263589945105,3.84964929130364,4.35539969757074,1,3.82147207655533,0.657882780554294,1.42775819264654,0.0578338935022911,2.89037175789616,0,6.21119683842893,3,0.688130254254622,7.05010069555631,1.98051248984662,1.88010202481123,0,0,0,0,0,0,0
210400,2012,210000,27.482503957162,46.5657190953232,77.5178536049879,3.3135495824593,3.84086462868318,4.35050827892503,1,3.9408102052472,0.657090743274054,1.49331922217671,0.0498377562234428,3.36729582998647,0,6.36958003941759,3,0.710220169319826,6.5622102802882,2.68561038669296,1.88862724899055,0,0,0,0,0,0,0
210400,2013,210000,29.6118702099413,50.1155215287934,84.1524987375262,3.38817530154887,3.91433077106328,4.43263061404654,1,4.10981663944149,0.656880733944954,1.54437023421397,0.0496421142786075,3.55534806148941,0,6.48776436081178,3,0.694594118875616,7.13945569066346,3.50416409346481,2.07999964180169,0,1,0,0,0,0,0
210400,2014,210000,28.4566386231733,47.7680820204626,80.8883767409103,3.348381476873,3.86635767630197,4.39307013934069,1,4.13648000447318,0.655933762649494,1.50034266483459,0.0441822206241029,3.8286413964891,1,6.30211408779337,3,0.703444540325333,8.48371081548418,1.60900227347374,2.22578609460576,0,1,0,0,0,0,0
210400,2015,210000,27.3445791785933,46.2105586749975,76.0560075486461,3.30851830734382,3.83320831472464,4.33147001030788,1,4.16256824599311,0.654569892473118,1.46892275907231,0.0455416323705653,4.23410650459726,1,5.87036863456226,3,0.726055463622598,8.0064507276082,2.16443063146882,2.27216889585149,0,1,0,0,0,0,0
210400,2016,210000,23.1463414641077,38.6103058012059,65.5289644075831,3.14183673193556,3.65351923050393,4.18249224959345,1,4.19304979211681,0.651162790697674,1.21006140521719,0.0599096840334163,4.65396035015752,1,4.52083230170416,3,0.718613442252664,7.48428634602223,2.80443321269744,2.18576229162978,0,1,0,0,0,0,0
210400,2017,210000,21.7632610080779,36.6544894599343,61.3725550334866,3.08022327326306,3.60153591632686,4.11696274879959,1,4.21853095881876,0.654028436018957,1.26561928133408,0.041402757313111,3.89182029811063,1,4.68010994209032,3,0.719609242151765,7.87389466104313,2.28851109086425,2.25852612182144,0,1,0,0,0,0,0
210400,2018,210000,17.8530744921451,30.2785526756166,55.2003880517827,2.88217573385027,3.41043962939573,4.01096998318194,1,4.24542597082047,0.650717703349282,1.31402428663659,0.0426578092411176,3.97029191355212,1,4.69640109822769,3,0.718205041920438,7.62349289879822,2.18883483078993,2.23705709946209,0,1,0,0,0,0,0
210400,2019,210000,18.7489888507154,31.5431963149001,54.3404070240861,2.93113982300041,3.45135791802669,3.99526809429194,1,4.27612318826109,0.652173913043478,1.16019298545108,0.0449232620515785,3.61091791264422,1,4.64175442339711,3,0.711061344076605,8.3705092629817,2.46313914011741,2.26473693735009,0,1,0,0,0,0,0
210400,2020,210000,18.0498264993144,30.2710214778864,51.378292235074,2.89313607250634,3.41019086801716,3.93921575319774,1,4.31406536438468,0.651960784313726,1.15128464359869,0.0441590765424841,4.0943445622221,1,4.64083353164142,3,0.71150672155268,8.16955856000284,2.55413163759307,2.09997127565352,0,1,0,0,0,0,0
210500,2011,210000,26.9542033615537,45.0076195965759,74.9194998883764,3.29413925408194,3.80683179980492,4.31641420227833,1,3.5014987287883,0.615035644847699,1.65662422735393,0.255069298356788,1.6094379124341,0,5.8906291272293,1,0.710119418799877,7.76472589217417,2.59252585609618,1.93730331220844,0,0,0,0,0,0,0
210500,2012,210000,26.3839546305297,44.209770956849,73.7281052285869,3.27275604623305,3.78894582702512,4.30038407288641,1,3.60644499309651,0.614882506527415,1.69480270982399,0.232137642011574,1.79175946922805,0,6.08961031617913,5,0.723210937809199,7.28523212431417,3.11011300231713,1.94260704497468,0,0,0,0,0,0,0
210500,2013,210000,28.6620531003088,47.8771966963628,80.5344542600337,3.35557405627211,3.86863933044531,4.38868509608749,1,3.77770234227244,0.614576493762311,1.73995335877639,0.231654006786371,2.19722457733622,0,6.22503737596671,5,0.714629464317113,7.74834327027392,3.47693743936371,2.06462044772691,0,1,0,0,0,0,0
210500,2014,210000,28.1342537499935,46.6880792603185,78.4790549436889,3.33698782863063,3.84348886999826,4.36283177318268,1,3.80914883612724,0.613815789473684,1.7175465514279,0.235688536953452,1.94591014905531,1,6.26357263249314,5,0.728100446518511,9.26707830562661,1.80572819603168,2.16636000429186,0,1,0,0,0,0,0
210500,2015,210000,26.6508346837444,44.3492504199537,72.8746368515488,3.28282047033694,3.7920958071461,4.2887406614891,1,3.8440347902474,0.611996561074003,1.71724312814906,0.179382954396434,2.484906649788,1,5.84859660368759,5,0.748383929952979,8.6770263995401,2.44208269903407,2.1767691832636,0,1,0,0,0,0,0
210500,2016,210000,23.1634488123288,38.3689796747197,64.1324702833442,3.14257555406787,3.64724931215965,4.16095079235254,1,3.88438969982057,0.613333333333333,1.38379828932745,0.22357528487134,2.89037175789616,1,4.9232973650687,5,0.737191963475198,8.25652860199623,2.83053912668406,2.14925773022675,0,1,0,0,0,0,0
210500,2017,210000,21.2444541473581,35.4383993321944,58.9684130264011,3.05609588000808,3.56779595914675,4.07700192810885,1,3.92982902891646,0.608108108108108,1.38985427704868,0.320980184129704,2.94443897916644,1,4.77166405299964,5,0.744214284233749,8.58139501173539,2.27584627561541,2.22603172352621,0,1,0,0,0,0,0
210500,2018,210000,17.3355549933315,29.1099909687233,53.3278211140661,2.8527595943921,3.37108144751095,3.97645816711305,1,3.964479988857,0.60958904109589,1.40042575701145,0.303349472048043,2.99573227355399,1,4.64185557498353,5,0.744820310734212,8.29483562465001,2.75337133560052,2.21702364181122,0,1,0,0,0,0,0
210500,2019,210000,18.1526187099481,30.2735863250354,52.035492447769,2.89881483184312,3.41027559388272,3.95192603282459,1,3.98942141655773,0.606896551724138,1.35674189111732,0.239185803259261,2.77258872223978,1,4.72528755399373,5,0.735127230640501,9.10118891289034,2.37923081707545,2.21490350903233,0,1,0,0,0,0,0
210500,2020,210000,17.1276947205234,28.5468783671338,48.9945437346966,2.84069672771211,3.35154759096938,3.89170893955736,1,4.03011813584672,0.608391608391608,1.39067361127774,0.220854370752553,3.29583686600433,1,4.51948295588057,5,0.737440846394747,8.88653136007298,2.8251229081275,2.06717516890665,0,1,0,0,0,0,0
210600,2011,210000,27.2663424144717,45.6616438145044,75.5165079721396,3.30565306298009,3.82125864164732,4.32435128099246,1,4.30423112416676,0.326835338034011,1.19675630906364,0.28196251019018,2.484906649788,0,6.06951639012616,3,0.680157791349021,7.88072080306745,2.85417053759986,2.03174930374285,0,0,0,0,0,0,0
210600,2012,210000,26.1229513049155,43.8526696454353,72.9701254574701,3.26281428825945,3.78083559827481,4.29005011707809,1,4.39401934204719,0.326819126819127,1.27674585741931,0.285809978078064,3.36729582998647,0,6.2584690807978,3,0.694965583627874,7.39853654873583,3.37897726814815,2.0023058107489,0,0,0,0,0,0,0
210600,2013,210000,28.6210034180072,47.7906471134715,78.8058325176203,3.35414083354192,3.86682995326992,4.3669870108458,1,4.47337947317257,0.327492699207343,1.32667434736434,0.286268410910731,2.83321334405622,0,6.399412113981,3,0.694189611619169,7.75756277360595,3.55205329088776,2.06925913368266,0,1,0,0,0,0,0
210600,2014,210000,28.3687646351011,47.1477429807085,77.6472947308596,3.34528870311063,3.85328613901979,4.35217670972005,1,4.52772077887325,0.327348643006263,1.26207922469301,0.275672594797301,3.2188758248682,1,6.29405001643429,3,0.701193504983729,9.32462949452034,1.9991028041035,2.16207095493951,0,1,0,0,0,0,0
210600,2015,210000,26.6277894096797,44.3486979697104,72.8552317104247,3.2819553851027,3.79208335025722,4.28847434489346,1,4.55675512271332,0.327524669326055,1.23932391228268,0.260783595907758,3.25809653802148,1,5.84675240455653,3,0.711028570885008,8.73758861548789,2.52596497797806,2.16349754161089,0,1,0,0,0,0,0
210600,2016,210000,23.7761893530542,39.3660328940084,65.198344165031,3.16868463254528,3.67290333518483,4.17743407236826,1,4.55110887468192,0.327731092436975,1.04606803893522,0.351833558053014,3.46573590279973,1,5.09932406853849,3,0.697373374619267,8.35707615195355,2.97703210752376,2.11070172903602,0,1,0,0,0,0,0
210600,2017,210000,21.3584117238019,35.614856569911,59.597806304249,3.06144565382743,3.57276287018399,4.08761876641822,1,4.58855435022567,0.331914893617021,1.05510890067963,0.293649913686761,3.09104245335832,1,4.90530294092729,3,0.698072729191997,8.57833138242713,2.5772193501759,2.19086354092834,0,1,0,0,0,0,0
210600,2018,210000,17.7358971825439,29.712756562106,53.0618778096551,2.8755906751921,3.3915764674696,3.97145873838972,1,4.61552269451462,0.333333333333333,1.0621570591738,0.182506504329186,3.3322045101752,1,5.01500780568109,3,0.71314675279639,8.19244243702881,3.08433774534188,2.14440317401331,0,1,0,0,0,0,0
210600,2019,210000,18.9966421769053,31.7199094643509,54.2120991788157,2.94426223601699,3.45694454254917,3.9929041156145,1,4.65751091684585,0.330472103004292,1.01689437303347,0.201132052482435,3.36729582998647,1,5.09571152988371,3,0.705605845830657,9.06675148756709,2.57803416117453,2.15121206974005,0,1,0,0,0,0,0
210600,2020,210000,17.3128260450364,28.8803824161294,48.7211366181065,2.85144761669651,3.36316255549268,3.8861129527294,1,4.73202177306043,0.331168831168831,1.02837533425042,0.15042343873214,3.91202300542815,1,5.22532934227754,3,0.710631166940386,8.89558876202242,3.32148905205721,1.98078793255344,0,1,0,0,0,0,0
210700,2011,210000,31.3186634613392,52.1886063021642,90.0398867518776,3.44421419656388,3.95486420099073,4.50025275828427,0,13.4611853231166,0.303924748621473,1.18475111712411,0.151071025820014,2.77258872223978,0,6.03669087916524,4,0.547188224019231,9.56313636586077,1.54177087287681,2.93704829216409,0,0,0,0,0,0,0
210700,2012,210000,31.2904003988318,52.3911383830629,88.9922503370526,3.44331135398216,3.95873746219843,4.48854929107633,1,13.6391587170645,0.304644365053589,1.24449122327995,0.153805453450694,3.09104245335832,0,6.19864131398352,6,0.555488417680199,8.69690171792313,2.57805483234487,2.90133505335967,0,0,0,0,0,0,0
210700,2013,210000,32.8230810482457,55.278550726608,94.555516596081,3.49113195841133,4.01238496215858,4.54918713920972,1,13.8869303996712,0.319385420071919,1.29058739065665,0.161458137071712,2.484906649788,0,6.34672661315204,6,0.540528957908218,9.37708001979092,1.62039780033294,3.03897376003388,0,1,0,0,0,0,0
210700,2014,210000,36.5507522040632,59.0517996765353,98.0275723503982,3.59870176612255,4.07841501934297,4.58524878961321,1,14.0136500678169,0.306911234850966,1.29478321807122,0.190359219200253,3.49650756146648,1,6.35604296787045,6,0.52471524819329,10.9386236143051,1.22738079450922,3.20915138133481,0,1,0,0,0,0,0
210700,2015,210000,31.1847805932133,52.7135083912304,89.8099659979587,3.43993017430201,3.96487174891067,4.49769594908306,1,14.1377852858823,0.321225542041248,1.28159700845593,0.113939000530863,3.25809653802148,1,6.13982777904551,7,0.489778957455545,10.3721598694181,1.48140225030288,3.07051879375728,0,1,0,0,0,0,0
210700,2016,210000,26.5225889697753,44.5629846510507,77.3742433209727,3.27799678384751,3.79690357387528,4.34865395158341,1,14.2618570262266,0.321192052980132,1.09879751599173,0.129054120695399,3.78418963391826,1,5.40338870014851,7,0.528528958760403,9.91429856973358,2.4839082840012,2.92134253011952,0,1,0,0,0,0,0
210700,2017,210000,24.4715733990686,41.5138636126154,75.3385387392511,3.19751217449122,3.72602743440464,4.32199180652564,1,14.3078874423928,0.324324324324324,1.13446811777441,0.148094710690089,3.78418963391826,1,5.30219419621549,7,0.510643821310353,10.6865312239165,1.62889911748623,2.7557367974326,0,1,0,0,0,0,0
210700,2018,210000,22.4561712539677,37.6978238909521,70.6013677520433,3.11156546523141,3.62960237106259,4.25704951756994,1,14.3945889414011,0.322033898305085,1.16057669800001,0.195656363565224,3.85014760171006,1,5.32323027434022,7,0.509527028211065,10.0497865248033,1.59053696553997,2.72024464111966,0,1,0,0,0,0,0
210700,2019,210000,22.8804266653662,38.7337561196584,68.8137276549843,3.13028181429954,3.65671147099973,4.23140325490482,1,14.4540403614929,0.324232081911263,1.08536602843255,0.219867561879377,3.76120011569356,1,5.36113723445991,7,0.52155888141007,10.7799637399667,1.85591949777166,2.71968651058481,0,1,0,0,0,0,0
210700,2020,210000,22.2394757375484,37.1398222355451,63.0775308974704,3.10186889615257,3.61468976957883,4.14436461892974,1,14.6131518039779,0.327022375215146,1.08717060489205,0.132453532962862,3.71357206670431,1,5.36021583353302,7,0.53433397553257,10.4429619395348,1.50484870802466,2.5719765520657,0,1,0,0,0,0,0
210800,2011,210000,31.766159615607,52.4768370324587,86.533269178991,3.4584015601314,3.96037187285875,4.46052895477855,0,15.2562813452482,0.386836518046709,1.44883805443138,0.228786109774893,2.83321334405622,0,6.34677783711909,7,0.593388886501392,9.66389581333251,2.16437656659343,3.42823603907763,0,0,0,0,0,0,0
210800,2012,210000,30.313131967269,50.3594418207577,83.2156052734635,3.41158101688513,3.9191861253331,4.42143489362233,0,15.7372272596244,0.389196086771587,1.52540353311554,0.250996393846569,2.99573227355399,0,6.4988347048542,7,0.613736113740338,9.10964630169727,2.98835088276577,3.24083303761578,0,0,0,0,0,0,0
210800,2013,210000,33.6832145556289,56.2882307900704,91.6807790036612,3.51699962887037,4.03048546871144,4.51831274991616,1,16.2730935326496,0.394838709677419,1.58929258353891,0.273957912932547,2.94443897916644,0,6.63572222869287,7,0.616587301509248,9.51996126472609,2.15208204077961,3.44139325285456,0,1,0,0,0,0,0
210800,2014,210000,34.2649774452301,55.6327309719512,90.1873358094704,3.53412376679243,4.01877171459447,4.50188901598602,0,16.4738363236694,0.396913844834976,1.59555400086877,0.272797477389226,3.04452243772342,1,6.53501653675846,7,0.612426589760515,11.1803467997268,1.52329416904182,3.42507829547818,0,1,0,0,0,0,0
210800,2015,210000,30.9576501234676,51.8881591412807,85.0629538232306,3.43262014543615,3.94909061657538,4.44339161557136,0,16.6264896464195,0.398890895021924,1.58108384106365,0.270777119062353,3.04452243772342,1,6.28706276485022,7,0.612275793734524,10.3701219765932,2.10984478971324,3.56463177065864,0,1,0,0,0,0,0
210800,2016,210000,27.2802225336383,44.9531537475914,74.3510406095038,3.30616199033342,3.80562091969318,4.30879766890108,0,16.7392676465807,0.399141630901288,1.361717141938,0.310726111192875,3.55534806148941,1,5.48043263293554,7,0.618619048760997,10.1704948674322,2.0656989208575,3.40489582074784,0,1,0,0,0,0,0
210800,2017,210000,25.1401831060701,41.6029208807568,70.1851680329176,3.22446748659103,3.7281703782821,4.2511370071263,0,16.9214987246728,0.400862068965517,1.39311963549565,0.297323727264433,3.66356164612965,1,5.55346762691339,8,0.611416666044129,10.8189767308638,2.32997368733102,3.30306791705738,0,1,0,0,0,0,0
210800,2018,210000,21.3891798717837,35.6830892251924,64.1095854609892,3.06288518069416,3.57467688538741,4.16059389191976,0,17.1122001068351,0.406926406926407,1.4258138757122,0.320433461514273,3.58351893845611,1,5.56595325338812,8,0.624432539774312,10.2464968106695,2.27285148126254,3.28058649653926,0,1,0,0,0,0,0
210800,2019,210000,22.9668044012022,38.0988900660615,65.36121577253,3.13404988648311,3.64018514958394,4.17992905154965,0,17.2337728783596,0.406926406926407,1.40553259537355,0.357202520741925,3.49650756146648,1,5.55316832591706,8,0.610257936020692,10.95476982948,1.76159283052563,3.26412844120231,0,1,0,0,0,0,0
210800,2020,210000,21.4008782006474,35.3273206144965,58.4618783791575,3.06343195859922,3.56465661967535,4.06837489018226,0,17.449150852017,0.40958605664488,1.40503467137814,0.354195811842178,3.8286413964891,1,5.57197073700083,8,0.638867064482636,10.623042516341,1.8130291130072,2.80497700528842,0,1,0,0,0,0,0
210900,2011,210000,27.2633071388368,46.6091719431447,84.3610026538652,3.3055417372825,3.8417973445788,4.43510524095798,0,7.47024531801231,0.406559083810515,0.942500289235194,0.0268879711346452,2.30258509299405,0,5.50085658140299,4,0.509007232475884,8.31262380029471,1.41842696314264,3.08087209322585,0,0,0,0,0,0,0
210900,2012,210000,27.9217883332628,47.8165859936176,84.409438419906,3.32940732789389,3.86737256662541,4.43567922496918,0,7.62898116977415,0.406576200417537,1.02582514765753,0.0320146317183219,2.39789527279837,0,5.72005873782127,5,0.528718805765804,7.5593735798186,2.31378635527665,3.04414567754917,0,0,0,0,0,0,0
210900,2013,210000,29.1099515816664,50.0968722605589,89.6630425793639,3.37108009446746,3.91395857621303,4.49605867278641,1,7.9005861532945,0.405546834118263,1.07468660037002,0.0335826008649043,2.94443897916644,0,5.83930574590917,6,0.518412297473678,8.26414682924443,1.63414120942208,3.23833295534288,0,0,0,0,0,0,0
210900,2014,210000,31.8791811593121,53.1638732119556,92.977665037425,3.46195316850156,3.97337909070852,4.53235930342211,1,7.99567058654337,0.404188481675393,1.05867225914081,0.036672631990379,3.04452243772342,0,5.55096835797826,6,0.492614826824092,9.68633025922231,1.20308874012319,3.00961295693464,0,0,0,0,0,0,0
210900,2015,210000,27.7946948123957,48.1482136576711,87.114126806242,3.32484516839896,3.87428403802677,4.46721906136417,1,8.10685549513587,0.403335620414841,0.97281767923488,0.0395983063790534,3.43398720448515,1,4.81423602715544,6,0.464698010984855,9.26768333880441,1.45848858801352,3.00699807569374,0,0,0,0,0,0,0
210900,2016,210000,23.3341565497115,39.8057520199304,72.7920731805822,3.14991823346082,3.68401142496176,4.28760706439214,1,8.24336483703308,0.402116402116402,0.816352986522242,0.0375277582560207,3.61091791264422,1,3.95221236260781,6,0.498600359204449,8.76828734062928,3.06206577735231,2.95680078666337,0,0,0,0,0,0,0
210900,2017,210000,21.4608729194019,37.2764985933089,72.4036100136955,3.06623141295505,3.61836306355316,4.28225616021622,1,8.35471554997871,0.403225806451613,0.827721214984052,0.0449075145126619,3.66356164612965,1,4.12338894484185,6,0.48542133879058,9.5842933419748,1.56822255351032,2.98454093703415,0,0,0,0,0,0,0
210900,2018,210000,19.6930834301908,33.6312255071389,66.4428058790038,2.98026747918152,3.51545496597847,4.19634151562644,1,8.4236378016123,0.4,0.836040222953415,0.0521603563550745,4.04305126783455,1,3.9110592147114,6,0.494051537747625,9.00570187225338,1.75168551289451,3.0213955830333,0,0,0,0,0,0,0
210900,2019,210000,19.7664099065771,33.888918127817,64.750811119011,2.98398402770199,3.52308806205886,4.17054622743572,1,8.50533571498197,0.402173913043478,0.883704784622255,0.0420038302519681,4.48863636973214,1,4.09712744160689,6,0.507128389764436,9.60269995233329,1.90777331418222,2.93454378077235,0,0,0,0,0,0,0
210900,2020,210000,19.6851465250233,33.3822154187907,59.996786629417,2.97986436785407,3.50802328567754,4.09429100461153,1,8.67886306035217,0.401098901098901,0.907522964964143,0.0335718911437285,4.07753744390572,1,4.28613504836973,6,0.508905064644693,9.31001407390754,1.51474831541856,2.85673051026784,0,0,0,0,0,0,0
211000,2011,210000,33.4752114263616,55.6721386536913,91.0535522526694,3.51080520750536,4.01947981808571,4.51144781971977,0,13.36972163522,0.410635964912281,1.39934946167708,0.0558257024303694,2.70805020110221,0,5.76012953022738,3,0.58974082001618,8.33056915616301,2.02529642285542,2.65962792419364,0,0,0,0,0,0,0
211000,2012,210000,32.3945855728044,53.9937613231534,88.5669867487148,3.47799129688304,3.98886850883733,4.48375917811501,1,13.5878604652495,0.488075429839157,1.48103446365622,0.057551746572293,1.6094379124341,0,5.89597252779957,3,0.60105918262686,7.86537588130715,2.71714425012041,2.57860959704169,0,0,0,0,0,0,0
211000,2013,210000,36.2201056409826,60.908320352784,99.3578429955635,3.58961436909879,4.10936978858218,4.59872790896768,1,14.0168426400108,0.487777777777778,1.52514129818047,0.0527425257432346,1.6094379124341,0,6.03383716598165,3,0.600861227086612,8.37804284302262,2.6219761503739,2.68719915472218,0,0,0,0,0,0,0
211000,2014,210000,36.4704335119608,59.915759027462,97.3921881452895,3.59650189155994,4.09293955945884,4.57874600358486,1,14.1550557999586,0.486937187326292,1.46914400303029,0.0612789531897652,2.30258509299405,0,6.04980458423693,3,0.591006121465138,10.0988128289867,1.40529204059679,2.65278405615336,0,0,0,0,0,0,0
211000,2015,210000,32.4842614160845,55.4659179371574,91.8057351157925,3.48075570792148,4.01576874089876,4.51967476970326,1,14.3571140053265,0.48720384443451,1.48375615913062,0.0678957215425972,1.94591014905531,1,5.596589073285,3,0.601777553132602,9.42279363486086,2.06245596645765,2.70536488321316,0,0,0,0,0,0,0
211000,2016,210000,27.7796331501775,45.6851984338185,77.4307491266033,3.32430313170184,3.8217743599635,4.34938397724016,0,14.4700412424097,0.486033519553073,1.14353743899303,0.106602107653561,2.70805020110221,1,4.75113692330291,3,0.608222453083311,9.02023294744857,2.62487071672359,2.61577190670525,0,0,0,0,0,0,0
211000,2017,210000,26.0336335203453,43.1247899486306,72.9999638150559,3.25938929898219,3.76409800458327,4.2904589454641,0,14.5833122458158,0.485875706214689,1.22845138690238,0.0704837221185466,2.63905732961526,1,4.6454090693459,3,0.598679590650967,9.61151199432279,1.84028241356725,2.63041874477087,0,0,0,0,0,0,0
211000,2018,210000,22.0141469234605,36.7624889475275,65.3427780370083,3.09168528867089,3.60447800323478,4.1796469219053,0,14.676320134298,0.485714285714286,1.30694353222086,0.05570413120722,2.89037175789616,1,4.5846661055915,3,0.610704081824848,9.16250787668979,2.10591079215484,2.67182137101186,0,0,0,0,0,0,0
211000,2019,210000,23.4221851480393,38.9317788775772,68.1356017548913,3.15368365646614,3.66181085483932,4.22149986296569,1,14.7612495141913,0.488505747126437,1.26885284686015,0.0448787312125159,2.94443897916644,1,4.46984642376195,3,0.599465305038861,9.88660035437997,2.06882259168797,2.67355426639442,0,0,0,0,0,0,0
211000,2020,210000,22.7913438362062,37.5104934698819,63.347668390272,3.12638080756595,3.62462071969593,4.14863810088496,1,14.853703556931,0.48695652173913,1.27758982839145,0.0435431826857599,3.13549421592915,1,4.4983675541922,3,0.609528572644506,9.53954236309693,2.11333260095002,2.50177855796939,0,0,0,0,0,0,0
211100,2011,210000,34.409444372772,56.4001028772639,93.1675360165061,3.53833107241869,4.03247098256731,4.5343993350088,0,21.1938154771621,0.496189024390244,1.8481636164543,0.0461808160527618,2.39789527279837,0,6.2100091793739,0,0.520120875766644,9.65809285325595,1.91501946583319,3.31547799006856,0,0,0,0,0,0,0
211100,2012,210000,33.7893831015485,55.5920630596681,91.6996696923934,3.52014664372463,4.01804044034129,4.51851877721006,0,21.613061346683,0.49611801242236,1.93413768871789,0.0563409423595615,2.484906649788,0,6.3843603156028,0,0.537612638221337,8.97195424570785,2.85816493114365,3.16637939769521,0,0,0,0,0,0,0
211100,2013,210000,35.8484438496502,59.6360651038629,96.8666426155748,3.57930015884131,4.08826051025284,4.57333521417735,0,22.0613582542,0.496899224806202,1.98467629564698,0.0599195710094542,2.30258509299405,0,6.52476864992775,5,0.547082414993873,9.45969847191057,1.89502114277269,3.3540335619439,0,1,0,0,0,0,0
211100,2014,210000,37.477974233973,58.8279997556413,93.041323651581,3.62375340665585,4.07461792788428,4.5330437348029,0,22.3156779342841,0.497678018575851,1.94401679122247,0.0431940245253144,3.13549421592915,1,6.53168702439711,5,0.527640112890647,11.0837175304736,1.4053563596307,3.40322958198849,0,1,0,0,0,0,0
211100,2015,210000,32.5197045977107,54.4896893834751,89.0712368309407,3.48184620092712,3.99801149814703,4.48943646340261,0,22.6081332566189,0.497915701713756,1.91014809147808,0.0441199254623583,3.52636052461616,1,6.36845523255082,5,0.529879120680002,10.3482617752975,1.87621149170835,3.45267358830209,0,1,0,0,0,0,0
211100,2016,210000,27.100230081158,44.537877225462,76.0480362627809,3.29954221792925,3.79634000073525,4.33136519671223,0,22.7837935584001,0.792307692307692,1.71053055428841,0.141975687051565,3.78418963391826,1,5.86310491652302,5,0.540184066845821,10.062466858725,2.23625875199914,3.28506174422688,0,1,0,0,0,0,0
211100,2017,210000,26.2207252294084,43.3009195761026,74.3860402615962,3.26655013735077,3.76817387210632,4.30926829334164,0,23.0325492261222,0.784615384615385,1.75784995084932,0.0976325313653564,4.24849524204936,1,5.82571975419975,5,0.522744507743762,10.7688419992361,2.13904993409626,3.14924660612938,0,1,0,0,0,0,0
211100,2018,210000,23.4719248445987,38.9805776051808,69.1296850265807,3.15580501947827,3.66306351195785,4.23598423369887,0,23.3143442946839,0.792307692307692,1.80409148915514,0.139053423305821,4.21950770517611,1,6.02084459277133,5,0.523686813620421,10.1744280880273,2.00954657241883,3.1183394228968,0,1,0,0,0,0,0
211100,2019,210000,24.024706843436,40.4890512960063,67.2538808809974,3.17908275263565,3.70103159919427,4.20847472508451,0,23.4863609069537,0.792307692307692,1.83661841180966,0.16684909285924,4.33073334028633,1,5.954658955224,5,0.529335167545539,10.8783426569527,1.78281011537429,3.10432091297075,0,1,0,0,0,0,0
211100,2020,210000,23.1278717368156,38.2273106129575,61.2303990202938,3.14103845890204,3.64355019767843,4.11464378221359,0,23.8704993356422,0.791505791505791,1.85070626328377,0.156346302248376,4.14313472639153,1,5.87717536625949,5,0.543115384876728,10.5605061826325,1.65775372344672,2.72788340327754,0,1,0,0,0,0,0
211200,2011,210000,31.1663425543845,52.6592081760936,86.0349308750954,3.4393387482479,3.96384111742062,4.45475338675382,0,6.35053920130402,0.146277468022302,1.02807148463427,0.0407167476743506,2.30258509299405,0,6.14792502403328,2,0.580745951295486,7.15677736929564,1.5333323385552,2.16961524572052,0,0,0,0,0,0,0
211200,2012,210000,31.0333879169896,52.5691223056819,85.2917037084684,3.43506365448521,3.96212891896594,4.44607718960892,1,6.42722073943665,0.145929847782925,1.09059632666047,0.0355527741782649,2.19722457733622,0,6.3186908707602,4,0.607708657463196,6.61188266639224,2.35278621535771,2.1359581568735,0,0,0,0,0,0,0
211200,2013,210000,33.7725035479806,57.5527700988002,93.5382648554956,3.51964696691701,4.05270226778535,4.53837060236618,1,6.64126056182784,0.145412388208016,1.11421850203786,0.0513238062763592,2.89037175789616,0,6.43922089173873,5,0.595239266239364,7.14227456494845,2.72362442027804,2.36394852987052,0,0,0,0,0,0,0
211200,2014,210000,31.914209002356,53.797282148699,88.6756422817163,3.46305133389065,3.9852229482095,4.48498524373147,0,6.686799326606,0.145033112582781,0.994558638045576,0.0728138810529279,2.30258509299405,0,5.94895908221175,5,0.601523577579724,8.80474196230789,1.45926205732302,2.4032706799423,0,0,0,0,0,0,0
211200,2015,210000,30.8830734842921,53.3509509065392,87.6995890307734,3.43020825013554,3.97689180151655,4.47391721328704,0,6.75613724483608,0.144883148012518,0.901447647470399,0.0621336524879749,3.04452243772342,1,5.46294478997486,5,0.609192821192624,8.2841502555257,1.85206684220166,2.50446873900369,0,0,0,0,0,0,0
211200,2016,210000,25.7625147513237,42.8742686874236,72.11818637875,3.2489205188054,3.75827184848754,4.27830625074701,0,6.80828457407802,0.143333333333333,0.763898600093654,0.0429290526179903,3.04452243772342,1,4.26982059505666,5,0.599345531810093,7.52314432603418,2.76303897622061,2.70500266447291,0,0,0,0,0,0,0
211200,2017,210000,24.7235007462463,41.6656800712059,71.9671617429124,3.20775423851137,3.7296777700628,4.27620992807279,1,6.85521717039577,0.551020408163265,0.765371001021496,0.032495471411007,2.56494935746154,1,4.07079456851627,5,0.600296974475748,7.99421804543486,1.79263872232509,2.79360919953169,0,0,0,0,0,0,0
211200,2018,210000,20.8032329457684,34.8405159895888,63.2537307780536,3.03510840471429,3.55078096213837,4.14715411050136,1,6.88337811508347,0.147260273972603,0.763165135837858,0.0661607627380873,2.63905732961526,1,3.91196521974175,5,0.598065448071569,7.66044887691901,2.04050394715059,2.79643027774498,0,0,0,0,0,0,0
211200,2019,210000,22.0269226792167,36.283729680534,64.8809236346033,3.09226546332286,3.59136942262391,4.17255364575088,1,6.90523561265935,0.145328719723183,0.781870202435741,0.0509234330044393,1.94591014905531,1,4.01429734087883,5,0.595277269338739,8.43114355740884,2.64302449759209,2.784372789158,0,0,0,0,0,0,0
211200,2020,210000,22.0077639523212,36.0668432552126,59.6192610976644,3.091395298025,3.58537397390269,4.08797869464183,1,6.95332626801744,0.145104895104895,0.804224446193451,0.0489756716586222,3.55534806148941,1,4.1055958496366,5,0.602840253431809,8.02438728065647,2.05819907592671,2.60729992248931,0,0,0,0,0,0,0
211300,2011,210000,25.2385043438873,45.2464817489479,89.2671817505152,3.2283707785435,3.81212491571867,4.49163391474239,0,5.9116725057318,0.178005865102639,0.913814456196731,0.042766976380699,1.79175946922805,0,5.92250039507788,3,0.526036061225971,9.27408619517056,1.33719181362038,2.67747284054574,0,0,0,0,0,0,0
211300,2012,210000,25.7610861704097,46.2833082673977,89.1165117077215,3.24886506534761,3.8347813835087,4.48994463389274,0,6.0442765579,0.178508514386377,0.976424895484626,0.0428367506761539,2.484906649788,0,6.08109325785304,3,0.550010171426539,8.26097304614101,2.07733998589816,2.65055242589152,0,0,0,0,0,0,0
211300,2013,210000,26.6934728986727,48.2810974898359,97.4867733139772,3.28441907479694,3.87704012774056,4.5797167104832,0,6.23624676160225,0.17879234167894,1.0189568991198,0.0409263677285076,2.19722457733622,0,6.19770798811945,3,0.53422283952676,9.17714636846337,1.41387379518682,2.81762028410794,0,0,0,0,0,0,0
211300,2014,210000,29.0742961433358,51.0303453818769,100.798360512809,3.36985448979995,3.93242046326534,4.61312209075112,0,6.27899514255758,0.17968291250734,1.00441749901339,0.0580789850462418,2.89037175789616,0,6.20519095291614,3,0.525634766685924,10.6472674989979,1.2798301798458,2.76629709707827,0,0,0,0,0,0,0
211300,2015,210000,24.0503240238946,43.3780616572807,83.592594309833,3.18014846938802,3.7699538215346,4.42595493135618,0,6.34117585188006,0.179260780287474,0.911211253467497,0.0728151704442494,2.77258872223978,1,5.69268713183916,3,0.509868700913241,10.1957406577316,1.32094099935812,2.82115899893461,0,0,0,0,0,0,0
211300,2016,210000,21.0854502918835,37.9227102166466,72.8454295504503,3.04858324300006,3.6355501467908,4.28833979286186,0,6.40855161348409,0.178885630498534,0.801636469260897,0.0740418119130561,3.13549421592915,1,4.96060903284617,7,0.539704577340277,9.59725772658759,2.06959950658325,2.77409495928538,0,0,0,0,0,0,0
211300,2017,210000,20.0010533524531,36.5786223384172,73.7478090081594,2.99578493978976,3.59946398064654,4.30065128641469,0,6.48039137339865,0.181547619047619,0.829762870220573,0.0475027808074372,2.94443897916644,1,4.94700202154371,7,0.526789644485924,10.3781605479835,1.89224682806658,2.75893646945869,0,0,0,0,0,0,0
211300,2018,210000,18.3980129639967,33.2215705770383,71.816548171936,2.91224266769635,3.50319938112412,4.27411492543094,0,6.52605483206342,0.181547619047619,0.850907712672358,0.0525056199448434,2.83321334405622,1,4.89444054047087,7,0.530654184737252,9.83976365089985,1.18275254845943,2.7590600516962,0,0,0,0,0,0,0
211300,2019,210000,17.1576355010289,31.0028494559203,62.1342655946631,2.84244329325039,3.43407911819386,4.12929761767677,0,6.56638616582707,0.182089552238806,0.853210692510496,0.0468229520672959,2.99573227355399,1,5.09272415015268,7,0.529306056719382,10.4249026912715,1.55619578842303,2.76365717262892,0,0,0,0,0,0,0
211300,2020,210000,17.619509894929,31.528813566263,59.7975712012043,2.86900680485041,3.45090184412279,4.09096504476728,0,6.65591286275298,0.184012066365008,0.878694464974424,0.0456088724428428,3.91202300542815,1,5.226703755505,7,0.543750347635893,9.94788872055409,1.29862781934142,2.76011532763607,0,0,0,0,0,0,0
211400,2011,210000,29.640665378378,50.9461264283423,92.7019945240625,3.38914724883914,3.9307687298569,4.52938998824177,0,8.82267572648154,0.352292925702097,0.89522776285851,0.12778128513825,2.83321334405622,0,5.62891383403007,7,0.574345862394885,10.2729619584112,1.54951791760854,2.63260153157754,0,0,0,0,0,0,0
211400,2012,210000,28.594629045828,49.4286181342241,89.6111195777606,3.35321890458959,3.90052957091401,4.49547941471118,1,8.95003341935886,0.351785714285714,0.945051725841416,0.118856567683267,2.83321334405622,0,5.81333133205895,7,0.597194550068755,9.31393339223201,2.58465597198746,2.60503517600935,0,0,0,0,0,0,0
211400,2013,210000,30.8936996645768,53.6656455983424,99.107562496149,3.43055226876416,3.98277305001751,4.59620575019174,1,9.14138507049226,0.351554126473741,0.978178157453408,0.106200480212848,2.89037175789616,0,5.93791818141691,7,0.585151319048907,9.98793971987378,1.63097742525797,2.73099922165518,0,1,0,0,0,0,0
211400,2014,210000,33.3907058097708,56.2879532208787,102.602361021929,3.50827759209007,4.03048053748741,4.63086094438154,0,9.2155151255423,0.352689704310652,0.926166844241825,0.158039104643514,2.56494935746154,1,5.77834140991795,7,0.555938909908659,11.5404502417981,1.28990780991401,2.83440364522603,0,1,0,0,0,0,0
211400,2015,210000,28.3155603298862,48.7927346822349,88.463027707948,3.34341148852364,3.88758142231305,4.48258469871346,0,9.29136078937611,0.336094252052838,0.926318088001799,0.138357353238088,2.89037175789616,1,4.72715376644265,7,0.561305450373574,11.0288818834416,1.44450822056974,2.78965571472585,0,1,0,0,0,0,0
211400,2016,210000,24.8225671957576,42.70774050549,77.4863899183907,3.21175320697231,3.75438018028116,4.35010230698112,0,9.35129330642979,0.35,0.855452882409524,0.0754894132325125,2.30258509299405,1,4.64575056934678,7,0.573765976648582,10.541530938032,2.32268385696343,2.72103483144445,0,1,0,0,0,0,0
211400,2017,210000,23.1164451027718,40.3146759014112,76.0633852088704,3.14054427345149,3.69671556894831,4.33156700859451,1,9.42609735064488,0.350180505415162,0.907919753765637,0.138282089991689,3.55534806148941,1,4.82968738070688,7,0.551188909301632,11.2976627071347,1.83128733777483,2.59700539846502,0,1,0,0,0,0,0
211400,2018,210000,21.026624742297,36.4144792825248,71.8550734452198,3.04578947955808,3.59496647803516,4.27465122165664,1,9.49489676411675,0.351449275362319,0.954291122237693,0.101765472807603,3.46573590279973,1,4.69877409465458,7,0.574781954484551,10.6603235600747,1.48868464855097,2.5755364103856,0,1,0,0,0,0,0
211400,2019,210000,21.1035574550699,36.4550548236059,67.1045593158074,3.04944162603702,3.59608012712795,4.2062519897439,0,9.53899491234464,0.351449275362319,0.942084934494618,0.122727844927319,3.87120101090789,1,4.78220750467484,7,0.555209585710576,11.3514881555136,1.72269804196723,2.60301093007072,0,1,0,0,0,0,0
211400,2020,210000,19.8140767089206,33.9084017504123,60.0765760747174,2.98639262999386,3.52366282292453,4.09562001639646,0,9.6544046154778,0.351005484460695,0.916219456539225,0.127270761130098,4.20469261939097,1,4.81939707635755,7,0.593642857121794,10.9626434178926,1.42838339932991,2.58259835549626,0,1,0,0,0,0,0
220100,2011,220000,33.3060682315181,56.2349451527121,88.4706365358722,3.5057396095594,4.02953836353253,4.4826707064041,0,7.14450733342296,0.478865844053557,1.45682988929801,0.280032181651105,4.84418708645859,0,7.29744475861274,13,0.527888214290142,5.50424457426783,1.42122366065305,2.81337942992973,0,0,0,0,0,0,0
220100,2012,220000,31.9374138487263,53.77179349624,85.350142762182,3.46377817046444,3.98474904522608,4.44676212190668,0,7.30840234715536,0.479587792310741,1.52715441865304,0.278751448354556,5.28320372873799,0,7.53914896296597,14,0.554983571395278,4.88303620175313,2.08403887684952,2.7383158298873,1,0,0,0,0,0,0
220100,2013,220000,36.202870667228,62.1813344524785,96.3419131620095,3.5891384158873,4.13005486552091,4.56790345944386,0,7.7054894602994,0.483326690580577,1.60614449135883,0.252830436020233,5.35658627467201,1,7.57673492874188,14,0.549296098021338,5.17714434684435,2.00734224494167,3.02691764198325,1,0,0,0,0,0,0
220100,2014,220000,33.0451622662418,56.1571057625563,88.4948510440917,3.49787517937312,4.02815322282254,4.4829443700286,0,7.80488770640367,0.484892658362046,1.64859277961665,0.238366810731297,5.44241771052179,1,7.7063009546542,14,0.535173572599888,6.88184317036798,1.54909088341568,2.74720663165244,1,0,0,0,0,0,0
220100,2015,220000,31.6371661865737,54.4416438993744,87.7211090145357,3.45433257462075,3.99712937386252,4.47416256613434,0,7.90655327483229,0.5785256622846,1.67741504649267,0.157556845346048,5.73009978297357,1,7.85052343124382,14,0.54939499989152,6.61553397321427,2.50413537816367,2.98063306455675,1,0,1,0,1,1,1
220100,2016,220000,25.6158144464965,42.1653283542846,70.691635939817,3.24320991257168,3.74159828036222,4.25832726236546,0,8.0409112291995,0.579017264276228,1.73175935268841,0.157197693271522,6.02102334934953,1,7.9103744253681,14,0.552205713093281,5.86533033488773,5.20138518573666,3.033889692617,1,0,1,1,1,0,0
220100,2017,220000,25.4382540394903,42.2499536844911,73.2254400322801,3.23625410559356,3.74360325757752,4.29354290201333,0,8.17032693041024,0.584779706275033,1.78021394285561,0.144699688313687,6.41999492814714,1,7.97777336652344,14,0.540808928534389,6.47648996383288,3.46304758085169,3.13218369468126,1,0,1,1,1,0,0
220100,2018,220000,20.1745130488257,32.8998228561246,60.4632431485477,3.00442007749921,3.49346727344451,4.10203562913907,0,8.30163146033099,0.588548601864181,1.82148735193871,0.238411777242541,6.53813982376767,1,8.00822650325715,14,0.556600713580847,6.27956056136239,3.38148858664553,3.11611987390714,1,0,1,1,1,0,0
220100,2019,220000,21.899411053589,35.9508707902708,63.580745353024,3.08645974393066,3.58215330613436,4.15231067848761,0,8.43470835938813,0.590185676392573,1.64710712899801,0.238411777242541,6.77078942390898,1,7.78472034401342,14,0.549102858304977,7.11144460812765,2.30991614502063,3.11496485689334,1,0,1,1,1,0,0
220100,2020,220000,23.6775677759423,39.0103958569659,58.3469477924638,3.16452809257595,3.66382817104375,4.06640704875198,0,8.47752181014862,0.556039850560399,1.68710313822088,0.238411777242542,6.8501261661455,1,7.86414718353703,14,0.538716070502996,6.46468636293684,1.90133659790222,3.00612748920714,1,0,1,1,1,0,0
220200,2011,220000,29.0214665842828,48.6552872759329,77.6504040286693,3.36803578319779,3.88476048260208,4.3522167527836,1,2.45890552010128,0.422340180013847,1.43336644623462,0.0371733600700466,3.91202300542815,0,6.83984447545616,13,0.631380408934417,4.78152414206321,1.54272985534317,2.29964841125696,0,0,0,0,0,0,0
220200,2012,220000,27.3990147257072,46.0242306062948,74.5603748692945,3.31050705383169,3.82916801011455,4.31160919811811,1,2.54708626959283,0.423166202414113,1.4937355628723,0.0298604099185929,3.61091791264422,0,7.05895723477206,13,0.672890009736146,4.30675045452834,2.40762695768074,2.21337405082745,0,0,0,0,0,0,0
220200,2013,220000,30.3865877114862,51.0356466817327,82.065360296329,3.41400131735649,3.93252434311314,4.40751600655175,1,2.6956249753786,0.423677464460499,1.5380726160705,0.0260851375895867,4.00733318523247,0,7.05292600189299,13,0.655358930858773,4.83646660924181,2.72777626378039,2.50061071251193,0,1,0,0,0,0,0
220200,2014,220000,28.5243063491694,48.2644657803354,77.8086063864271,3.35075657815779,3.87669559177015,4.3542520469997,1,2.75005268533473,0.42529810614917,1.4586781356492,0.0367166383532507,4.46590811865458,1,7.20016308427328,13,0.659274974757284,6.25683193700531,1.95591107006408,2.39295274036202,0,1,0,0,0,0,0
220200,2015,220000,26.8326385709745,45.1837292139477,73.575413542273,3.28961900365629,3.81073704888955,4.29831091479383,1,2.78214616524323,0.426707957957958,1.46603576066288,0.0275887008607008,4.52178857704904,1,7.31885731512631,13,0.677426618568446,5.9803652816693,2.25483367187261,2.54305099458984,0,1,0,0,0,0,0
220200,2016,220000,22.6434524618464,37.5814694421285,61.7375072884028,3.11987073560678,3.62651109492732,4.12289164392145,1,2.82936079901268,0.431279620853081,1.48183910798815,0.0210380151311746,4.7361984483945,1,7.40291863389255,13,0.683066384192208,5.40138905006342,3.74877292026532,2.51976547206925,0,1,0,0,0,0,0
220200,2017,220000,22.8261698834433,38.3459693105777,62.2446479519296,3.12790767964482,3.64664941956671,4.13107255497278,1,2.89607119881034,0.433734939759036,1.42394388955856,0.0272214022297348,4.72738781871234,1,7.03231549132884,13,0.666472176620249,5.72790422911081,3.10723667146439,2.61802617405715,0,1,0,0,0,0,0
220200,2018,220000,17.5667124462238,29.4588746705353,52.4183735994973,2.86600577292271,3.38299521174873,3.95925717107851,1,2.9364072664549,0.434782608695652,1.35966384984114,0.0357874543595651,4.97673374242057,1,7.04384761174253,13,0.685586397495791,5.78254409907238,3.1476155195973,2.58615118396559,0,1,0,0,0,0,0
220200,2019,220000,18.4483649680206,30.819346345402,52.2909205199261,2.91497574694011,3.42814262088711,3.95682275217448,1,2.97664265631387,0.436893203883495,1.04424375463983,0.0357874543595651,5.06890420222023,1,6.35771757424599,13,0.671778718200523,6.61864495089238,2.43159108461943,2.61127765809278,0,1,0,0,0,0,0
220200,2020,220000,19.1183319959878,31.9753840458087,49.4671026896264,2.95064766511417,3.46496635820775,3.90130785650664,1,2.97358984604126,0.438574938574939,1.06535030074577,0.0357874543595651,5.01063529409626,1,6.43254330670279,13,0.669244061977282,6.1765708310393,2.21127199287219,2.51595119240123,0,1,0,0,0,0,0
220300,2011,220000,29.9849425866398,51.6394536621089,85.0827154272303,3.4006953418826,3.9442859861802,4.44362390598669,0,5.76173759152321,0.177660510114336,1.03266390124461,0.0167003505937549,2.94443897916644,0,5.65894592135041,6,0.513799466886876,6.60868534750569,1.32569587287436,2.39539359737641,0,0,0,0,0,0,0
220300,2012,220000,29.8841609997653,51.3552348066409,83.9632924435849,3.39732860758952,3.93876687483282,4.43037970861407,0,5.8685694229789,0.179304192685103,1.11323056488134,0.018519259068513,2.63905732961526,0,5.82731376333894,7,0.54896184598437,5.91718618443398,2.13904901226775,2.35821761224625,0,0,0,0,0,0,0
220300,2013,220000,32.9583527306582,57.1037589917111,92.5298676814702,3.49524472596037,4.04486994622389,4.52753148625311,0,6.09952271995917,0.179354445797808,1.16589092345804,0.0178940066716316,2.07944154167984,0,5.95088847889885,7,0.548693876644099,6.33556149256207,2.09906273429684,2.62595985884782,0,0,0,0,0,0,0
220300,2014,220000,30.9792720780087,53.1066025743225,87.3250202544662,3.43331833819908,3.972301262784,4.46963702263637,1,6.15615572062307,0.178908869247181,1.15945226807506,0.0246851015548162,3.09104245335832,0,6.0434627610486,7,0.537582965185924,8.21641093624084,1.4348292747142,2.51359824881362,0,0,0,0,0,0,0
220300,2015,220000,30.4637569284126,53.6275055392818,88.6042004124801,3.41653767959907,3.98206209949993,4.48417926520601,1,6.24917869843248,0.178916087129684,1.17596200135341,0.0185145844625645,2.77258872223978,1,6.16216427726211,7,0.547493344138128,7.74316180570248,1.86542396620793,2.71823410811998,0,0,0,0,0,0,0
220300,2016,220000,24.9925837334011,42.182041155843,71.4852430918193,3.21857913019473,3.74199456543605,4.26949103807434,1,6.32281126813005,0.179012345679012,1.14910816585183,0.00410199849498037,2.484906649788,1,6.24848169972452,7,0.533394854631483,6.82025717817004,3.21444177333406,3.04698252559054,0,0,0,0,0,0,0
220300,2017,220000,23.8886925085253,40.6388300823294,72.6584117578883,3.17340523018429,3.70472401551161,4.28576916800596,1,6.40531279602565,0.2125,1.05602865486537,0.0167003505937548,3.46573590279973,1,6.20153491107096,7,0.527125110907584,7.36458613991254,1.98118907483798,3.1715850639138,0,0,1,0,0,1,0
220300,2018,220000,19.7444919656912,33.0996514484751,62.1698938647128,2.98287456463759,3.49952275207002,4.12987086110129,1,6.46182273879582,0.213166144200627,0.957500375536997,0.0167003505937548,3.91202300542815,1,5.74248870458072,7,0.546759538398766,7.05946770778788,2.39505888088514,3.15517891520406,0,0,1,1,0,0,0
220300,2019,220000,20.7091880535717,34.5879528749472,64.0104693863731,3.03057746911367,3.54350543862898,4.15904665414332,1,6.4999794757013,0.210691823899371,0.850178680549568,0.0167003505937548,3.17805383034795,1,5.83586314729853,7,0.540377107836445,7.88079080768447,2.64000542029082,3.11069506590492,0,0,1,1,0,0,0
220300,2020,220000,21.8084397199019,36.2222174618065,58.2947459326746,3.08229703798925,3.58967267260796,4.06551196807187,1,6.52259575859874,0.252371916508539,0.725351914647985,0.0167003505937548,3.58351893845611,1,5.92716929004706,7,0.538373557862288,7.27688744133263,1.82062098992663,2.94149314212603,0,0,1,1,0,0,0
220400,2011,220000,29.427190094007,50.4139337871862,82.2856626913763,3.38191908007946,3.92026760089966,4.41019688462586,0,3.7259361659002,0.386122448979592,1.26971410265565,0.0138113384858779,1.38629436111989,0,5.44910510401678,4,0.57298106924597,6.18685447871209,1.69170042951571,2.04981540327069,0,0,0,0,0,0,0
220400,2012,220000,28.6621917818783,49.039669352284,81.1693962079107,3.35557889476827,3.89262954919666,4.39653828213399,1,3.80352625861414,0.387704918032787,1.39547484325968,0.0178293712209332,1.6094379124341,0,5.71077723134755,4,0.614913944020329,5.63599316406088,2.41253341799763,2.03622297361507,0,0,0,0,0,0,0
220400,2013,220000,32.0186174481069,54.7579310994154,89.1167583588132,3.46631752887582,4.00292221846867,4.48994740162619,1,4.03997545287019,0.388843314191961,1.4913139394316,0.0194808236775881,1.79175946922805,0,5.70601381834924,4,0.594074006899294,6.15894824606291,3.06372907394818,2.31729815155738,0,0,0,0,0,0,0
220400,2014,220000,29.4942343717981,50.4456889739825,83.1366940918588,3.38419479922011,3.9208972916912,4.42048616988572,1,4.07282291817583,0.38752052545156,1.4729144844492,0.025444670120412,0.693147180559945,0,5.75322926765081,4,0.590509466378086,7.6445232623045,1.73214657335521,2.35233863408257,0,0,0,0,0,0,0
220400,2015,220000,29.264778866734,50.5182794249054,80.1259737979087,3.37638470647797,3.92233523959642,4.38360006865102,1,4.09659572373302,0.385927152317881,1.51913428553897,0.0235210465355437,1.79175946922805,1,5.87192751783461,4,0.61253356430904,7.24151972733845,2.33808952982765,2.48393726940861,0,0,0,0,0,0,0
220400,2016,220000,24.0136966908507,40.2936767872258,65.8794909023457,3.17862436301534,3.6961945530992,4.18782717762848,1,4.15717520908069,0.383333333333333,1.55401223892672,0.0259337017726812,1.09861228866811,1,5.95372869011376,4,0.607290876558028,6.53109247677807,3.90025692659734,2.5869458382397,0,0,0,0,0,0,0
220400,2017,220000,23.5540078366008,39.9963315390315,64.6956218826557,3.15929599012716,3.68878773838396,4.16969353125214,1,4.26057027053873,0.38135593220339,1.45814683408731,0.0254375081830353,1.09861228866811,1,5.88488117791041,4,0.595931152622384,6.88909053808966,2.82302703930584,2.68806915274052,0,0,0,0,0,0,0
220400,2018,220000,18.4366084169124,31.076057238961,54.0967542108427,2.91433827588198,3.43643765898894,3.99077418794987,1,4.33092516156135,0.384615384615385,1.3560500769155,0.0176972484801474,1.79175946922805,1,5.88198131633913,4,0.600741824112743,6.76258791080688,2.84148571269275,2.66682384296356,0,0,0,0,0,0,0
220400,2019,220000,19.5645928707001,32.6699195116164,55.0922902364927,2.97372144638377,3.48645476193123,4.00900978325606,0,4.41194890931524,0.384615384615385,1.05640803632336,0.0176972484801474,0.693147180559945,1,5.90069394210894,4,0.591127368700073,7.54823284767348,2.67734302201908,2.6658752807403,0,0,0,0,0,0,0
220400,2020,220000,20.4981742051956,34.4689726624732,53.3878262745273,3.02033581901681,3.54005957626894,3.97758274758937,0,4.47435033407186,0.385281385281385,1.09303670162085,0.0176972484801474,1.94591014905531,1,5.99562724140979,4,0.593449227063053,7.18070575890674,2.22850317116931,2.51062887609525,0,0,0,0,0,0,0
220500,2011,220000,26.361732117188,45.1156794764557,75.8223668481556,3.27191341753574,3.80922984632065,4.32839332627407,1,2.26117686083348,0.197345132743363,1.15153539230366,0.059131299507022,2.07944154167984,0,5.83838960206638,5,0.666253968521401,6.51137029440061,2.35502647129097,1.71285866116932,0,0,0,0,0,0,0
220500,2012,220000,25.5383031496699,43.7927852109287,74.6245343836615,3.24017940946496,3.7794690826027,4.31246933227838,1,2.31608711887115,0.196794300979519,1.22435726960885,0.0377461976160591,2.39789527279837,0,6.10947745027602,7,0.678837156099547,6.04997307399289,2.92221029899943,1.76928470707903,0,0,0,0,0,0,0
220500,2013,220000,27.6341290851998,47.1877084654311,80.5013814156424,3.31905156986913,3.85413344480995,4.38827434472004,1,2.44658150345468,0.199280251911831,1.30974392166345,0.0364737492670063,2.70805020110221,0,6.11844881385593,8,0.673877130320043,6.53075776680331,3.65385734487531,2.00051250878727,0,0,0,0,0,0,0
220500,2014,220000,26.953987613964,45.8668552414692,77.994585542444,3.29413124982189,3.82574274819192,4.35663940815767,1,2.47798609418852,0.199369936993699,1.30624745841428,0.0464454080126257,1.09861228866811,0,6.22752990806938,8,0.685354497084402,7.86756301954045,1.97891909540999,2.16003980331724,0,0,0,0,0,0,0
220500,2015,220000,26.1217849995508,44.4748642137971,73.940512074697,3.26276964049405,3.79492418045667,4.30326087902815,1,2.50033935257551,0.199231117141565,1.30460331489848,0.0392441178427972,2.484906649788,1,6.34890230451074,8,0.690856555975023,7.40236317653655,2.40425787865867,2.19922368382597,0,0,0,0,0,0,0
220500,2016,220000,22.4592138464877,38.0411380109193,64.9476296398493,3.11170094631514,3.63866815339478,4.17358124729821,1,2.53073630938207,0.2,1.25835122657316,0.0317053014132744,2.30258509299405,1,6.43522501739688,8,0.696820693619457,6.82651321514522,3.097213835585,2.19463431315443,0,0,0,0,0,0,0
220500,2017,220000,21.2149891603028,36.1781586404842,59.9010242718113,3.0547079677092,3.58845558426856,4.09269360467155,1,2.57396033026302,0.202764976958525,1.19324040519926,0.021748774197822,1.6094379124341,1,5.96901476960821,8,0.692131685008728,7.05465023741411,2.56132953214022,2.32001293420477,0,0,0,0,0,0,0
220500,2018,220000,16.7755192365872,28.877796047533,53.4406493066376,2.81992063537944,3.36307299696896,3.97857167935363,1,2.62375713566969,0.199074074074074,1.12553130976444,0.0563461793372698,2.07944154167984,1,6.00972296883004,8,0.705212815676206,7.11700002578555,2.99886354921503,2.26537717302716,0,0,0,0,0,0,0
220500,2019,220000,16.940821368664,28.9210721057983,50.956776488844,2.82972617498258,3.36457046803491,3.93097775354976,1,2.67453841100531,0.2,1.03238298731783,0.0563461793372699,2.39789527279837,1,6.10039717221467,8,0.698248676679753,7.85566714381169,2.59345686495107,2.26363001990871,0,0,0,0,0,0,0
220500,2020,220000,16.7613180808956,28.6023059619722,48.9443921804326,2.81907373640647,3.35348734261653,3.89068480021627,1,2.69342286064261,0.202352941176471,1.05699579551034,0.0563461793372698,3.55534806148941,1,6.17890592128701,8,0.692195180389616,7.64675906351977,2.72816022867938,2.11083470038399,0,0,0,0,0,0,0
220600,2011,220000,22.9658693394121,40.0596485089529,70.8392970561611,3.13400917203241,3.69036955608417,4.26041388988631,0,0.934500623191729,0.46147859922179,1.27847954440492,0.033572146871372,1.79175946922805,0,5.54847189809247,5,0.706153807631374,4.79344810835685,1.9269050706796,1.93760372890555,0,0,0,0,0,0,0
220600,2012,220000,22.3412332297174,39.0764576382107,69.4410582476469,3.10643399488008,3.66552017921282,4.24047830997743,1,0.958926740005341,0.462861610633307,1.40565606784775,0.0328220668408947,1.6094379124341,0,5.72848064844777,6,0.711675704395684,4.33649729142815,2.57370667787654,1.920515576411,0,0,0,0,0,0,0
220600,2013,220000,24.0212332169524,41.728832667345,75.445901548143,3.17893815658922,3.73119232074814,4.32341586363433,1,1.03387003744321,0.453973249409914,1.42944479613105,0.0270191085794722,1.38629436111989,0,5.71574706124514,6,0.692471844871549,4.91272715072378,2.86418261669458,2.10591254822355,0,0,0,0,0,0,0
220600,2014,220000,23.6172912309158,40.9139038990953,74.0828246505173,3.16197912302923,3.71146995391245,4.30518371934261,1,1.05580390440412,0.453681710213777,1.42829966499007,0.0288308559326889,2.63905732961526,0,5.80712532046416,6,0.711052658131523,6.15904223041738,1.85421721735482,2.20827147644853,0,0,0,0,0,0,0
220600,2015,220000,22.6438439462816,39.1996381483495,67.8061449334956,3.11988802453618,3.66866751584436,4.2166528240768,1,1.07337374880138,0.45273988992582,1.4263188594689,0.0282399493022119,1.79175946922805,1,5.92582125879024,6,0.722010427147803,5.81612328044742,2.0826143892135,2.24681425900512,0,0,0,0,0,0,0
220600,2016,220000,20.1018755444713,34.9111377512534,60.1000370874332,3.00081312138207,3.55280591156993,4.09601045863637,1,1.0895578609154,0.450819672131148,1.46792369226488,0.0306449872883124,2.07944154167984,1,5.960162306262,6,0.736714286090684,5.19469735311374,2.47358851549084,2.193373111473,0,0,0,0,0,0,0
220600,2017,220000,18.709293298294,32.6399643642857,55.5123758070519,2.92902036823614,3.48553743831485,4.01660598340882,1,1.10862719173855,0.45,1.42943530173804,0.025397312172274,1.6094379124341,1,5.94161798762501,6,0.725682481797072,5.39077587397826,2.17267134374337,2.36061365262926,0,0,0,0,0,0,0
220600,2018,220000,15.0905777888976,26.8503396742396,52.4023783844082,2.71407056156944,3.29027847168452,3.95895197931237,1,1.12275338799909,0.449152542372881,1.39642551818248,0.033675225960461,1.94591014905531,1,5.94643948547818,6,0.736106882565213,5.61189872406014,2.63135596471216,2.26587042863985,0,0,0,0,0,0,0
220600,2019,220000,14.2283659130019,25.123398468069,46.8831605815912,2.6552375715656,3.22379962178318,3.84765856154553,1,1.14516812474486,0.444444444444444,1.20267571008609,0.0336752259604611,2.484906649788,1,5.9554154337348,6,0.731059435945358,6.27909289804027,2.1385323974725,2.27753402234132,0,0,0,0,0,0,0
220600,2020,220000,13.8892568619873,24.5411762470718,44.2424871623037,2.63111565367821,3.20035236996259,3.78968557539655,1,1.15175552373312,0.447826086956522,1.21131712389383,0.0336752259604611,2.56494935746154,1,6.00877154288015,6,0.72546402490052,6.01467550495749,2.26314067606214,2.14715720051473,0,0,0,0,0,0,0
220700,2011,220000,30.28061783359,51.1980857705824,83.5343325031106,3.41050783237661,3.93570214405323,4.42525771505246,0,6.69717587468942,0.204382060938035,1.36589193368991,0.00480324753261484,1.38629436111989,0,6.16764488823559,2,0.436010989079461,5.73470126591952,1.19006655733725,2.64404959924298,0,0,0,0,0,0,0
220700,2012,220000,29.9304156825783,50.5288562607216,82.4738572337058,3.39887521026059,3.92254458419155,4.41248136110723,0,6.80057547822582,0.204278812974465,1.47974361932171,0.00521918716773449,1.79175946922805,0,6.38354156281108,2,0.4696065091787,5.02202185946777,1.86008656471159,2.60714748860608,0,0,0,0,0,0,0
220700,2013,220000,32.5837088713364,55.8899971098019,89.143062235332,3.48381243559396,4.02338542156935,4.49024252002833,0,6.96626727643719,0.200706713780919,1.50301041406552,0.00338226578628301,1.38629436111989,0,6.38398156220715,3,0.478746559336243,5.34227800041172,1.49796310051239,2.86886231028352,0,0,0,0,0,0,0
220700,2014,220000,29.9325797544492,50.4774863738533,82.8020920781711,3.39894751108202,3.9215274224974,4.4164533277166,1,7.0849828214123,0.204308797127469,1.48160578863046,0.00458671674715622,1.6094379124341,0,6.52049624937717,3,0.461328825698449,7.19448341674092,1.28653298062721,2.60744516275738,0,0,0,0,0,0,0
220700,2015,220000,29.2896700922114,49.9719047141411,83.5511060199699,3.37723489728052,3.91146094178279,4.42545849277509,1,7.1806649583414,0.204588772611213,1.50248582940822,0.00542837000279274,1.6094379124341,1,6.63742684245506,3,0.468891478743327,6.82201303827502,1.43828323064176,2.87102319194394,0,0,0,0,0,0,0
220700,2016,220000,23.7797357945408,39.6406360930108,70.7838159905153,3.16883378079472,3.67985475607902,4.25963038686494,1,7.32977440264216,0.205035971223022,1.49862151350404,0.00749213048937016,2.39789527279837,1,6.71921030616099,3,0.451650886449236,5.95904523342272,2.22193789207813,2.84658986352831,0,0,0,0,0,0,0
220700,2017,220000,22.3813282194556,37.7474181751657,73.2943096253565,3.10822704962387,3.6309170806453,4.29448297457432,1,7.42810410658467,0.203636363636364,1.40781016871377,0.0073572871031275,2.19722457733622,1,6.67858085286858,3,0.463461114633718,6.86801977924307,1.66676568693869,2.96311198458464,0,0,0,0,0,0,0
220700,2018,220000,18.5439716513328,30.4862607100269,61.1784581654818,2.92014475787172,3.41727611359823,4.11379513679489,0,7.54176675079102,0.203636363636364,1.31061294090565,0.00584381833638318,1.6094379124341,1,6.69297538940858,3,0.482207100110999,6.56964022953486,1.70702661508615,2.89631723200208,0,0,0,0,0,0,0
220700,2019,220000,19.8276840271643,32.7336047770156,64.572203315734,2.98707914434264,3.48840221923478,4.16778402895746,0,7.61886492215091,0.203636363636364,0.884229312541609,0.00584381833638316,3.25809653802148,1,6.75251034194017,3,0.484882079770227,7.31940154750221,1.89903652075838,2.89734455562008,0,0,0,0,0,0,0
220700,2020,220000,20.4680784451392,33.4920222065242,55.0501293961016,3.01886652351021,3.51130726738162,4.00824421368548,0,7.57572615368689,0.202925045703839,0.902884820362095,0.00584381833638319,2.56494935746154,1,6.7800659578957,3,0.485869473511619,6.61225432860392,1.72576859117935,2.81654018911426,0,0,0,0,0,0,0
220800,2011,220000,24.1283818156274,42.8435105264056,75.7823661945488,3.18338881628702,3.75755418728306,4.32786562962856,0,7.87136634094099,0.251851851851852,0.99911504828776,0.0140315161222611,0.693147180559945,0,5.3745232501766,3,0.388394042355189,5.95226048211093,1.13678643732316,2.77447586327615,0,0,0,0,0,0,0
220800,2012,220000,24.4101247432337,43.0333662351436,75.237971991899,3.19499799472502,3.76197577374989,4.32065605021389,1,8.07290447105913,0.2525,1.05926839307339,0.018243697961109,1.38629436111989,0,5.58851180857943,5,0.396363573793269,4.99327784789643,1.61175016704984,2.7387125815633,0,0,0,0,0,0,0
220800,2013,220000,25.1276037825884,44.7775808928699,76.1832206673831,3.22396699414754,3.80170758766737,4.33314123722931,1,8.18830477030308,0.250125565042692,1.12623200423392,0.0109785104483114,0,0,5.66210995248338,5,0.408727710254221,5.39737766664746,1.48089692341946,2.93471668344801,0,0,0,0,0,0,0
220800,2014,220000,24.9122626509717,43.1355340694844,73.1817676988375,3.21536015818682,3.76434711380078,4.2929463147904,1,8.31118756623635,0.251769464105157,1.11769795904291,0.0118892422215888,0.693147180559945,0,5.85301552115204,5,0.415529352610581,7.17122279880598,1.15958530200998,2.62196671702127,0,0,0,0,0,0,0
220800,2015,220000,24.5254226498881,42.9270555642334,73.9744528850237,3.19971023873364,3.7595022929808,4.30371980231467,1,8.40632466332959,0.252809274419078,1.13475581904689,0.0109689185184161,1.38629436111989,1,5.96994005956229,5,0.418693247571977,6.70906912800295,1.43991939260241,2.85259520669955,0,0,0,0,0,0,0
220800,2016,220000,20.4015132199735,35.7469019092669,64.6323891861788,3.01560907554884,3.57646360550419,4.16871566573031,1,8.56183198359484,0.253886010362694,1.13850078660074,0.0125033701016829,2.19722457733622,1,6.05553832824265,5,0.402947190142638,5.95539692319684,1.55221869287264,2.86985647155979,0,0,0,0,0,0,0
220800,2017,220000,17.698035328863,31.3963132516582,64.0168019443284,2.87345363504969,3.44669047365326,4.15914557928473,1,8.76530626652283,0.256544502617801,1.07146965884741,0.00996242996954344,1.38629436111989,1,6.09648493084161,5,0.40428605378382,6.95811252619043,1.20325393971784,3.02301333677047,0,0,0,0,0,0,0
220800,2018,220000,15.2649723301387,26.519830149909,52.6994022802408,2.72556081355098,3.27789276069342,3.96460411355208,1,8.92148809489693,0.257894736842105,1.00463401927898,0.0149537215888366,1.09861228866811,1,6.11182850425447,5,0.436914489345709,6.6328441788347,1.62073269796013,2.91439722634122,0,0,0,0,0,0,0
220800,2019,220000,16.4653115218934,28.6348254990431,55.9211205996043,2.80125583589795,3.35462365185285,4.02394213705961,1,9.00293931761587,0.253968253968254,0.872805289182207,0.0149537215888366,2.89037175789616,1,5.19270396114511,5,0.431262815255297,7.26010168677065,1.76669819418282,2.89921143007354,0,0,0,0,0,0,0
220800,2020,220000,16.0162258595286,27.7134795689902,47.9147201301659,2.77360232459185,3.32191892186811,3.86942276681375,1,9.38295998202803,0.25668449197861,0.89726979553667,0.0149537215888366,3.04452243772342,1,5.26844646601557,5,0.441581043880433,6.9635295857564,1.76967210762302,2.65604588685787,0,0,0,0,0,0,0
230100,2011,230000,30.7420149976419,49.3610763368269,75.2957040537119,3.42563028565773,3.89916218521082,4.32142308209885,0,3.66500855371779,0.474680358401289,1.30178152545242,0.0779392301719408,5.84932477994686,0,7.54281071927731,15,0.599467518676461,3.96130266280692,1.33442559805794,2.5619818915724,0,0,0,0,0,0,0
230100,2012,230000,28.1589329338692,45.3863432007824,70.3000720922596,3.33786463759849,3.81521124923928,4.25277282431054,0,3.7756176313719,0.474484146955209,1.33610130498169,0.0739927130230598,6.0330862217988,0,7.7908772242726,15,0.633014236221608,3.52427055940289,2.08456847736141,2.46286778634302,1,0,0,0,0,0,0
230100,2013,230000,32.4048253169785,52.9651150216481,80.0265706259784,3.47830734124575,3.96963348969999,4.38235871235471,0,3.91600907659244,0.47588424437299,1.39159003187452,0.0808050132155097,6.44730586254121,1,7.99313611455548,16,0.616280308335063,3.52602767996697,2.15612847630442,2.86498947454981,1,0,0,0,0,0,0
230100,2014,230000,30.7346082317564,49.6700795543467,74.8938728427569,3.42538932362917,3.90540273077585,4.31607208267442,0,3.97142385139079,0.479894662210068,1.43708530416535,0.0783215235562203,6.68336094576627,1,7.81485997553635,17,0.634132700126379,4.66167050798272,1.6095205906435,2.68783676194402,1,0,1,0,0,1,0
230100,2015,230000,28.2550406679538,45.5547756887172,71.2189402154648,3.34127187239961,3.81891546318744,4.26575879730456,0,4.03246405260094,0.570768798693531,1.51484948516712,0.0517320545683668,6.8627579130514,1,7.91065926336381,18,0.63970021178086,4.7760161394159,2.16148226552719,2.87712651712253,1,0,1,1,0,0,0
230100,2016,230000,23.0593910579434,36.711830283438,58.7472485543513,3.1380731076381,3.60309905416395,4.07324431881014,0,4.13348090481482,0.572765072765073,1.54974405861505,0.0432825805755485,6.7428806357919,1,7.98898100970591,20,0.639095238018418,3.84723524904341,4.83407794932957,2.96049779228247,1,0,1,1,0,0,0
230100,2017,230000,23.4717077817945,38.2075843417911,62.3581650283778,3.15579577167225,3.6430340388843,4.13289461829766,0,4.22078270626223,0.57696335078534,1.53560265791843,0.0365448638396781,6.67456139181443,1,8.01567473910219,20,0.632581901577603,4.45917754589443,2.67381467028178,3.07981271330699,1,0,1,1,1,1,1
230100,2018,230000,18.278987473614,29.3682898788515,50.8318705468619,2.90575217464587,3.37991551671418,3.92852353083801,0,4.27483733876866,0.578781512605042,1.52358201663271,0.0334191723162542,6.87109129461055,1,7.9054743371734,20,0.648878088829034,4.43434014728792,3.01597634494881,3.01267739824876,1,0,1,1,1,0,0
230100,2019,230000,19.5493074392125,31.650246527386,53.2247629071825,2.97293986069967,3.45474593773476,3.97452375623101,1,4.3199526819725,0.58149316508938,1.37494355693032,0.00480644076074685,6.94215670569947,1,7.96314806154676,20,0.637505318359274,5.30154273531938,2.96031173455882,3.06114987737799,1,0,1,1,1,0,0
230100,2020,230000,20.1226000257471,32.1820085879075,48.4899010916456,3.00184356281435,3.4714075568913,3.8813555513471,1,4.34397225214752,0.583421330517423,1.36512862137659,0.0807846317431441,6.88448665204278,1,7.98585055849957,20,0.637309332221028,4.77781324061352,2.23469757211824,2.88348796582122,1,0,1,1,1,0,0
230200,2011,230000,22.2055029244923,38.6632964796323,62.8113410049383,3.10034013764283,3.65489073863009,4.14013564642049,0,4.57007582305453,0.247973211138527,0.777901724155367,0.0623759409391934,3.43398720448515,0,5.81898604812084,6,0.513641576602541,3.33733809897006,1.25443032806498,2.41254795510995,0,0,0,0,0,0,0
230200,2012,230000,21.9010164922141,37.9694706433603,61.8570199494954,3.0865330509149,3.63678243270224,4.12482559198554,1,4.62423347400817,0.248792702557682,0.827642580681171,0.0440417481612183,3.76120011569356,0,5.95441065234359,7,0.532525320505274,2.45263236001836,1.72329550815557,2.3831426282426,0,0,0,0,0,0,0
230200,2013,230000,23.3542032542133,40.7309412015513,64.2352886919457,3.15077697880197,3.70698802970542,4.16255272778258,1,4.76191328261762,0.248473967684022,0.843223615524328,0.0415226762992217,3.95124371858143,0,6.17433000376114,10,0.515902597287839,2.74624996686689,2.01150942714197,2.56383794387146,0,1,0,0,0,0,0
230200,2014,230000,22.291012049224,38.2816873154271,60.5452444861493,3.10418355010075,3.64497164386378,4.10339092828802,1,4.85043496854547,0.249819233550253,0.831495999823989,0.0460464440742431,4.00733318523247,1,6.10460847471905,10,0.54217359600396,4.2268023856641,1.75350870078047,2.41501686061533,0,1,0,0,0,0,0
230200,2015,230000,21.3708231496978,36.4364998693205,60.1090743022268,3.06202658752688,3.59557101589375,4.09616081686972,1,4.94146387423309,0.248621198056026,0.863580225801802,0.0275192911971392,3.85014760171006,1,6.20125326842478,11,0.532847290121276,4.1655470603938,1.89576124282978,2.68339195684775,0,1,0,0,0,0,0
230200,2016,230000,18.0326904672165,30.8251539143922,53.0177587212014,2.89218624778086,3.42833104220557,3.97062692763998,1,5.05158130691077,0.25,0.885885055645015,0.0130061829070366,3.8286413964891,1,6.28439470832899,13,0.512906798370953,2.91084789677957,2.0336630934473,2.70397454513505,0,1,0,0,0,0,0
230200,2017,230000,17.5703644076475,30.1452014995155,53.8296367100289,2.86621364231674,3.40602575626189,3.98582418371169,1,5.14785684154343,0.250936329588015,0.875745206086539,0.00793853240974649,3.63758615972639,1,6.31174180892235,13,0.532611624495737,3.8992150116542,1.50661794373258,2.78752102338563,0,1,0,0,0,0,0
230200,2018,230000,14.3396289967454,24.7063777737971,45.343138540879,2.66302696292224,3.20706141976907,3.81425886502326,1,5.21057141838918,0.249056603773585,0.863358018620518,0.0192758493722102,4.23410650459726,1,6.33088455287341,13,0.551280394956983,3.92134670375744,2.19017220167607,3.00524258008079,0,1,0,0,0,0,0
230200,2019,230000,15.2691236957939,26.0136261040959,44.7980749738758,2.72583273027498,3.2586204816658,3.8021651691646,1,5.26985640830779,0.248576850094877,0.764022076021049,0.0378920940425026,4.00733318523247,1,6.40976963271937,13,0.538000590307959,4.43897675646533,2.09265340276278,3.13475488100799,0,1,0,0,0,0,0
230200,2020,230000,14.7802294151499,25.5650380231828,41.175689311788,2.69329043739891,3.24122571584487,3.71784801695061,1,5.76376165955709,0.247126436781609,0.799605974071816,0.0373328135059703,4.36944785246702,1,6.47903333328369,13,0.538606203937926,4.12014803914248,2.33210819163653,2.91208046001716,0,1,0,0,0,0,0
230300,2011,230000,24.8400164094785,42.034501058745,65.686298039087,3.21245591767208,3.73849073485451,4.18489035030172,1,2.12434269021848,0.462149285336157,0.987447689055722,0.11750133401287,1.38629436111989,0,4.83128832710873,3,0.590336326275553,4.28312419150979,1.11716683308188,2.80863567645795,0,0,0,0,0,0,0
230300,2012,230000,22.258193840609,37.6628287199431,60.036920543436,3.10271020331954,3.62867363246196,4.0949597153672,1,2.20366553169959,0.459924690693921,1.07088256239274,0.117018202653718,1.6094379124341,0,5.1353851630316,4,0.618144489526749,3.83953254924187,1.74971700548864,2.70944920792102,0,0,0,0,0,0,0
230300,2013,230000,23.5804089607134,39.8122419073471,62.1711685955375,3.16041623850053,3.68417445060737,4.12989136488016,0,2.33453760423867,0.456591639871383,1.04154766505025,0.130381739147521,2.30258509299405,0,5.1833974525113,5,0.603547755309514,4.19285216847594,2.30894990838882,3.16005376829725,0,0,0,0,0,0,0
230300,2014,230000,24.8703588893316,41.7722619235289,64.7177821377294,3.21367668832364,3.73223252891099,4.17003600358656,0,2.37493412630803,0.460239651416122,0.981013233730462,0.0980122952156408,2.30258509299405,0,4.81435577523072,6,0.616864082983562,5.02076462688271,1.88873242998255,2.9993313988383,0,0,0,0,0,0,0
230300,2015,230000,22.458189847172,37.7165719556202,60.4567924363518,3.11165535154645,3.63009957228907,4.10192893528687,0,2.40138175013806,0.458558062740781,0.985937701284006,0.0305318115165102,2.89037175789616,1,4.95954004362669,6,0.632699506892555,5.13157820281366,2.59800796164855,3.11217252001365,0,0,0,0,0,0,0
230300,2016,230000,18.2956983560173,30.5492734898743,50.0505475241939,2.90666596970314,3.41934090431599,3.91303344524573,1,2.43160302765603,0.458563535911602,0.984078842623629,0.0243461133368005,2.39789527279837,1,4.93718903066751,6,0.620141632556915,3.93407353458275,3.58442074965784,3.11954402063704,0,0,0,0,0,0,0
230300,2017,230000,20.1221273605602,34.5044629329052,57.3614388037846,3.00182007326839,3.54108867604505,4.04937227972476,1,2.48795545486248,0.457142857142857,0.989302672669751,0.0284451398267462,2.30258509299405,1,4.9541613972148,6,0.622456326229232,4.88555087193531,2.96355800716042,3.2597255857495,0,0,0,0,0,0,0
230300,2018,230000,15.4437214822157,26.0814624323387,46.6497624362704,2.73720254419481,3.26122481034593,3.8426678348103,1,2.51960286901836,0.450867052023121,0.98485770480553,0.0321416093950042,3.17805383034795,1,4.85255365910656,6,0.62135183777128,4.78787119940791,3.06437245908486,3.15995315287474,0,0,0,0,0,0,0
230300,2019,230000,16.8502426675392,28.7439419272522,48.3019394816321,2.82436505832904,3.35842702946588,3.87747171475156,1,2.54304999750626,0.449704142011834,1.01109432173958,0.0963473592933342,1.79175946922805,1,4.91580224462239,6,0.618152652638299,5.39195168374132,2.75671605934994,3.72183133579137,0,0,0,0,0,0,0
230300,2020,230000,14.7472023104609,24.6394355873247,40.496700144454,2.69105339092841,3.20434823204439,3.70122049287827,1,2.57704092271041,0.449101796407186,1.0383937724111,0.0963473592933344,2.70805020110221,1,4.9729259053598,6,0.631347348179136,4.96144697481981,2.94597980555925,3.51047126725224,0,0,0,0,0,0,0
230400,2011,230000,22.7445899094404,39.2273305376165,59.86687136367,3.12432731093814,3.66937371145237,4.09212328640912,0,2.30912524552579,0.618566176470588,1.03061980114553,0.0230587131384428,0.693147180559945,0,4.47861475079595,2,0.60548971581459,3.20211854866024,1.37510572854574,2.85639026279301,0,0,0,0,0,0,0
230400,2012,230000,20.6613789298948,34.9473416537654,54.129622533644,3.02826620540878,3.55384240437829,3.99138158745452,1,2.36118291844704,0.620276497695852,1.10577193514868,0.0228396097528648,1.79175946922805,0,4.78369216007875,2,0.635000571966171,2.75725075710073,2.01731927249127,2.78565276382645,0,0,0,0,0,0,0
230400,2013,230000,22.3666409024066,38.309745749562,58.5359942206677,3.10757060340454,3.64570432203071,4.06964185085048,1,2.46097855889958,0.619666048237477,1.02212301987814,0.0157955785919851,1.79175946922805,0,4.62427651507434,2,0.60036734683173,3.15161335486547,2.07247075442382,3.29861712090261,0,0,0,0,0,0,0
230400,2014,230000,22.126814625516,37.1449488753403,56.4190761665557,3.09679020450326,3.61482779624908,4.03280733122064,1,2.49917999333672,0.616822429906542,0.89134384121107,0.0329711289374388,1.09861228866811,0,3.9320680471815,3,0.6277468572855,3.98807935262573,1.76800249951053,3.08915192774293,0,0,0,0,0,0,0
230400,2015,230000,19.6474646186453,32.9784651514992,52.2024888555695,2.97794830294961,3.49585477728255,3.95513017297744,1,2.54353224583265,0.614146387652684,0.912969769558345,0.051894957301511,2.19722457733622,1,3.97821788609857,3,0.64330514216423,4.2023944113627,2.0724849223696,3.16873348812909,0,0,0,0,0,0,0
230400,2016,230000,15.4216029494515,25.504320933246,42.3550974142857,2.7357693153558,3.23884788617222,3.74608877782859,1,2.59122105597687,0.615384615384615,0.910478012416289,0.0196546932417632,1.09861228866811,1,4.02886079744605,3,0.631834857106209,2.76564534716061,3.26195972188089,3.31932092409204,0,0,0,0,0,0,0
230400,2017,230000,17.1604934224762,29.6407682605329,48.5077452341362,2.84260984786998,3.38915071981306,3.88172348074266,1,2.66050224839744,0.613861386138614,0.93149193691588,0.0374856446336503,1.09861228866811,1,4.06578308540359,3,0.645115998506546,3.63822891993933,2.47152920841119,3.41227381025652,0,0,1,0,1,1,1
230400,2018,230000,13.6229758542936,22.8967165501518,41.6480030175246,2.61175776836024,3.13099351819056,3.72925342070526,1,2.6932164895014,0.61,0.94398570275446,0.0189028182014882,1.79175946922805,1,3.9748137455004,3,0.631084000706673,3.65345627306909,2.71766225942527,3.37724137926782,0,0,1,1,1,0,0
230400,2019,230000,13.8135278509386,23.1219785205591,38.669112477687,2.62564839105694,3.1407836162915,3.65504115417111,1,2.76381878669983,0.612244897959184,1.04221636509839,0.0189028182014882,1.79175946922805,1,3.8840674141921,3,0.631404475275292,4.3318265249462,4.33756121941202,3.44886353385171,0,0,1,1,1,0,0
230400,2020,230000,12.838010856156,21.5125753118395,35.0311297766473,2.55241036851596,3.06863766237241,3.5562370883778,1,2.79024088225712,0.608247422680412,1.05336985785048,0.0189028182014882,1.79175946922805,1,3.99337557336383,3,0.644919678628684,4.39888307117012,5.30841541067726,3.26870204411537,0,0,1,1,1,0,0
230500,2011,230000,24.6652188594797,41.8243720006759,63.9509447550859,3.20539410792749,3.73347923183311,4.15811630125562,0,1.72776985798512,0.306878306878307,1.12622235817383,0.167910289019572,2.19722457733622,0,5.30976660443173,1,0.597973693514724,4.2403069934404,1.15096456745173,2.90055295802325,0,0,0,0,0,0,0
230500,2012,230000,21.9929314945319,36.9658074199163,57.7908065424792,3.0907211060287,3.60999336159254,4.05682970666904,0,1.79131254814011,0.331117021276596,1.19447842784853,0.134149207566942,2.07944154167984,0,5.593501241537,1,0.628710266879148,3.78902624149696,1.75640947615285,2.82428389085789,0,0,0,0,0,0,0
230500,2013,230000,23.5450117559738,39.756111614131,60.77726064265,3.15891398299349,3.68276358058071,4.10721571642772,1,1.88704726570442,0.330440587449933,1.16963290949573,0.133928876545169,2.19722457733622,0,5.69277324245144,3,0.606706613088813,4.13480393895196,2.01435141250126,3.13703116166483,0,0,0,0,0,0,0
230500,2014,230000,24.3622274849264,40.6833984473558,61.3680807536302,3.1930338789292,3.70582010867812,4.11688984254764,1,1.92837635609603,0.336241610738255,1.00157474147744,0.151862478669545,1.94591014905531,0,4.48845759379817,4,0.628652174378295,5.01966116933147,1.88075676956409,2.98242572910489,0,0,0,0,0,0,0
230500,2015,230000,22.3782632986263,37.3928994050171,59.2842969596051,3.10809009927512,3.62148083091483,4.08234446418416,1,1.96754699228056,0.131859187410975,1.00926387444618,0.0917206649223377,1.38629436111989,1,4.28042812317589,4,0.635863370008958,4.98973174732491,1.84602621572347,3.18020540375356,0,0,0,0,0,0,0
230500,2016,230000,17.6423306754042,29.2780359688916,47.4918710023605,2.870301166307,3.37683760927813,3.86055855960261,1,2.00714617401804,0.331034482758621,1.01689176422637,0.0208497318928133,1.38629436111989,1,4.33018966616354,4,0.634992326921819,3.5813527650163,2.38394375718048,3.23309671533057,0,0,0,0,0,0,0
230500,2017,230000,20.1169671673364,34.5242348445451,55.2710540783048,3.00156359665962,3.54166153669046,4.01224933709998,1,2.06451230395564,0.468085106382979,1.34005112175878,0.0206790848138263,2.484906649788,1,4.38379923720389,4,0.635949580641964,4.57093116160558,2.52823536735675,3.3659119800405,0,0,1,0,1,1,1
230500,2018,230000,14.8576157641153,24.9481690935754,45.0836510318783,2.69851257985648,3.21680043648183,3.80851967595147,0,2.09359835900865,0.333333333333333,1.08173360488753,0.134039042056055,2.39789527279837,1,4.32919754147158,4,0.630841066008029,4.52909556498459,2.47102870804617,3.28071213573716,0,0,1,1,1,0,0
230500,2019,230000,16.0379139400847,27.1411399180588,44.7501180312457,2.77495554036998,3.301050654927,3.80109408228712,0,2.12783875552888,0.326241134751773,1.03221944394504,0.134039042056055,2.19722457733622,1,4.34984672665455,4,0.620940139407057,5.15786912644527,3.52429715341753,3.56300707705562,0,0,1,1,1,0,0
230500,2020,230000,14.3701044806063,23.9417569665604,38.7451059368064,2.66514997080955,3.17562408785294,3.65700444941804,0,2.14245255204578,0.327338129496403,1.06239619179828,0.134039042056055,2.70805020110221,1,4.37933817316504,4,0.638167701413869,4.96284330619454,4.08331056578458,3.36903587886008,0,0,1,1,1,0,0
230600,2011,230000,27.8063184901646,46.097284476552,72.6469800962121,3.32526327869041,3.83075404320368,4.28561182130941,0,12.815178284081,0.479048295454545,2.23266567165125,0.0372842215954738,3.63758615972639,0,6.48900653371806,2,0.437787139262909,4.70975382034028,1.29234741659315,2.52967991274009,0,0,0,0,0,0,0
230600,2012,230000,27.2446536031849,44.9468676401334,71.2635051369259,3.30485730381164,3.8054810730642,4.26638434696864,0,13.0515699579584,0.479048295454545,2.27205666466547,0.0443135105934391,3.52636052461616,0,6.7359963434328,4,0.455745306738785,3.98126829073295,1.73405933349762,2.47085105630931,0,0,0,0,0,0,0
230600,2013,230000,30.1533250488816,50.4133947292618,76.3067583564376,3.40629520063741,3.92025690820488,4.33476151046788,0,13.0439742774338,0.482661004953999,2.28925843360108,0.0499757671550576,3.36729582998647,0,6.81965645769036,6,0.454227742250415,4.17185233571714,1.67153950560274,2.68983415166798,0,1,0,0,0,0,0
230600,2014,230000,26.6625547452035,44.040964425041,67.3546100954381,3.28326013706132,3.7851202104576,4.2099713503347,0,13.1721922518115,0.490942028985507,2.27865106245207,0.0610794807169852,3.91202300542815,1,6.30165419245222,6,0.467421224883624,5.90913217622742,1.4658981010191,2.49807298404412,0,1,0,0,0,0,0
230600,2015,230000,26.1064301180723,42.6919795415907,67.7948797567633,3.26218164866295,3.75401106984217,4.21648667228283,0,13.2858769593162,0.493211848410048,2.00477650171577,0.134352533640344,4.06044301054642,1,5.79510859552463,6,0.468201224889074,5.58383934926726,1.48652271561951,2.7634310636342,0,1,0,0,0,0,0
230600,2016,230000,22.3036460376634,36.3967459951277,61.187560345435,3.10475016454828,3.59447937490841,4.1139439065282,0,13.4924633356628,0.496376811594203,1.87668449600609,0.143132167381422,3.95124371858143,1,5.80109553034341,6,0.454949387993131,4.57595866648399,1.63403943614098,2.7870252724404,0,1,0,0,0,0,0
230600,2017,230000,20.9978943660778,34.5729734804139,62.0341600504305,3.04442216441421,3.54307226355291,4.12768520187298,0,13.6429546135798,0.501831501831502,1.88129245186635,0.20854240615995,3.89182029811063,1,5.80855987915157,6,0.457078550997962,5.63276200175857,1.29033298937249,2.88204421803284,0,1,0,0,0,0,0
230600,2018,230000,16.9508199867136,27.5027485843249,49.3605448254316,2.8303162094536,3.31428594819891,3.89915141732859,0,13.7680477020625,0.501831501831502,1.88156153630753,0.0366349864330322,4.62497281328427,1,5.8418195392106,6,0.48655474190189,5.4552580773282,1.85397543517949,2.84661768246822,0,1,0,0,0,0,0
230600,2019,230000,18.3784177109606,29.8045555295197,54.1897020142532,2.91117702567885,3.39466125194602,3.99249089065634,0,13.8119744268849,0.503676470588235,1.80077836708942,0.0366349864330322,4.54329478227,1,5.90877013800357,6,0.48664019651775,6.0219565327812,1.78031769638052,2.90740526928154,0,1,0,0,0,0,0
230600,2020,230000,18.3014004059421,29.7445978238702,48.2126767551556,2.90697758183436,3.39264752975069,3.87562198969627,0,14.2042325220801,0.501838235294118,1.70595674749167,0.0366349864330321,4.48863636973214,1,5.93341594776561,6,0.479252367395832,5.51107041958659,1.80411097811693,2.79879677978759,0,1,0,0,0,0,0
230700,2011,230000,20.3762211684392,35.5382280057133,54.9922882153106,3.01436859197824,3.5706089623308,4.00719296113445,1,0.914799396325216,0.635787806809184,0.760526461245966,0.0978600099029144,1.38629436111989,0,4.61427530943757,0,0.690434639907516,2.31987733116038,1.66473270117653,1.88235324052307,0,0,0,0,0,0,0
230700,2012,230000,18.5101196965314,32.254451092103,50.4739813746306,2.91831759315182,3.47365605207791,3.92145798320538,1,0.927541176407913,0.643769968051118,0.820504288341908,0.0844920874838856,1.38629436111989,0,4.89441601569475,0,0.722320606908967,1.7086064537442,2.28269590797073,1.89658678226341,0,0,0,0,0,0,0
230700,2013,230000,19.9870515985552,34.7853164498809,54.0404483550477,2.99508464381488,3.54919535664286,3.98973280978311,1,0.950748241812843,0.640422077922078,0.868740306320134,0.0462288275886356,0.693147180559945,0,5.03511875260843,2,0.698009404741572,2.24342308650101,2.41530391050275,2.64242026000072,0,0,0,0,0,0,0
230700,2014,230000,20.2258979461128,34.9265546518908,53.9425691762049,3.00696385978905,3.55324741816493,3.98791994683694,1,0.96222957425374,0.639344262295082,0.80863681766867,0.0663472789673732,1.79175946922805,0,4.36517566582788,2,0.731406321356782,2.93181565069892,1.89167683310634,2.56263279547637,0,0,0,0,0,0,0
230700,2015,230000,17.3341027780536,29.9641377102846,48.4512240397059,2.85267581996962,3.40000125693292,3.88055760199506,1,0.971906736540685,0.634458288637676,0.795198984111063,0.0193978140437233,3.98898404656427,1,4.09297489799684,2,0.72280227594671,3.22332725752749,2.50079597661645,2.6577915078517,0,0,0,0,0,0,0
230700,2016,230000,12.9958505387214,21.9401445907121,37.266223995913,2.56463011718066,3.08831804510395,3.61808739351847,1,0.994265265297866,0.635593220338983,0.808874945304332,0.0158814151793704,1.38629436111989,1,3.79848004510978,5,0.731541340013521,1.93118487426717,3.72833298198381,2.75095328383063,0,0,0,0,0,0,0
230700,2017,230000,14.4096546305878,25.0600899066583,41.4015397980452,2.66789844238124,3.22127653711744,3.72331807332912,1,1.0196884118508,0.637931034482759,0.820171962834802,0.0176543336302273,1.79175946922805,1,3.92105212877598,5,0.734369911451255,2.69569986735334,2.46359475492287,2.84429193039011,0,0,0,0,0,0,0
230700,2018,230000,11.9871583315931,20.8420814293171,36.9528948252264,2.48383593774648,3.03697408854452,3.60964398871588,1,1.04413670238448,0.640350877192982,0.834649051078281,0.0190021051839456,1.6094379124341,1,3.96361418149732,5,0.71946472852631,2.76161147932021,2.87600371997628,2.81089499497118,0,0,0,0,0,0,0
230700,2019,230000,11.2594333135216,19.3414946375897,33.5011766408095,2.42120629404913,2.96225276923085,3.51158056182045,1,1.11556481482651,0.633928571428571,0.887562059373003,0.0561607970187183,1.09861228866811,1,4.01942654610786,5,0.717174969837729,3.39683731239416,3.25572582783953,2.85454178828084,0,0,0,0,0,0,0
230700,2020,230000,10.9295775182554,18.5935980571327,31.5500875405215,2.39147264803383,2.92281733099528,3.45157636364333,1,1.09236324156817,0.509090909090909,0.88535269198655,0.0561607970187182,2.30258509299405,1,3.92676978313628,5,0.73579519744468,3.48266009012429,2.73321190171745,2.65712569538271,0,0,0,0,0,0,0
230800,2011,230000,25.4064940522464,43.1795399474669,66.0019456677885,3.23500481269443,3.76536677073317,4.18968422140688,0,2.32595528612357,0.325748502994012,0.94156932932909,0.377319997574384,1.79175946922805,0,5.21376275479354,6,0.551684020933172,3.75477227246517,1.22595297021777,3.06709325827977,0,0,0,0,0,0,0
230800,2012,230000,22.6201218350812,37.9543434924847,59.5865796570584,3.11883985683975,3.63638395032229,4.08743037517665,0,2.38915218077413,0.337651483493523,0.996906846383773,0.235069576823634,0.693147180559945,0,5.42032153226055,6,0.585271093853928,3.33343571063027,1.8790017788613,2.96509460995649,0,0,0,0,0,0,0
230800,2013,230000,24.1806392831258,40.9214132897435,62.6949872256151,3.18555228334525,3.71165347835953,4.13828149588804,0,2.51159876465508,0.326724494010739,1.08549811578745,0.177641909254402,1.94591014905531,0,5.67492144786398,6,0.544065852535258,3.6686880821167,2.04440326202619,3.36178142108594,0,0,0,0,0,0,0
230800,2014,230000,24.685382597932,41.2077038688639,62.2666369376081,3.20621127079801,3.71862522598392,4.13142575967911,0,2.55968920764137,0.327257663628832,1.05856365465879,0.204029120850675,1.6094379124341,0,5.65801242570627,7,0.570705052766166,4.55592032543203,1.77743414403947,3.14924573224184,0,0,0,0,0,0,0
230800,2015,230000,22.5254851747324,37.5687290669266,59.5021619289645,3.11464734265122,3.62617203061141,4.08601264683207,0,2.62300537835171,0.326668069880025,1.10629423878379,0.0774623881552432,2.77258872223978,1,5.75797677490122,8,0.581957220977101,4.69699572680118,2.07310687363588,3.2675042859361,0,0,0,0,0,0,0
230800,2016,230000,18.0534781440466,29.857422859578,48.5907820432762,2.89333836117663,3.39643348093751,3.8834338430254,0,2.703236558656,0.327731092436975,1.12394863383264,0.0524893125506456,1.79175946922805,1,5.84112833762181,8,0.58456475917698,3.29005697631523,3.24049207580133,3.37295469567606,0,0,0,0,0,0,0
230800,2017,230000,20.676447119925,35.3197726178934,56.5614061479203,3.0289952321689,3.56444293794305,4.03532688245185,0,2.80350611700338,0.327659574468085,1.16860668436332,0.049290504592221,3.55534806148941,1,5.87219249816995,8,0.587691716274624,4.21071942462624,2.62005007007027,3.48460443041282,0,0,1,0,1,1,1
230800,2018,230000,15.4914194276854,25.8994900860039,46.7593087902801,2.74028628532966,3.25422328071261,3.8450133544219,0,2.860181662432,0.32618025751073,1.21052785065159,0.23908068827049,2.30258509299405,1,5.78650021536761,8,0.580221083155654,4.18378266342765,2.77327278311405,3.42519769134969,0,0,1,1,1,0,0
230800,2019,230000,16.6485561703536,27.925906175398,45.6588826799032,2.81232349617108,3.32955479475636,3.82119817036648,0,2.94899517131676,0.32618025751073,1.01273022380308,0.23908068827049,2.94443897916644,1,5.81004739365061,8,0.573048483979248,4.86029220835499,4.06836087636594,3.6184103430022,0,0,1,1,1,0,0
230800,2020,230000,15.0106605599425,24.9715864094793,39.6175170854343,2.70876065266789,3.21773863489188,3.67927137109451,0,2.94302582060403,0.325379609544469,1.05663857339077,0.239080688270491,3.09104245335832,1,5.90949504913818,8,0.592966386719662,4.76388499345772,5.00479529492002,3.43715443710805,0,0,1,1,1,0,0
230900,2011,230000,24.7045897341192,41.205689159276,64.7177792669104,3.20698904556679,3.71857633321263,4.17003595922752,0,3.6468442337338,0.61596548004315,1.1256158719973,0.0194394007558506,1.09861228866811,0,4.32515594034672,1,0.581014611504295,4.28321478186314,1.15148644596993,3.27193404723748,0,0,0,0,0,0,0
230900,2012,230000,22.6488493442465,37.7365223771127,59.5789403820505,3.12010904906008,3.63062838882426,4.08730216233428,0,3.71791309762379,0.617965367965368,1.09214180221247,0.0211306425838844,1.79175946922805,0,4.29943836564666,1,0.613050326366316,3.78496400831548,1.69060287024342,3.09455293621595,0,0,0,0,0,0,0
230900,2013,230000,24.8744842643177,41.407114956118,63.6765642221378,3.21384254973697,3.72345272490866,4.15381658628248,1,3.87988705173905,0.618478260869565,0.943843386214971,0.0062860434121371,2.484906649788,0,4.74374166655886,1,0.599011362276294,4.19814217640303,2.16344750856631,3.62819120143327,0,0,0,0,0,0,0
230900,2014,230000,25.528412685907,42.1160857335041,63.9759701307153,3.23979205485542,3.74042975164407,4.15850754614683,1,3.943287440713,0.611111111111111,0.892405972495719,0.00576096583230883,1.6094379124341,0,4.13753710501321,2,0.621230518953367,5.05108729935161,1.76005452212965,3.41492928680781,0,0,0,0,0,0,0
230900,2015,230000,22.9277294702273,37.998768032385,59.6444980786209,3.13234707191586,3.63755373900044,4.08840190755257,1,4.0045531364555,0.60089038623511,0.923393222129458,0.000645147461766551,2.63905732961526,1,4.03989534915406,2,0.625685062598098,5.22000656619964,3.02350489234404,3.55073524841932,0,0,0,0,0,0,0
230900,2016,230000,18.4484186145573,30.4307297061142,49.4091942936037,2.91497865486494,3.41545294344766,3.90013652617955,1,4.0571486935349,0.6125,0.949383490275255,0.000725354898308528,1.09861228866811,1,3.84725660370881,2,0.622818183831193,4.01646507677957,5.51681827973024,3.51469123927704,0,0,0,0,0,0,0
230900,2017,230000,20.0218628345548,34.1162341761054,56.5199176414962,2.99682481823738,3.52977334654708,4.03459310065844,1,4.11639464106611,0.607594936708861,0.977827306333263,0.0016141098715888,1.38629436111989,1,3.50833049984999,2,0.624423698945479,4.84377681160681,3.66172003104232,3.7213411055577,0,0,0,0,0,0,0
230900,2018,230000,15.1972080587934,25.386856171452,46.0894408498673,2.72111173063839,3.23423156652396,3.8305838749571,1,4.15378461405075,0.602564102564103,1.00803700227693,0.00192696652842379,1.38629436111989,1,3.53125657805447,2,0.633780846202915,4.756611197445,4.14146331048363,3.57323304895119,0,0,0,0,0,0,0
230900,2019,230000,16.2717811004308,27.5883562512089,47.1331657688418,2.78943238668565,3.31739380875263,3.85297690967153,1,4.20394990498973,0.61038961038961,0.957838630412253,0.0062860434121371,1.94591014905531,1,3.65212801456883,2,0.619933441958644,5.46962873746293,3.02554696583773,3.6682949329491,0,0,0,0,0,0,0
230900,2020,230000,14.6211646503668,24.1411855763637,40.4980402722253,2.68247011259663,3.18391932698883,3.70125358460162,1,4.2319964899075,0.605263157894737,0.893626120110842,0.00628604341213712,1.6094379124341,1,3.96348457109332,2,0.628918832337314,5.12377061413383,3.18676332316534,3.41197557790613,0,0,0,0,0,0,0
231000,2011,230000,22.0641052963482,37.7830967428007,63.5221104129726,3.09395209335411,3.6318618264961,4.15138804077255,0,1.50056568277152,0.331586826347305,1.1647011782246,0.716171458030553,2.07944154167984,0,5.89505979158206,11,0.646379225449607,4.20561001702909,1.15239770945305,2.72357279912889,0,0,0,0,0,0,0
231000,2012,230000,20.677344134195,35.8471904929615,60.9482865684374,3.02903861461306,3.5792651955775,4.11002574344743,1,1.53646500473609,0.341679506933744,1.19810155449828,0.814710562309753,2.19722457733622,0,6.0620470544038,11,0.683416404088589,3.73638184466556,2.11797900132458,2.56163231557086,0,0,0,0,0,0,0
231000,2013,230000,22.3778575347582,38.5035498650589,65.7131284270963,3.1080719670572,3.65075044133043,4.18529872938074,1,1.61236868128216,0.343629343629344,1.33865013129181,0.620311943610332,2.484906649788,0,6.38680873769469,13,0.666120323096916,4.1146278906669,2.26400303312214,2.81456538246501,0,1,0,0,0,0,0
231000,2014,230000,23.6763776138002,40.5252887078698,67.8874657118325,3.16447782592414,3.70192619178809,4.21785141828748,0,1.66453506470158,0.336742424242424,1.34551108086758,0.583346308179533,2.56494935746154,1,6.53109932797724,13,0.678912347846603,4.85518806480887,1.69704939992166,3.01437536786893,0,1,0,0,0,0,0
231000,2015,230000,20.4558977074711,35.0359873515364,59.227621364338,3.0182712373639,3.55637574328743,4.08138801017701,0,1.70866764417466,0.337022900763359,1.3781641095532,0.232528544977849,2.19722457733622,1,6.4902516605748,13,0.691555429990359,5.20535944041228,3.07403268568633,3.16287693845524,0,1,0,0,0,0,0
231000,2016,230000,17.4139780381534,29.7024066710471,50.5198333533317,2.85727321924526,3.39122807522087,3.92236599884921,0,1.7478208422757,0.33976833976834,1.40854648129263,0.212988126363218,2.89037175789616,1,6.56831530048299,13,0.688696484648467,4.2327048903061,5.77631034328153,3.17705616295589,0,1,0,0,0,0,0
231000,2017,230000,17.5393999202339,30.3684981984321,51.7808489803758,2.86444977428547,3.41340582766809,3.94702037010199,1,1.78616926844562,0.341176470588235,1.37094056736069,0.796871815395577,3.04452243772342,1,6.53264206369063,13,0.688319737931907,4.84576345710914,4.7342560504284,3.40972211818542,0,1,0,0,0,0,0
231000,2018,230000,13.9361542145909,24.3368396698575,45.9651637194837,2.63448648596388,3.19199123812099,3.82788379913867,1,1.80251054517941,0.345238095238095,1.3358187327349,0.796871815395576,2.70805020110221,1,6.54225800695898,13,0.696158629439607,4.71361862579114,4.92948280039557,3.25877049844842,0,1,0,0,0,0,0
231000,2019,230000,14.825964506886,25.7178352047717,45.43032218882,2.69638000225392,3.24718472804996,3.81617977172988,1,1.8213820990799,0.344,1.01764208184248,0.796871815395576,2.89037175789616,1,6.57921546881151,13,0.702072330782842,5.60403524935407,3.04429888023564,3.3173601555715,0,1,0,0,0,0,0
231000,2020,230000,13.425877426905,23.0209222523651,39.97387353829,2.59718399594301,3.13640346558268,3.68822607916826,1,1.83545285212332,0.346153846153846,1.02763720544693,0.796871815395575,2.56494935746154,1,6.59899414190995,13,0.69855092310755,5.14936190254172,2.3702361170022,3.10563826731042,0,1,0,0,0,0,0
231100,2011,230000,18.3677123608968,33.7152140163123,55.0576810712274,2.91059436022016,3.51794918997338,4.00838138243138,0,0.900222118125372,0.108820160366552,0.758049788134639,0.671278652646978,0.693147180559945,0,4.8950857015097,3,0.621974584525592,1.81453351427677,1.22561892178582,2.24177883385777,0,0,0,0,0,0,0
231100,2012,230000,17.1452154885076,31.7515212759515,52.7353146729233,2.84171915442777,3.45794063839405,3.96528533877104,0,0.927516676906728,0.109375,0.831652429600914,0.656341925445887,1.09861228866811,0,4.99888713499405,3,0.627209708697679,0.813016663479678,1.92760713421751,2.20169538665665,0,0,0,0,0,0,0
231100,2013,230000,17.7496406456548,32.6770022139159,53.1806399460511,2.87636527040126,3.48667153426389,3.97369441932749,0,0.977777130109267,0.122448979591837,0.859344476736232,0.666847554624752,1.38629436111989,0,4.98276074442788,4,0.623583509272648,1.26951166139472,2.41564380274763,2.55669976544846,0,0,0,0,0,0,0
231100,2014,230000,18.1518693986264,33.1753384710656,53.625944878071,2.89877355257651,3.50180678276052,3.98203299719684,1,1.00728046597547,0.126099706744868,0.9025827175252,0.259893260708303,1.38629436111989,0,4.89647482765771,4,0.656782944050647,2.23260841782075,1.84757461039286,2.46300875814755,0,0,0,0,0,0,0
231100,2015,230000,17.7299303321814,32.1699796386797,52.9350692874596,2.8752541907034,3.47103370832191,3.96906605471032,1,1.02725373680975,0.119047619047619,0.948278924376528,0.110391113390448,0.693147180559945,1,5.0168422680069,5,0.629483664790286,2.67425215589212,2.28199343560449,2.72042775649401,0,0,0,0,0,0,0
231100,2016,230000,12.9804730100562,23.052951490038,40.1989737736069,2.56344615206468,3.13779380853545,3.6938414672794,1,1.06012276409974,0.116564417177914,0.989400639379665,0.0861009930133031,0,1,5.08159848954401,6,0.635990965150259,0.962537715461355,3.48700485720148,2.67917842299147,0,0,0,0,0,0,0
231100,2017,230000,13.2038005585161,23.9865716997805,41.9963416695245,2.5805047092507,3.17749416125327,3.73758251138311,1,1.08407318050203,0.118012422360248,0.993611259548055,0.0797977787795431,1.38629436111989,1,5.09223511027892,6,0.642066490112429,2.09403130599956,2.54275067198469,2.74000390412154,0,0,0,0,0,0,0
231100,2018,230000,11.557465033486,20.9455051983734,39.095489431636,2.44733155143643,3.04192407434556,3.66600710053216,1,1.10111578125301,0.113207547169811,1.0016074535422,0.615699845296212,1.38629436111989,1,5.10471970776299,6,0.638288367599375,2.18584979630501,2.83032973995089,2.81732610918653,0,0,0,0,0,0,0
231100,2019,230000,10.7401953022248,19.0616366070147,33.5153707567148,2.37399327348007,2.94767776059511,3.51200416216004,1,1.1443849162559,0.113924050632911,1.08580732375725,0.615699845296214,2.19722457733622,1,5.12343204449237,6,0.632233152937788,2.53583184251011,3.11503698767463,2.90796026125791,0,0,0,0,0,0,0
231100,2020,230000,10.5580252101363,18.8200207115367,31.383166471693,2.35688625417432,2.93492123466336,3.44627164953381,1,1.17032592566514,0.115384615384615,1.13146059791703,0.615699845296214,1.38629436111989,1,5.12051945500244,6,0.631094032199071,2.79421492725982,2.22454477344591,2.80668016167571,0,0,0,0,0,0,0
231200,2011,230000,30.0518962051529,48.1256888182221,72.1411089366356,3.40292576065937,3.87381610561143,4.27862404736495,0,4.54732495266296,0.153290943461076,0.684140710167057,0.00931644171047997,0,0,5.56899460104205,4,0.552541162250406,3.47713777751443,1.4753848974701,2.2847478434613,0,0,0,0,0,0,0
231200,2012,230000,26.9511606114716,43.3357794416702,66.5819102831557,3.29402636178845,3.76897860884824,4.19843292328163,0,4.64284904440953,0.159066427289048,0.771477324952355,0.00971807470854946,1.09861228866811,0,5.6756134554235,6,0.575483051700107,2.9440528079277,2.0568796555313,2.20830094432389,0,0,0,0,0,0,0
231200,2013,230000,32.2827162793763,52.4267707296897,76.5105096565933,3.47453198730196,3.95941735265419,4.3374281125285,1,4.78409334134729,0.15623876303488,0.822247667373483,0.0136186386162718,2.70805020110221,0,6.01798836810153,6,0.563260891063859,3.07748795272332,2.00949813287466,2.61382798391581,0,0,0,0,0,0,0
231200,2014,230000,29.4409443006407,47.5364722232604,70.1574394593157,3.38238636877564,3.8614972526843,4.25074185166413,1,4.87317073711842,0.152386117136659,0.822543122609523,0.0164568823859719,1.38629436111989,0,5.92869672071382,9,0.572730507689007,4.40752949316524,1.73180791886082,2.46401205107597,0,0,0,0,0,0,0
231200,2015,230000,26.4577754010621,42.1331695841899,65.5172404784937,3.27555008111846,3.74083530658591,4.18231332141875,1,4.93546042140135,0.152233363719234,0.865375544360529,0.00945312643990461,2.56494935746154,1,6.0244829656231,10,0.583824399978884,4.12603896212076,1.56376471117727,3.11532601012979,0,0,0,0,0,0,0
231200,2016,230000,22.0184591305892,34.9917369502017,56.9337296306283,3.09188115294189,3.55511194647936,4.04188795338746,1,5.06006558706996,0.152854511970534,0.882965557324736,0.00919532086537814,2.63905732961526,1,6.11094671746779,11,0.579520823591847,2.89802680983055,2.0482250852471,2.94004023479381,0,0,0,0,0,0,0
231200,2017,230000,22.3924104530672,36.0208415533933,60.9351699568809,3.10872208238935,3.58409770297831,4.109810511422,1,5.14625370733388,0.15530303030303,0.884644414934685,0.0126844672252672,2.70805020110221,1,6.07082046832998,11,0.57468886117814,3.78975393447405,1.527100292728,3.01739708822115,0,0,0,0,0,0,0
231200,2018,230000,18.0973976202596,28.8751617740105,49.1276817889266,2.89576815004854,3.3629817713894,3.89442265982257,1,5.19538686921795,0.16030534351145,0.87834530831224,0.009510983186095,2.99573227355399,1,6.08996224684322,11,0.584516948966657,3.82748502248953,2.25366661793454,3.03982907520791,0,0,0,0,0,0,0
231200,2019,230000,19.1761107394976,30.6794372917732,51.334315578707,2.9536652720162,3.42359263512398,3.93835944821259,1,5.2196103486935,0.155172413793103,0.755729034878033,0.00951098318609499,3.2188758248682,1,6.14015272987164,11,0.580068524257611,4.68359227349876,2.06564689902685,3.11765248963462,0,0,0,0,0,0,0
231200,2020,230000,19.4481093822211,31.123657683399,46.7310698460736,2.96774986134093,3.43796822721711,3.84440925065257,1,5.39567557491359,0.155555555555556,0.781085729743997,0.00951098318609499,2.89037175789616,1,6.32585956131443,11,0.57812927503942,4.27393742094201,2.12719365039254,2.94092557231649,0,0,0,0,0,0,0
310000,2011,310000,30.330118103039,54.7443909439089,87.911404371662,3.41214121562759,4.00267491493532,4.47632953884255,0,29.9163366738305,0.95152881499225,2.24847067408588,1.47245334595462,7.79811262882979,0,8.06242439588451,56,0.567857145585797,16.8155476270578,2.76790284406661,3.82244791535336,0,0,0,0,0,0,0
310000,2012,310000,28.3738365039409,51.5548626068912,83.0662051465672,3.34546747069447,3.9426465339851,4.41963794220929,0,30.3669352125609,0.951993832784358,2.26797101721716,1.36606882901033,7.93666015522543,0,8.07566647971409,61,0.56588636609641,16.7959305719564,3.54680942662689,3.96697543273326,1,0,0,0,0,0,0
310000,2013,310000,31.4667384689627,57.8405747789951,89.706366944142,3.44893106633337,4.05769051519731,4.49654174697098,0,31.1087140866867,0.952384277036934,2.30645485890316,1.26598470078123,8.07620452723903,1,8.12638482610121,62,0.555733768100088,17.5446900139058,3.16327714946825,4.02532363698763,1,0,0,0,0,0,0
310000,2014,310000,29.0702950884196,51.8966119929573,80.9443611560787,3.36971686547969,3.94925350852192,4.39376201934135,0,31.7074878194548,0.952874122471676,2.37184569014547,1.21635183069985,8.14148104145742,1,8.17942971709441,64,0.564360388300636,17.3350252157787,3.81649542108431,3.76708953150676,1,0,0,0,0,0,0
310000,2015,310000,27.4300721444677,49.3097702583053,75.8628621230216,3.31163993507612,3.8981222410953,4.32892726456329,0,32.0853469327982,0.95340859477328,2.42729997125646,1.11973560188324,8.39479954320217,1,8.23389910090677,64,0.572272729467262,17.1722228451024,4.85107331504896,3.59936754333823,1,0,0,0,0,0,0
310000,2016,310000,23.5116932376471,42.208732253849,67.1066720258224,3.15749788197668,3.74262712508251,4.2062834731003,0,32.4473124631417,1,2.51512019414007,1.0229048250371,8.54558626591746,1,8.28135636984254,64,0.560493509200486,17.8936549336082,4.64106853035656,3.72652576127807,1,0,0,0,0,0,0
310000,2017,310000,21.8164711422164,39.2231575283562,64.7105034048039,3.08266524148796,3.66926732564479,4.16992352843629,0,32.7666436116949,1,2.54451730566142,1.05753434292242,8.73648935100155,1,8.31064185963116,64,0.562142855064435,17.9702764081353,3.88490131588664,3.72604064332748,1,0,0,0,0,0,0
310000,2018,310000,19.4329418835431,34.538834445332,57.1435361078105,2.96696966127155,3.5420843270806,4.04556627986876,0,33.1836120709104,1,2.57418595777621,1.04391838233922,8.90027634863127,1,8.32693556577287,64,0.553931818089702,17.8943537445648,3.89730008715376,3.87889438045321,1,0,0,0,0,0,0
310000,2019,310000,18.8279655503419,33.0107318396023,53.8121821293302,2.93534329383369,3.49683271585874,3.98549987516619,0,33.613950929521,1,2.7017180961768,0.894061548133442,9.0864763847538,1,8.36389342663307,64,0.553181818940423,17.6853000780594,4.10305392172361,3.66943756446435,1,0,0,0,0,0,0
310000,2020,310000,16.6083654646218,28.5869947336518,46.1393687895028,2.80990651207746,3.35295188481236,3.83166657232049,0,33.9557804652157,1,2.70277599160092,0.897235260470508,9.22749243079375,1,8.45701446719393,64,0.553483763878996,18.0172547343257,4.07736630471733,3.64165443688382,1,0,0,0,0,0,0
320100,2011,320000,34.0263834151808,65.7769030918916,107.656391881918,3.52713620649661,4.18626875986989,4.67894459856338,0,16.407717475993,0.866750471401634,1.95307409655563,0.602919827789015,7.08086789669078,0,7.7639036763807,15,0.580573530758128,16.0465653049218,3.21193009857745,2.4901657368515,0,0,0,0,0,0,0
320100,2012,320000,32.8434398987975,63.1094665101848,103.114935696319,3.49175202632144,4.1448707822279,4.6358442466445,0,17.0008744957236,0.866562255285826,2.06758576250463,0.48414434107683,7.35115822643069,0,7.93416320032947,17,0.591058821362608,16.052236559303,3.06619353220855,2.62276927266353,1,0,0,0,0,0,0
320100,2013,320000,36.5297916297115,72.7581270154367,120.905299957772,3.59812813670419,4.28714061136473,4.79500759419318,0,18.0686582290102,1,2.13607763525207,0.431188288941116,7.65681009148038,1,8.02378894662644,17,0.579340334762545,16.8213241010504,2.91130937441178,2.62640776722606,1,0,0,0,0,0,0
320100,2014,320000,33.8187923898261,68.3582354018894,108.973045650514,3.52101663584966,4.22476204460073,4.69110056403856,0,18.5170678312766,1,2.20452204022716,0.398528503053475,7.81681996576455,1,8.07759184292022,17,0.588676472358844,16.7709396995103,3.55727198270626,2.53994716550727,1,0,0,0,0,0,0
320100,2015,320000,30.5348880877151,57.1878396504799,90.3350905911115,3.41886990161893,4.04634128226147,4.50352598506052,0,19.0143732341191,1,2.28495448789984,0.341076240666235,8.03495502450216,1,8.07673888388208,17,0.583609242649639,16.3829926874017,5.70106058385017,2.61028173783274,1,0,0,0,0,0,0
320100,2016,320000,27.2500545944935,49.2479480941382,81.3950906483174,3.3050555245749,3.89686770368698,4.39931495974395,0,19.4556376830741,1,2.32892868469554,0.317654147617824,8.2445967563825,1,8.08239637674773,19,0.593796219457598,16.7388255179845,5.90185736287601,2.66012425496936,1,0,0,0,0,0,0
320100,2017,320000,26.5647563736352,47.3885677955208,82.4413183636301,3.27958538890792,3.85838101386256,4.41208674769,0,19.7312793909324,1,2.36184564814084,0.354621955029806,8.54655780004614,1,8.18048526755062,20,0.592046217883334,16.9901764409958,3.85984426542977,2.59544871777191,1,0,0,0,0,0,0
320100,2018,320000,25.5433621144313,45.8486452216422,77.32313086571,3.24037748306933,3.82534565021014,4.34799314583423,0,20.0500652558791,1,2.39551158113696,0.337966091900056,8.6476949994804,1,8.23042678036548,20,0.592165964929497,16.9769565983843,4.38700643007508,2.63543879126914,1,0,0,0,0,0,0
320100,2019,320000,23.9442761374665,41.8435638800044,71.1507528811809,3.17572930312116,3.73393799490556,4.26480090608467,0,20.3632770815314,1,2.44924687459474,0.344460909638113,8.72583205652757,1,8.30565387323823,20,0.590002099380774,17.0200634151025,2.56904854308461,2.47444464949164,1,0,0,0,0,0,0
320100,2020,320000,20.7500390922257,34.6032230914978,57.7444779045168,3.03254813063762,3.54394683065868,4.05602772412894,0,20.8092958581199,1,2.47934842371618,0.601741944091752,8.86389860431748,1,8.35900928103496,20,0.595407561344259,16.9820101471704,3.9010176106939,2.42881075393661,1,0,0,0,0,0,0
320200,2011,320000,38.3854001984094,65.5218646218834,104.905586315282,3.64767718413171,4.18238389795982,4.65306076770484,0,22.148422845827,0.511752136752137,2.32345676322449,0.680535106950222,6.68336094576627,0,7.59368924889678,15,0.565236729383469,16.425955366367,3.14960955608576,2.45188177560859,0,0,0,0,0,0,0
320200,2012,320000,35.9154527990435,61.0367401203295,97.6145770471555,3.58116764296625,4.11147597991982,4.58102683725805,0,23.1723507561361,0.512869602212295,2.38480378978493,0.590309775434812,6.89871453432999,0,7.69284737264065,16,0.559424488033567,16.3815127449911,3.42735760842266,2.57861995123191,1,0,0,0,0,0,0
320200,2013,320000,40.3630360556282,71.416580466737,110.771075895726,3.69791441702756,4.26853006180887,4.70746569236175,0,24.1486550063652,0.513765353663702,2.41969776932276,0.540278115291647,6.99117688712121,1,7.77542111079755,17,0.560787754399436,17.2176884536223,3.21757392012908,2.58967341296534,1,0,0,0,0,0,0
320200,2014,320000,37.5562241327605,63.8137501497601,99.810469870277,3.62583912033995,4.15596868671845,4.60327308633471,0,24.5492472463608,0.514986376021798,2.41607642141715,0.555321426434693,7.19443685110033,1,7.91390578549998,17,0.57809796163014,17.0759592977913,3.92059424944661,2.53423895553792,1,0,0,0,0,0,0
320200,2015,320000,34.2347114351857,57.8706994748133,90.9463076248764,3.53324008359594,4.05821120251483,4.51026930628269,0,24.923817518742,0.516739446870451,2.44300247932875,0.500547672933785,7.66105638236183,1,7.97243609160625,18,0.587375509738922,16.821777422588,5.1166442392385,2.44842640458731,1,0,1,0,1,1,1
320200,2016,320000,30.1060861338658,50.3459061102671,79.512273049492,3.40472734845414,3.91891730722463,4.37591138772626,0,25.2524553667522,0.520576131687243,2.4920159785674,0.503599897105267,7.92660259918138,1,7.93886547679476,19,0.572330611092704,17.3421202929612,6.05683264875647,2.48125426174508,1,0,1,1,1,0,0
320200,2017,320000,27.8980720117819,46.3209123675935,75.072803978809,3.3285575829192,3.83559353012588,4.31845836241006,0,25.4906121043277,0.525354969574036,2.54576104741568,0.531920385816633,7.54538974961182,1,7.9327362354522,19,0.584693878037589,17.4558145163641,3.81392149075332,2.45820317641705,1,0,1,1,1,0,0
320200,2018,320000,26.3648639008302,44.2580523730937,72.8091675299555,3.27203221085381,3.79003732943177,4.2878418748837,0,25.8383532284152,0.529175050301811,2.60119640132661,0.540469070357507,7.51643330291563,1,7.92400547267007,19,0.579440814256668,17.4316808904697,4.41112307521087,2.49423612492225,1,0,1,1,1,0,0
320200,2019,320000,24.3987231556706,40.1136747360708,67.3448298898761,3.19453080124428,3.69171729204194,4.20982613509727,0,26.1570742852223,0.532803180914513,2.61112156237291,0.538764324357569,7.44600149832412,1,7.96570871561461,19,0.57597958956446,17.3043286405848,3.18883918619554,2.36934837679676,1,0,1,1,1,0,0
320200,2020,320000,21.0416983578876,34.1207871311683,56.1436772068253,3.04650610504371,3.52990679185235,4.02791406944462,0,26.3416496005609,0.539292730844794,2.6352410083788,0.489720173604366,7.56371966841437,1,8.05792223432807,19,0.576322452511106,17.4990668871959,3.84546641863411,2.31414064935435,1,0,1,1,1,0,0
320300,2011,320000,41.2817022789969,76.9786181631776,128.662544123757,3.72041935770187,4.34352769709924,4.85719303979448,0,21.6217864149963,0.323231289034504,1.18733772827286,0.114778792988818,5.54126354515843,0,7.22914180216817,9,0.622208218558941,14.5277242245193,2.29366978269242,1.91096871765486,0,0,0,0,0,0,0
320300,2012,320000,40.6672797311191,75.8439635331945,126.199483619002,3.7054238313069,4.32867811835852,4.83786385833172,0,22.0015367921994,0.323977788995457,1.24784066313391,0.13086178908039,5.57594910314632,0,7.40518391616548,11,0.617602240805532,14.6484935750304,2.2098721071601,1.97138193284317,1,0,0,0,0,0,0
320300,2013,320000,44.2683958974573,82.6389890386798,137.363863003066,3.79027101155983,4.41448159141952,4.92263333939606,0,22.5442498951562,0.324163273413447,1.29203569881753,0.0878445555938664,5.74620319054015,1,7.5239819202883,11,0.621662934036816,15.168176549462,2.09032958934913,2.20769011526497,1,0,0,0,0,0,0
320300,2014,320000,40.9724915370854,77.1231251091496,130.822431624345,3.71290090340473,4.34540317216215,4.87384091991838,0,22.7869715214712,0.323888617489008,1.35504174253182,0.0741137326803039,5.7268477475872,1,7.68612755411002,11,0.624181140482036,15.64595575285,2.45703949542109,2.1417511397914,1,0,0,0,0,0,0
320300,2015,320000,38.3163393090699,69.9721758589845,117.250317979726,3.64587641902664,4.24809767530138,4.76431111930332,0,23.1671828392939,0.323388743073782,1.40308672948715,0.0633605848236557,5.58724865840025,1,7.83624510465739,11,0.620648923652624,15.0605159482489,2.80705753475134,2.12615758518808,1,0,0,0,0,0,0
320300,2016,320000,34.9541578415216,63.5097216124862,108.009730843463,3.55403742702664,4.15119299044023,4.68222132346786,0,23.4351834195939,0.324687800192123,1.4502079214944,0.0714764214980044,6.18001665365257,1,7.93962452018634,15,0.628709614861245,15.3990141213005,2.56541998232633,2.14490988799364,1,0,0,0,0,0,0
320300,2017,320000,34.5860439596579,63.0082891272793,110.003095211432,3.54345024692755,4.14326629118538,4.70050850368229,0,23.6996096884219,0.325312800769971,1.48005059123981,0.0839212650258412,6.40357419793482,1,7.99347290573623,16,0.619153126392489,15.8547935749624,2.68335862383404,2.08637996471614,1,0,0,0,0,0,0
320300,2018,320000,32.0002818339778,57.7447274309153,100.658966185821,3.46574471007275,4.05603204533624,4.61173823093804,0,23.9728746957994,0.327272727272727,1.50523831725934,0.115018735247875,7.02642680869964,1,7.90778092214522,16,0.591905693602718,15.633667428239,2.93555622635969,2.12952268598709,1,0,0,0,0,0,0
320300,2019,320000,30.924635770472,55.0201009699072,94.8401579592841,3.43155314037482,4.00769859064391,4.55219292673023,0,24.1185642783311,0.329174664107486,1.54201488110068,0.130603351907748,7.26612877955645,1,7.8665963231409,16,0.597530347069884,15.8042157679108,2.2931983123145,2.02297423280046,1,0,0,0,0,0,0
320300,2020,320000,27.7677715234125,48.8227112525836,81.1760518273019,3.32387605047221,3.88819559911682,4.39662027543255,0,24.4667119197142,0.331728454501685,1.55919835317138,0.145491176597555,6.56244409369372,1,7.85968056846571,16,0.60000186807969,15.6622996555504,2.92687458795293,1.96514226508438,1,0,0,0,0,0,0
320400,2011,320000,36.9398867646966,65.391003266359,105.389887620468,3.6092919093819,4.18038468426569,4.65766668862464,0,16.179253573004,0.631027831358501,1.97165132735644,0.516677905079831,6.24416690066374,0,7.23919095675584,12,0.589942249211859,16.2802686737173,3.23512320091339,2.11950559771476,0,0,0,0,0,0,0
320400,2012,320000,35.0890083439783,61.8932819620044,99.3895313900534,3.5578879288361,4.12541164329995,4.59904679010869,0,16.8771346493051,0.631853070175439,2.03639140398745,0.461843678050731,6.82546003625531,0,7.3809413324214,13,0.58755927200013,16.234767276076,3.39497034762118,2.25045663453101,1,0,0,0,0,0,0
320400,2013,320000,39.1362543296271,71.8086434814438,111.763106953837,3.66704925809431,4.27400485155867,4.71638151479347,0,17.8722415288277,0.633233123804318,2.09712554492501,0.415037206838593,6.67959918584438,1,7.44312985772352,13,0.585082063015471,17.0893478385317,3.21057675010313,2.25522291835501,1,0,0,0,0,0,0
320400,2014,320000,35.7693977333315,63.9509270469688,100.209925514793,3.57709271592849,4.15811602435401,4.6072672407788,0,18.3677552240639,0.634563212154097,2.1847668540765,0.361073684906736,6.92461239604856,1,7.58247420925457,13,0.588297870564968,16.9786759333069,3.95521963095673,2.25959398925392,1,0,0,0,0,0,0
320400,2015,320000,32.7923083463852,57.1650292486208,91.1341658335921,3.49019398625569,4.0459423346464,4.51233277054994,0,18.8047756394342,0.785357961439935,2.24440908388336,0.33121679991759,7.0057890192535,1,7.60901280015834,15,0.587218845778323,16.6917303184655,5.12425109097511,2.22563219437877,1,0,0,0,0,0,0
320400,2016,320000,28.7915483580695,49.3169048523065,79.245514361607,3.3600818842849,3.8982669198854,4.37255081004012,0,19.2220167139551,0.786666666666667,2.30326483290504,0.317436750406008,6.91274282049318,1,7.65390896892844,16,0.580747719140763,17.1306164613491,6.38485349311659,2.22103709327715,1,0,0,0,0,0,0
320400,2017,320000,27.8407411380598,47.2294879643439,75.4139140782079,3.32650045645023,3.85501844252688,4.32299179483534,0,19.4567521621807,0.79155672823219,2.35088926274338,0.329569558003651,7.08086789669078,1,7.69013685114971,16,0.590218845200031,17.256536506472,3.79983054086624,2.18941568746663,1,0,0,0,0,0,0
320400,2018,320000,27.1104704697474,46.7311261150798,73.2354953843755,3.29992001746355,3.84441045475452,4.2936802130592,0,19.8262549734225,0.793193717277487,2.39859592481744,0.322678372737819,7.15929190479756,1,7.6862682377716,16,0.583905778032668,17.2731502052299,4.47605276871842,2.19699717880874,1,0,0,0,0,0,0
320400,2019,320000,25.3512824439821,42.4878449996993,69.4182825713417,3.23282931826378,3.74921803501749,4.24015027044656,0,20.072940440078,0.794805194805195,2.42403111790272,0.31582800800013,7.06646697013696,1,7.53995085080509,16,0.585641334665583,17.1988481739126,3.01469825290011,2.06994730775702,1,0,0,0,0,0,0
320400,2020,320000,22.0782055053276,36.3409789249314,58.1040131350641,3.09459094570247,3.59294600055048,4.06223473436511,0,20.340703266826,0.796895213454075,2.4645299450369,0.42639411127907,7.2115567333138,1,7.44620701895695,16,0.58789665711687,17.3255761385955,3.90754504719911,2.00927705809664,1,0,0,0,0,0,0
320500,2011,320000,38.7184973269018,64.1809596223581,102.379341219648,3.65631745294925,4.16170658761664,4.62868494635009,0,19.9638982880582,0.381753074887124,2.43834498082855,1.81395316786417,7.15148546390474,0,7.89416470623422,32,0.542181552077333,16.769822042847,2.9898499109403,3.16070316380718,0,0,0,0,0,0,0
320500,2012,320000,36.0944550027066,59.9022287086601,95.3968279141993,3.58613925250793,4.0927137115855,4.55804532752617,0,20.9398691813659,0.50787280024699,2.51388493422174,1.60646488534596,7.65349490966125,0,8.0547130591157,35,0.536050599068403,16.7226824876217,3.63754458844544,3.28545701441946,1,0,0,0,0,0,0
320500,2013,320000,39.7393660223585,67.9629442135786,104.222104471986,3.68234228385999,4.2189626186078,4.64652424186966,0,22.197149270794,0.509177118384827,2.55961233390908,1.4725632994708,7.92371033396924,1,8.15743665081986,37,0.535294645776351,17.5269597901742,3.35012854877913,3.31451430978795,1,0,0,0,0,0,0
320500,2014,320000,36.9281623147584,60.189646664482,93.8873392231363,3.60897446631462,4.09750035520655,4.54209554456903,0,22.8156393600876,0.510512781727424,2.59131309485512,1.38979809219145,8.06463647577422,1,8.18623012483904,38,0.54181250060598,17.324110654204,3.88061973318707,3.14986971323338,1,0,0,0,0,0,0
320500,2015,320000,34.0429242955394,56.0040558981464,87.0798060066676,3.52762220763987,4.02542411486507,4.46682500860396,0,23.3315658710722,0.511626512346142,2.63183065628397,1.31105337224359,8.00235954625271,1,8.17152317205924,43,0.556886910150448,17.1223762997119,5.13787613198342,3.01519500577132,1,0,0,0,0,0,0
320500,2016,320000,29.5380032764526,47.8952564081143,76.8350231637173,3.38567768092742,3.86901646836712,4.34166056698076,0,23.7470672835642,0.513274336283186,2.66387364530769,1.1754248213507,8.11939858961229,1,8.10295325983868,44,0.543764878064394,17.7920516716073,5.30845880965577,3.12334046025092,1,0,0,0,0,0,0
320500,2017,320000,26.8447671649662,43.5614529203233,72.9275700293552,3.29007091052592,3.77417265196956,4.289466757222,0,24.0919988621201,0.515195369030391,2.69709483938051,1.25397106116842,8.3187422526924,1,8.05814608162403,44,0.550419642279545,17.8791376210415,3.92588579287319,3.11854395556426,1,0,0,0,0,0,0
320500,2018,320000,24.9292358334849,40.6953365480619,68.4998411889986,3.2160412445781,3.70611350475493,4.22683142685671,0,24.5346641840828,0.517045454545455,2.72944006166018,1.25974278298228,8.41626727282628,1,7.99637570107174,44,0.53782143133382,17.8045231209195,4.22216960277147,3.21199177640186,1,0,0,0,0,0,0
320500,2019,320000,23.0291717279834,37.0836359706706,63.0700123171371,3.13676174826979,3.61317579335179,4.14424541596866,0,24.9829312800033,0.518672199170125,2.72415242521481,1.14596179930096,8.24328252304838,1,8.10137401210376,44,0.537050593644381,17.600824181008,3.71117005881018,3.07679200438097,1,0,0,0,0,0,0
320500,2020,320000,20.2214621360303,32.0076941123163,52.899199375569,3.00674452235436,3.4659763149083,3.96838820407239,0,25.3007615387416,0.519191919191919,2.73900428203965,1.10284538558697,8.55622157838371,1,8.22309393322895,44,0.537872023880482,17.8994600616861,3.9645241183833,3.03170279486963,1,0,0,0,0,0,0
320600,2011,320000,32.5686490154073,57.1766235294525,93.1157603795184,3.48335013901143,4.04614513529848,4.53384345437621,0,12.1201937215133,0.276898941038044,1.46837566644139,0.40848137799515,6.04263283368238,0,7.30662754408002,11,0.587429859616735,15.890883233622,2.72566451405753,3.27326229590024,0,0,0,0,0,0,0
320600,2012,320000,30.1599032188263,53.2514306794172,87.04744421512,3.40651333420975,3.97502467144772,4.46645330581903,0,12.8369417058877,0.276921066387872,1.53634784283998,0.36418506359288,5.71702770140622,0,7.4772060742482,15,0.601773487823503,15.9294138610746,3.0870467764991,3.38580654323841,1,0,0,0,0,0,0
320600,2013,320000,34.5695153224281,62.3478117037798,99.6393987217223,3.54297223365672,4.13272857453788,4.60155765586877,0,14.1405973149514,0.276973255055447,1.59731705828597,0.366594517544665,5.91889385427315,1,7.5893063049806,19,0.595555984490627,16.6534011833634,2.81591832322119,3.32641275269023,1,0,0,0,0,0,0
320600,2014,320000,31.9127216230468,55.9801123281724,89.4448929557285,3.46300472725314,4.02499649066215,4.49362271448164,0,15.3640886365226,0.277227722772277,1.6805110983013,0.343945200986707,6.0591231955818,1,7.74556139767926,19,0.596207207119143,16.5196207410946,3.67558839501724,3.15054316352193,1,0,0,0,0,0,0
320600,2015,320000,29.3400028097936,50.9577556137968,80.4328364753294,3.37895186848148,3.93099696817858,4.38742250667893,0,15.9642210934083,0.277879937921411,1.75035652081722,0.319850398943665,6.21660610108486,1,7.86168227628069,20,0.59593565077395,16.3174289313226,4.86119493811936,2.93890311483427,1,0,0,0,0,0,0
320600,2016,320000,25.9280886693655,45.0462568443102,72.1818692596749,3.25532688566391,3.80768989168574,4.27918889607625,0,16.2417814067012,0.279009126466754,1.81839241742099,0.302951060369437,6.20657592672493,1,7.94266741440542,22,0.596104245465081,16.9693991975146,5.70565580183809,3.02385054569162,1,0,0,0,0,0,0
320600,2017,320000,24.3432779357403,42.1461381877148,70.9860225662547,3.19225575128312,3.74114305955565,4.26248299239679,0,16.5041639735094,0.280104712041885,1.88419189380589,0.309755517671657,6.7990558620588,1,7.93135390368611,22,0.610474901156382,17.1244218361053,3.70549044206221,2.9682871973335,1,0,0,0,0,0,0
320600,2018,320000,21.6613151849736,37.81394401773,63.7550147873542,3.07552795925736,3.63267792396053,4.15504784427578,0,16.9209405311055,0.28178243774574,1.94431077449648,0.302974253508108,6.99484998583307,1,7.94764833627186,22,0.58961389945434,16.9995242770844,4.05603258282506,3.10294330114933,1,0,0,0,0,0,0
320600,2019,320000,20.7547410840706,35.6954558134729,59.4550857322132,3.03277470655707,3.57502339254576,4.0852211658566,0,17.1999797503645,0.282894736842105,2.02939629443697,0.269263343428613,6.76157276880406,1,7.96442176441366,22,0.599415700714867,16.7797692669837,3.10590677099863,3.17016857077778,1,0,0,0,0,0,0
320600,2020,320000,18.3746057821365,31.2878847274971,50.3312218275529,2.91096959083537,3.44323095320637,3.9186255968209,0,17.674367279471,0.349206349206349,2.08840708823223,0.366594517544665,6.8001700683022,1,7.91555787532366,22,0.587485198233579,17.0017186226058,3.43709708052193,3.08521103537813,1,0,0,0,0,0,0
320700,2011,320000,35.7737668201553,66.8384400552375,115.030676055032,3.57721485441248,4.20227836496349,4.74519884109687,0,17.8076348564088,0.189034045922407,1.01134932549864,0.316086266554899,4.07753744390572,0,6.48249969580336,10,0.60991149071766,13.7422534874597,2.37512813972082,2.22378826013413,0,0,0,0,0,0,0
320700,2012,320000,33.3206907832593,62.2074257542196,107.824665638737,3.50617854887424,4.13047437773537,4.68050644156677,0,18.273484351356,0.189236790606654,1.07198859736337,0.315005493577416,4.0943445622221,0,6.66471911370479,10,0.620110598302657,13.8959523521786,3.08689215457248,2.31719192113555,1,0,0,0,0,0,0
320700,2013,320000,37.8767225920708,70.7527521516725,120.437379687329,3.63433674377407,4.25919143543706,4.79112994721055,0,18.9970080278275,0.18877354863514,1.11740808948505,0.23046143359438,3.97029191355212,1,6.69596223645504,10,0.625837173833642,14.3103074198969,2.58509660907147,2.40756736631445,1,0,0,0,0,0,0
320700,2014,320000,35.7461611292281,67.0318920775869,114.764433730089,3.57644288237365,4.20516850729637,4.7428816251707,0,19.3081629052195,0.416144349477683,1.16779445892,0.25093598109175,4.23410650459726,1,6.92583902798192,10,0.64134472090265,14.9320357531858,2.69938604104467,2.39714836219015,1,0,0,0,0,0,0
320700,2015,320000,32.4281578732927,59.5631602431199,100.421059413301,3.47902711553882,4.08703726623223,4.60937194037466,0,19.6246999473595,0.416032117008444,1.228398488081,0.231872181082114,4.56434819146784,1,7.11663339858334,12,0.615731184200574,14.5575367337392,2.85808357640181,2.52700072756121,1,0,0,0,0,0,0
320700,2016,320000,29.3452132514606,53.5204929237973,93.1589465016544,3.37912944102975,3.98006462586346,4.53430713646845,0,19.795053985426,0.417602996254682,1.28185709910257,0.196835330354033,4.87519732320115,1,7.24083121508094,12,0.631559139938765,14.7677829509189,2.6341309527104,2.52743909669137,1,0,0,0,0,0,0
320700,2017,320000,28.3788011273339,51.6336310651949,89.6676722976887,3.34564242726434,3.94417322501042,4.4961103060867,0,20.0683145264018,0.418386491557223,1.31113084150555,0.215665016772663,5.05624580534831,1,7.28701609143755,12,0.636380953173484,15.2664877049144,2.69343795934234,2.51944583241008,1,0,0,0,0,0,0
320700,2018,320000,25.7386512176402,46.5929296016356,82.217735906619,3.24799380054796,3.84144880433336,4.40937104407549,0,20.3705316007958,0.419475655430712,1.33880285314532,0.227876842892885,5.15329159449778,1,7.28605060874969,12,0.606596005219285,14.83106963145,2.99369571874584,2.61134445463671,1,0,0,0,0,0,0
320700,2019,320000,25.8128698546181,46.25893160842,79.8225160074644,3.25087319912681,3.8342545611717,4.3798056201394,0,20.7626990168051,0.421348314606742,1.422373321196,0.205168911006727,5.05624580534831,1,7.36857754949211,12,0.622225810122746,15.0722346004641,2.36400846985625,2.47920807764063,1,0,0,0,0,0,0
320700,2020,320000,22.7505024197988,40.3134359212193,66.0364741305282,3.12458722953986,3.69668481093689,4.19020722771943,0,21.2390449506954,0.422680412371134,1.45214381933783,0.195799005405368,5.70711026474888,1,7.33320587360771,12,0.605365591344013,15.0298373355373,3.20276068520805,2.45275469887148,1,0,0,0,0,0,0
320800,2011,320000,34.1264231240932,65.9633556213581,109.08054516619,3.5300719559057,4.1890993699777,4.69208655582143,0,10.593053599814,0.518041237113402,1.08156586362923,0.109118406070852,3.80666248977032,0,6.46060705919636,9,0.66452297879302,15.0153418411875,2.9007786294746,2.39336798843002,0,0,0,0,0,0,0
320800,2012,320000,32.4864648183187,62.67859668717,104.289106849896,3.48082353546052,4.13802002871087,4.64716691599535,0,10.8908482391705,0.517190929041697,1.14768904106233,0.139251591518234,3.46573590279973,0,6.63870602908775,10,0.665936647031618,15.0051889070285,2.63619393414445,2.51958259741921,1,0,0,0,0,0,0
320800,2013,320000,36.7221312738559,72.2757470941235,118.764500275112,3.60337960529498,4.28048862467532,4.77714254304012,0,11.518254293341,0.519168173598553,1.20488481158013,0.105212303022954,4.53259949315326,1,6.76943355462457,10,0.664293167902076,15.3585511752442,2.35143195295717,2.58656639629711,1,0,0,0,0,0,0
320800,2014,320000,34.0449000617072,66.6417753564469,108.264643320172,3.52768024345426,4.19933163850683,4.68457863089957,0,11.7655411437612,0.520257005175799,1.28079859318206,0.102757697928737,5.25749537202778,1,6.97092253874249,10,0.675279503283293,15.533211513159,3.14601357443847,2.47802587881963,1,0,0,0,0,0,0
320800,2015,320000,30.6454499806064,57.5486416838226,93.4104449856829,3.42248420048486,4.05263053252311,4.53700316966404,0,11.9834806872352,0.520170077066171,1.3571062837282,0.0937604455069656,4.89034912822175,1,7.1754693598464,10,0.664617392032043,15.1375332179403,3.70785021080138,2.39112082344835,1,0,0,0,0,0,0
320800,2016,320000,28.0526140046563,52.4358101407463,87.1362951301147,3.33408181852354,3.95958975754837,4.46747350349115,0,12.0875025745999,0.591549295774648,1.42047313349335,0.0763894775760148,4.85203026391962,1,7.30183359196174,11,0.667688197934109,15.5390924220512,3.79582440424644,2.45831695301186,1,0,0,0,0,0,0
320800,2017,320000,27.7248820698116,51.4321235853203,88.6716313144351,3.32233027965882,3.9402629497242,4.48494001081415,0,12.2006149692381,0.591800356506239,1.46462415717077,0.0942469859916636,5.68697535633982,1,7.37375505519479,12,0.656540372319843,15.9591423356433,3.45649839770303,2.3810714636655,1,0,0,0,0,0,0
320800,2018,320000,25.9362829873123,48.2037753758683,82.6145718040228,3.255642875919,3.8754373452893,4.41418607906008,0,12.2862768950621,0.593582887700535,1.49980814848918,0.0920401123458395,5.91620206260743,1,7.43648146726417,12,0.637065842618113,15.7413121753304,4.04662771160228,2.49355979266323,1,0,0,0,0,0,0
320800,2019,320000,24.4849789171207,44.6947185091942,76.6502161278928,3.19805982410105,3.79985534048204,4.33925242498629,0,12.3849124779202,0.596428571428571,1.54769541086021,0.0839741056958266,5.5683445037611,1,7.51170900912428,12,0.644583852135617,15.7539205943459,2.58962038898524,2.28859419179645,1,0,0,0,0,0,0
320800,2020,320000,22.1245299341708,39.6125571783113,63.6501495703043,3.09668694475511,3.67914616845712,4.1534016748876,0,12.5578915892587,0.612556053811659,1.57818652657056,0.0854666455607563,5.52942908751142,1,6.97576924017409,12,0.644754037131434,15.8096900698177,3.26166872891892,2.38328609377627,1,0,0,0,0,0,0
320900,2011,320000,31.1105101944768,57.8607371354237,97.95775670962,3.43754571046896,4.05803903944996,4.58453633175663,0,10.4545967580154,0.200926038747411,1.13645408870208,0.122289170390228,4.35670882668959,0,6.90204920861903,11,0.630803479609756,14.7188510913233,2.97858142139467,2.82988288125424,0,0,0,0,0,0,0
320900,2012,320000,28.9383985173786,53.9919364841156,92.3529071522244,3.36516938164099,3.98883471104605,4.52561718587067,0,10.8584987989368,0.202821011673152,1.20081096390052,0.116406680555897,4.79579054559674,0,7.08032355501767,13,0.645606962557371,14.8212312934341,2.61208514658665,2.91147110081481,1,0,0,0,0,0,0
320900,2013,320000,33.0574947951471,62.2689596428487,103.350228222767,3.49824831200036,4.13146306154789,4.63812349437659,0,11.8830246907777,0.203690216071862,1.26083923562743,0.116379534608389,5.11799381241676,1,7.19223487267171,13,0.649952862317187,15.4255637779136,2.14684034399862,2.93215056951743,1,0,0,0,0,0,0
320900,2014,320000,30.6707107313617,57.0864137533456,95.0459693796536,3.42330815136146,4.0445661505805,4.55436066277128,0,12.3419418691233,0.204345202172601,1.32074714635965,0.120399084233695,5.28320372873799,1,7.39760261455245,13,0.646843365455037,15.3340852763101,3.00731339827709,2.79179126221341,1,0,0,0,0,0,0
320900,2015,320000,27.2185812389511,49.5281914502551,82.169214339059,3.30389987385725,3.90254203170484,4.40878071048883,0,12.6964863980827,0.292320326558216,1.39074889285227,0.120030545911049,5.71702770140622,1,7.6013102992382,16,0.637562724842033,15.0412119165993,4.25796680165537,2.68926785476961,1,0,0,0,0,0,0
320900,2016,320000,25.0838580522617,45.4942101257028,77.9544801996343,3.22222453376912,3.81758506787538,4.35612506915214,0,12.8316996583717,0.292418772563177,1.44013775288171,0.115442008798207,6.0913098820777,1,7.72812927624603,17,0.640175489150933,15.5393709388267,4.45722589832779,2.73133307356437,1,0,0,0,0,0,0
320900,2017,320000,24.7463254276123,44.8901711128655,79.158086438447,3.20867701042108,3.80421886461249,4.37144694710271,0,13.0936141019705,0.295399515738499,1.48583654570186,0.11622966475907,6.90073066404517,1,7.78370960988605,17,0.642934009508433,15.8402376658452,2.89351696310658,2.5891838640479,1,0,0,0,0,0,0
320900,2018,320000,22.1374643176184,40.3688151609409,71.4808161099181,3.09727139125529,3.69805758494048,4.26942910754443,0,13.4039117836601,0.295757575757576,1.52745704151105,0.115141296912023,6.93925394604151,1,7.84280053456835,17,0.622639593587914,15.7161048761346,4.14305856880004,2.62434531859151,1,0,0,0,0,0,0
320900,2019,320000,21.6966345361636,39.1360908733128,67.4649072349158,3.07715715801927,3.66704508148982,4.21160756987129,1,13.7255532038142,0.297198538367844,1.55141141381627,0.11646117164055,6.61740297797448,1,7.86248346901076,17,0.636682378610379,15.7401305448329,2.34044141970279,2.41602177682184,1,0,0,0,0,0,0
320900,2020,320000,19.2136973239413,34.0333431662888,56.196992122369,2.9556234269719,3.52734072542378,4.02886323451306,1,14.0064346516056,0.299076923076923,1.58988435115744,0.138363107892065,6.72503364216684,1,7.73200776384139,17,0.63419434428215,15.6630420145614,3.13427264704869,2.56703597735761,1,0,0,0,0,0,0
321000,2011,320000,33.9592745031951,64.711611774608,106.080021031884,3.52516199794036,4.16994065641789,4.6641937247019,0,11.1575100724317,0.49989132797218,1.5220965491493,0.249093850806961,5.42053499927229,0,6.82916584227886,10,0.632263738375444,15.3853112148043,3.14140147252847,2.57304984441936,0,0,0,0,0,0,0
321000,2012,320000,32.4802807393436,61.6757702233446,101.739099313413,3.48063315870882,4.12189115075811,4.62241168652875,0,11.5091653582296,0.50196335078534,1.59285594804077,0.218919759632846,5.50938833662798,0,6.99583359856269,11,0.626769232826355,15.4075764999721,2.76793119967497,2.6955161220232,1,0,0,0,0,0,0
321000,2013,320000,36.385003202184,71.0343607679055,118.027782004735,3.5941566898074,4.26316371445066,4.77092003747194,0,12.4756696445077,0.502174858634189,1.65606780803171,0.181120138826591,5.73657229747919,1,7.10142734456321,11,0.637001832326253,16.033995737626,2.51688658661759,2.69378726639405,1,0,0,0,0,0,0
321000,2014,320000,34.1096408727832,66.0878210280504,107.462646034637,3.52958006787273,4.19098447917111,4.67714330843543,0,13.178966522362,0.502492954693258,1.75009665749898,0.166337742316837,5.73009978297357,1,7.26789733581349,11,0.63725091669804,16.0346810778404,3.36682299483172,2.569454607039,1,0,0,0,0,0,0
321000,2015,320000,30.65787374257,56.6695496969591,92.7281076766404,3.42288952148147,4.03723702409312,4.52967163779533,0,13.5896281409678,0.5029493407356,1.81928397936143,0.160278626192323,5.97888576490112,1,7.43524947372233,12,0.623932235133954,15.7058806259042,4.7665466929555,2.45546163048543,1,0,0,0,0,0,0
321000,2016,320000,28.0340990520925,51.1933405729715,85.0163180648339,3.33342159251894,3.93560945665187,4.44284321529839,0,13.7942674163169,0.502164502164502,1.89216140724835,0.143737692800374,6.21260609575152,1,7.56205127550013,14,0.628827836651068,16.1451639614168,5.27980237445108,2.49809990582585,1,0,0,0,0,0,0
321000,2017,320000,28.1380397897263,51.1021339585466,87.5708857779975,3.33712239004622,3.93382625677894,4.47244858856802,0,13.9561411364655,0.506521739130435,1.95284033243549,0.147232488227942,6.94312242281943,1,7.63576031427944,14,0.617851646282734,16.447645568017,3.45752268281774,2.41409883039037,1,0,0,0,0,0,0
321000,2018,320000,25.8478427468284,47.0534937035046,80.6079806868406,3.25222714473815,3.85128511839692,4.38959766057659,0,14.1718860362999,0.507625272331155,2.00921695578829,0.145156799784879,7.00488198971286,1,7.64728916289715,14,0.611247251049066,16.3919881512632,4.34692508360508,2.47112412070878,1,0,0,0,0,0,0
321000,2019,320000,24.3370302082603,43.2866478798696,72.7967121675258,3.1919990673075,3.76784422440327,4.2876707916488,0,14.3964770932459,0.509846827133479,2.06089327531474,0.133505189823161,6.76272950693188,1,7.62546392955954,14,0.612815018265675,16.3722130228196,2.49723581982486,2.26281321632853,1,0,0,0,0,0,0
321000,2020,320000,21.577886719324,37.1759330570611,61.0524677661125,3.07166902729259,3.61566159107794,4.11173362178911,0,14.9210158674862,0.511551155115512,2.09050348173794,0.218919759632846,6.81892406527552,1,7.53172093493232,14,0.622875458154923,16.3524058928759,3.3687985804256,2.30281332344955,1,0,0,0,0,0,0
321100,2011,320000,35.1423518436845,65.455000077355,106.597639940192,3.55940700834194,4.18136288481387,4.66906137208884,0,13.3652182374318,0.381390216991541,1.84471574737895,0.281586596189194,5.57215403217776,0,6.64473963432627,9,0.581074407324195,16.0522430662996,3.22383667679545,2.35516905027989,0,0,0,0,0,0,0
321100,2012,320000,33.7476260551346,62.5863823521579,101.742929875522,3.5189100757375,4.13654772013146,4.62244933665564,0,14.0128348138214,0.380619012527635,1.93645655767551,0.273885344961044,6.00635315960173,0,6.8230834470421,9,0.581392858798305,16.0404373567848,3.1111317728311,2.48701897938931,1,0,0,0,0,0,0
321100,2013,320000,37.3725539082087,71.8717937484497,118.817372382391,3.62093658229708,4.27488388940529,4.77758762841267,0,15.0803656586938,0.380058866813834,2.00881645654622,0.210593726281792,6.50876913697168,1,6.957182928943,9,0.57136607170105,16.8347745418653,2.95008465800621,2.48049505002531,1,0,0,0,0,0,0
321100,2014,320000,34.4260831551112,65.9834440517101,104.993205410575,3.53881450832049,4.18940386285752,4.65389563768824,0,15.7502635922154,0.380007350238883,2.09068255199266,0.194681793025343,6.52356230614951,1,7.1474096038275,10,0.583470239614447,16.7723342762581,3.68145151325443,2.41983718406813,1,0,0,0,0,0,0
321100,2015,320000,31.1307011276241,56.4143801899101,90.6083982513196,3.43819450677053,4.03272409391143,4.50654690468361,0,16.2561068076127,0.37979902087091,2.1573098397983,0.178937707443019,6.5206211275587,1,7.31812560777659,12,0.575398173738033,16.4379505887449,5.37452657249118,2.40638552476313,1,0,0,0,0,0,0
321100,2016,320000,27.6307009839849,48.8782217105334,81.1177396491519,3.31892750900745,3.88933193348414,4.39590167516905,0,16.7143083448383,0.378676470588235,2.22410328482583,0.178798332677605,6.79570577517351,1,7.42707144516992,13,0.582095241174102,16.8367430383328,6.10039439652004,2.43074243371747,1,0,0,0,0,0,0
321100,2017,320000,27.9535821275553,49.2918664306144,83.458909944861,3.33054535337673,3.89775908631432,4.42435441426888,0,16.9669479100416,0.380073800738007,2.21521533856026,0.180643826201982,7.07834157955767,1,7.32127016563051,13,0.584196430941423,17.0393249726512,3.76062299451733,2.37648937956501,1,0,0,0,0,0,0
321100,2018,320000,26.9536346024148,48.2935195108062,78.5986108992614,3.2941181529152,3.87729738003779,4.3643540262416,0,17.2761134920198,0.380073800738007,2.20867005604655,0.193392596142436,6.94889722231331,1,6.81526588594074,13,0.584380949536959,17.0263296595252,4.4254429866417,2.40655938409973,1,0,0,0,0,0,0
321100,2019,320000,25.0738655176416,43.3612183035593,71.599896547332,3.22182608926083,3.76956545414348,4.27109362909589,0,17.5344174106713,0.381481481481481,2.21734994813317,0.187525742457549,6.60123011872888,1,6.81539915656484,13,0.588235115632415,17.0132319533595,2.70082841380224,2.24717625973179,1,0,0,0,0,0,0
321100,2020,320000,22.0128316661561,36.7723177387094,59.0573872576483,3.09162554088229,3.60474532674274,4.07850963655713,0,17.7866809192141,0.382899628252788,2.23615771537214,0.170442410543767,6.57646956904822,1,6.86402556949349,13,0.592217261592547,17.0570812413342,3.77728455852253,2.20458435142344,1,0,0,0,0,0,0
321200,2011,320000,34.8199478697251,63.2385736668792,103.535860529828,3.55019043720294,4.14691445779975,4.63991803124466,0,11.261643583249,0.163675803589036,1.38460083667534,0.295760129158691,4.68213122712422,0,6.6205776729674,10,0.625391834974289,15.3175019375241,3.21024819173503,2.81305377683166,0,0,0,0,0,0,0
321200,2012,320000,33.1058332619689,60.0147849041776,98.5244773400933,3.4997094983355,4.09459094693652,4.59030501822146,0,11.7314256440145,0.164494470774092,1.45079070002217,0.242220523934318,5.39816270151775,0,6.7918958459656,11,0.613171428442001,15.3748173472038,2.69016161792377,2.926476379324,1,0,0,0,0,0,0
321200,2013,320000,37.7580095790241,70.4721071890273,114.398891426792,3.63119762746804,4.25521698882216,4.7396913885735,0,13.1184966725518,0.321583300512013,1.51485140454789,0.215130297800814,5.15329159449778,1,6.96344908388941,11,0.614722447310175,16.055321294094,2.44701946004766,2.89695456081259,1,0,0,0,0,0,0
321200,2014,320000,35.2650756143579,64.6472082660691,103.043138058028,3.5628931148336,4.16894492201277,4.63514771664801,0,13.9408443991969,0.32212389380531,1.59580382159839,0.198519076113148,5.44241771052179,1,7.17275845215455,11,0.604995921679905,16.0173636515462,3.43028807778932,2.72285889866218,1,0,0,0,0,0,0
321200,2015,320000,31.6016569747588,56.2276835847428,91.7292349525484,3.45320955512824,4.02940922609263,4.51884113927691,0,14.3812835272908,0.322043910603525,1.66916451991438,0.17272879302329,5.46806014113513,1,7.37647463047856,12,0.586073469264167,15.7398744578239,4.9282717588521,2.50856134702041,1,0,0,0,0,0,0
321200,2016,320000,28.7029959812248,50.6790668605184,84.0793671272716,3.35700150690708,3.92551294290218,4.43176119950982,0,14.686999915808,0.322834645669291,1.74454298514825,0.168163226466835,5.98141421125448,1,7.52082921779066,13,0.587346936123712,16.2416716134414,5.80133398186896,2.53739918218304,1,0,0,0,0,0,0
321200,2017,320000,28.0385378238493,49.1941505284247,82.8045653907003,3.33357991472433,3.8957747247314,4.41648319744004,0,14.8928043175896,0.324752475247525,1.811123071005,0.190057213731219,6.5792512120101,1,7.61367041344261,13,0.601057141593524,16.5104383054196,3.33592726816105,2.45467388680275,1,0,0,0,0,0,0
321200,2018,320000,25.7814276838934,45.4976571413283,75.9819221772181,3.24965437549252,3.8176608332318,4.33049544590247,0,15.2531212399028,0.326043737574553,1.8727395546294,0.190797794253468,6.60123011872888,1,7.64412123150801,13,0.578369389261518,16.4078262631411,4.43339320434068,2.51690623911864,1,0,0,0,0,0,0
321200,2019,320000,24.2004585158562,41.7987672935184,69.5439663158534,3.18637157991936,3.73286684851017,4.24195916141931,1,15.4749718298526,0.327345309381238,1.86948559198891,0.19469209827456,6.17586727010576,1,7.66670424988963,13,0.576826533249446,16.3281422946536,2.42881401119862,2.29568848380314,1,0,0,0,0,0,0
321200,2020,320000,21.3322647034229,35.9934457054643,57.9484236655886,3.06022070140986,3.58333685814339,4.0595533677866,1,16.0380485722621,0.32897384305835,1.90135308826062,0.19018997765207,6.21260609575152,1,7.58921976248682,13,0.585253062418529,16.4064986669306,3.18895221796752,2.3019003651357,1,0,0,0,0,0,0
321300,2011,320000,36.7884306152815,70.1457028981802,115.865831643673,3.60518341029111,4.25057454876605,4.75243289793945,0,13.6152936405279,0.29310034228067,0.912612242244324,0.101283035652914,3.29583686600433,0,6.20318938787579,6,0.65186435646481,14.7172032902649,2.66674158575078,2.21022618874165,0,0,0,0,0,0,0
321300,2012,320000,34.9065902187097,66.4133991590031,110.554029875649,3.55267564286361,4.1958988306879,4.70550435960739,0,14.0835190746804,0.293414242370159,0.979528988082407,0.115827987449348,3.63758615972639,0,6.44241057685675,6,0.645551225753746,14.738979682709,2.62199944962616,2.3200256817452,1,0,0,0,0,0,0
321300,2013,320000,39.1722401558816,75.0992164552902,124.179975936281,3.66796833664445,4.318810125364,4.82173193215577,0,14.9420044826974,0.294528928509002,1.02511303947864,0.120633281660972,3.58351893845611,1,6.65099220384382,8,0.64802163989857,15.0498677638214,2.32514577817722,2.44963646486859,1,0,0,0,0,0,0
321300,2014,320000,36.4876198202793,70.0923695646504,114.848830358832,3.59697302004683,4.24981393739762,4.74361674500691,0,15.1937776217812,0.296194248320992,1.08930191731075,0.119476536903505,4.11087386417331,1,6.82969661045927,8,0.66879653418907,15.3905985334021,2.94047274051289,2.3694482480693,1,0,0,0,0,0,0
321300,2015,320000,33.304556685341,61.7019828069777,100.905612860131,3.50569422502264,4.1223160666507,4.61418555376215,0,15.5060088174419,0.296888858565873,1.14781656765506,0.0753549590262139,3.89182029811063,1,6.99474598788406,8,0.657152954978172,14.9549243203866,3.1906955442263,2.3233951811356,1,0,0,0,0,0,0
321300,2016,320000,29.9701805787351,55.3274138923164,91.2793708820907,3.40020290662691,4.01326851611619,4.51392481335315,0,15.6630900134878,0.297297297297297,1.200931415709,0.0684388677311866,3.85014760171006,1,7.0940670855562,8,0.674510824860948,15.3007373785705,3.11147481980836,2.37436398949258,1,0,0,0,0,0,0
321300,2017,320000,29.9166542048313,55.1344795315422,92.3981225208887,3.39841532214859,4.00977528327386,4.5261066594032,0,15.8090483623296,0.297800338409475,1.23033409159294,0.0781199874819922,5.05624580534831,1,7.11594065399741,9,0.664171718888813,15.7635838157412,3.2592567083192,2.31956095850304,1,0,0,0,0,0,0
321300,2018,320000,27.9040672955212,51.104775556174,85.8209153154488,3.32877245940375,3.93387794795404,4.45226274503259,0,15.9590485047949,0.299492385786802,1.259533831872,0.0866035413551492,5.41610040220442,1,7.06946943491808,9,0.633334778776072,15.4322825410785,3.63251385630433,2.43747374468708,1,0,0,0,0,0,0
321300,2019,320000,26.4499360272323,47.6171435966148,81.4247762633414,3.27525373967122,3.86319285598822,4.39967960339483,0,16.0499097139286,0.300675675675676,1.33564880899058,0.0763598352021966,4.66343909411207,1,7.06959950325092,9,0.647496392630567,15.5181971164282,2.57509945235587,2.25956828063201,1,0,0,0,0,0,0
321300,2020,320000,24.0989836389647,42.7574525020604,68.3037080732859,3.18216966695025,3.75554350772307,4.22396405607355,0,16.3262713103041,0.300929839391378,1.37064495974327,0.101184456927578,5.15329159449778,1,7.02802213849648,9,0.639735931097859,15.5997402338342,3.19401938452585,2.30693114353963,1,0,0,0,0,0,0
330100,2011,330000,31.2096638162129,51.0105948294794,81.1964472553188,3.44072778455575,3.93203335290349,4.39687149319713,0,6.91468485759939,0.634712411705348,1.99327580352589,0.588891199374115,6.78897174299217,0,7.57162493263182,14,0.73222439085565,16.1262880638892,4.40092394538288,2.68384089743573,0,0,0,0,0,0,0
330100,2012,330000,27.6620218166292,46.2257425364348,73.3813306656093,3.3200604188881,3.83353684066899,4.29566955266309,0,7.19001490460005,0.635831548893647,2.05659628657552,0.499063892121557,7.03614849375054,0,7.7316344144813,16,0.735876655578613,16.0202734978253,5.94926248238419,2.70817068524852,1,0,0,0,0,0,0
330100,2013,330000,31.1973020155777,52.2078402012459,82.2154802856988,3.44033161721667,3.95523267903656,4.40934360897481,0,7.66684264337964,0.637984715539202,2.08896710474352,0.483206398693081,7.10578612948127,1,7.8459459576601,16,0.731894076161268,16.9443195679724,4.44695689810276,2.75223119135892,1,0,0,0,0,0,0
330100,2014,330000,30.7615033830675,50.9469993522678,80.3042116910409,3.4262640180552,3.93078586396519,4.38582206902986,0,7.84509306295318,0.733584800223526,2.15515207415574,0.453762569644013,7.27931883541462,1,7.98544379665931,16,0.738852961761196,16.7949646987543,5.3045076842182,2.73612786992202,1,0,0,0,0,0,0
330100,2015,330000,24.9584363094681,40.956612654589,65.0194588968027,3.21721189368092,3.71251327844894,4.1746865927372,0,8.03893766099163,0.736452214774376,2.22350949677559,0.412474291695561,7.52779398772144,1,8.10047637423455,17,0.754360975143386,16.6282575488433,7.18472869872745,2.79387963456621,1,0,0,0,0,0,0
330100,2016,330000,22.5462868545319,36.7974458756775,60.0698242197031,3.11557038962008,3.60542843721397,4.09550762260014,0,8.22456918282078,0.740489130434783,2.30179912382618,0.39931860538735,7.84815308619953,1,8.13671010160554,17,0.743179094355281,17.9729211828136,5.71964649309632,2.44835066114604,1,0,0,0,0,0,0
330100,2017,330000,22.0107568317535,35.6168786698868,57.5565815988204,3.09153128076062,3.57281964543928,4.0527684917709,0,8.35332781848376,0.815649867374005,2.32611534398227,0.408772947846888,8.05484022110102,1,8.09768723404757,17,0.74199093783774,17.9019189652213,4.70565073894466,2.44096811389104,1,0,0,0,0,0,0
330100,2018,330000,18.8988572400713,30.3916801838896,51.2317454959811,2.93910145674932,3.41416889279395,3.93635936912514,0,8.52704504664307,0.820413436692506,2.34795053588699,0.389616710179597,8.39072252736229,1,8.16584511134316,17,0.746079444012991,17.7596649172639,4.54998029126154,2.4384275845192,1,0,0,0,0,0,0
330100,2019,330000,18.5207199400728,29.4864705977112,48.3336318968769,2.91889010211651,3.38393153433931,3.87812763091015,0,8.64519068123041,0.826415094339623,2.42940891517125,0.364693343586664,8.60758219114392,1,8.26281053415471,17,0.745878047187154,17.7333224061859,4.92818851816025,2.37266828320406,1,0,0,0,0,0,0
330100,2020,330000,16.0203638282304,25.219052164818,42.9683623243906,2.77386065225813,3.22759974715083,3.76046408499152,0,8.85534410202731,0.830674846625767,2.44475884438072,0.366804101538278,8.81180122393875,1,8.32368543887045,17,0.748313587758599,17.8385866666616,5.58406978118254,2.2778174836927,1,0,0,0,0,0,0
330200,2011,330000,28.6634750296938,44.3065019681438,69.9460060881643,3.35562366521359,3.79113143757117,4.24772360281471,0,13.9367295731398,0.389833448993754,2.02635032636582,1.04704591000324,5.57972982598622,0,7.30962930750716,20,0.682966564881041,16.8302762984383,3.40448006293483,3.07187849287353,0,0,0,0,0,0,0
330200,2012,330000,26.0557146834401,40.8442501668494,65.4401705531754,3.26023711778503,3.70976605660964,4.18113629854378,0,14.395069066272,0.391379608793491,2.0764469954009,0.926131640694914,5.98645200528444,0,7.48237549089828,20,0.690700605194619,16.8716869149232,4.98393408428413,3.11629795430182,1,0,0,0,0,0,0
330200,2013,330000,29.2789471961107,46.5224462813958,73.6038513220531,3.37686873202968,3.8399349118525,4.29869735211107,0,14.9790533200601,0.392278524646674,2.12388832920437,0.871967329278031,6.5206211275587,1,7.62627151143774,20,0.676161094231808,17.7052189076844,3.60681696328127,3.25045360691153,1,0,0,0,0,0,0
330200,2014,330000,28.4464169105087,43.7076641821684,68.4442505991195,3.3480222092492,3.77752346846695,4.22601955403757,0,15.3554527717077,0.393285371702638,2.16706976637739,0.845228239695344,6.46769872610435,1,7.76916679763636,22,0.699407064786521,17.556120344027,4.67891128779637,3.07739354416055,1,0,0,0,0,0,0
330200,2015,330000,25.1241529240737,39.5381484694396,61.3919017306825,3.22382965134617,3.67726598987418,4.11727793281727,0,15.6164600590231,0.39574134374414,2.20763089698525,0.781709497209019,6.96318998587024,1,7.8910789066012,22,0.70997541950595,17.4147113677686,5.13527655473409,2.99916794963912,1,0,0,0,0,0,0
330200,2016,330000,21.4035839161629,33.7493347394263,54.9618894854119,3.06355838072371,3.51896070569986,4.00664002660647,0,15.8674468461914,0.399323181049069,2.26154439084262,0.726087465616239,7.26473017792987,1,7.9732509504488,22,0.704834100700194,18.2538339142324,4.78196538142349,3.10927050207549,1,0,0,0,0,0,0
330200,2017,330000,21.178729199324,33.5925672004642,54.756393081166,3.05299733834127,3.51430482822577,4.00289413048546,0,16.0492588815891,0.485762144053601,2.31586032235019,0.780476452805317,7.22183582528845,1,7.94146154552786,22,0.70231490141602,18.0888060373072,4.17409841813228,3.11658788792222,1,0,0,0,0,0,0
330200,2018,330000,17.8434870157634,28.7188019172913,48.1014051183371,2.8816385685768,3.35755202733814,3.87331138912448,0,16.3404891275555,0.490878938640133,2.36675511943225,0.801047852343015,7.48436864328613,1,7.94242876066656,22,0.710129030609644,18.0172977300227,3.70412468797944,3.15384643774802,1,0,0,0,0,0,0
330200,2019,330000,16.8613199195909,27.0906299616463,44.8858603077991,2.82502223655516,3.29918791022479,3.80412282995822,0,16.6327486696096,0.495065789473684,2.44694181548906,0.767077962329134,7.14361760270412,1,8.00753152686963,22,0.702354837168929,17.7681735615948,5.39456847737993,2.9835885832196,1,0,0,0,0,0,0
330200,2020,330000,13.923571641624,22.8846856260415,38.9709087404155,2.63358320544437,3.13046793689268,3.6628154380527,0,17.0444368312414,0.499184339314845,2.46674837566851,0.785656107368361,7.37400185935016,1,8.05615994086544,22,0.707173580123532,18.3047438286549,3.43113454873003,3.11703735169833,1,0,0,0,0,0,0
330300,2011,330000,25.4927510411892,37.6787558833565,60.0195406356767,3.23839413885664,3.62909643120543,4.09467018646205,0,5.93719093904692,0.185120240480962,1.30364178429716,0.407733259564172,4.54329478227,0,7.00070035192274,11,0.709713244090115,18.4174273943189,3.68099981743329,2.20691706370566,0,0,0,0,0,0,0
330300,2012,330000,23.5094580799618,35.2516872213706,56.2089367623745,3.15740281166792,3.56251339254886,4.02907576138186,0,6.1335559414577,0.187078230442389,1.33696175754457,0.351606641411361,5.06259503302697,0,7.16402084394061,12,0.725603752327661,18.403227217207,6.06364518699383,2.11511857851722,1,0,0,0,0,0,0
330300,2013,330000,26.7415863226208,39.8863034296339,64.0841698360408,3.2862198938716,3.68603299252409,4.16019737299069,0,6.41766966875758,0.187066402378593,1.37943547315079,0.31880985810834,5.04985600724954,1,7.35824054004168,12,0.7209697583296,18.9751284085618,4.67865682650995,2.26589113179177,1,0,0,0,0,0,0
330300,2014,330000,26.8779821402983,39.6233048927771,62.6086014375464,3.29130744365179,3.67941745255123,4.1369026718228,0,6.54879124525063,0.187415509401499,1.41995221972615,0.296700994987892,5.52942908751142,1,7.50157339218732,12,0.722408760203062,19.0540809973417,5.29750782362305,2.16839998890441,1,0,0,0,0,0,0
330300,2015,330000,21.2559917973709,32.3550974674913,51.95794900993,3.05663882256032,3.47677158094454,3.95043471854316,0,6.65926468010387,0.204546295040742,1.47636660737808,0.262667555183435,5.83773044716594,1,7.6257650474059,12,0.737952032881061,18.989396758225,5.60224095857086,2.13487374796428,1,0,0,0,0,0,0
330300,2016,330000,19.1522087286624,29.1218789637733,48.6869743192901,2.95241804728706,3.3714897461017,3.88541152653627,0,6.78006610383045,0.205378973105134,1.53649172356176,0.235507337134296,6.57368016696065,1,7.73401227301579,12,0.730260686500229,19.7179428084019,5.42023018718453,2.17773068585268,1,0,0,0,0,0,0
330300,2017,330000,19.0649463447047,28.7962825935454,47.6409064874781,2.94785137897064,3.36024630219779,3.86369177217085,0,6.88302471218175,0.206060606060606,1.56404142949315,0.238339129870935,6.55961523749324,1,7.76005940353373,12,0.733566216961311,19.5200611153347,3.92445535164493,2.15055161340532,1,0,0,0,0,0,0
330300,2018,330000,15.7794449258287,24.348164757463,41.9300976954777,2.75870813899605,3.19245647738482,3.73600389114604,0,7.03165215145408,0.207478890229192,1.59504944818002,0.25172125474763,6.86484777797086,1,7.80354746518317,12,0.738119915454057,19.4569900268182,4.60113412973975,2.14158175752167,1,0,0,0,0,0,0
330300,2019,330000,14.6423222678301,22.8271714529349,38.4973824195707,2.68391612080536,3.12795155680528,3.65059024988031,0,7.1467410532621,0.209134615384615,1.6583514932191,0.33520824975985,6.46302945692067,1,7.88879510380174,12,0.742326384043171,19.3341947015416,4.69498928359141,2.06358820547435,1,0,0,0,0,0,0
330300,2020,330000,13.2194560535621,20.8554140772342,37.0980626290031,2.58168968785556,3.03761358250978,3.61356474800736,0,7.31515466241699,0.210810810810811,1.68581606741952,0.33520824975985,6.95177216439891,1,7.93172009658108,12,0.734762253334923,19.8431299678141,3.34316367780598,2.05387898359717,1,0,0,0,0,0,0
330400,2011,330000,38.6559605372087,62.0741494841128,98.625130475244,3.65470098144078,4.12832962987649,4.59132610210807,0,12.606556162751,0.245700961818712,1.77303311230099,0.687518554257058,4.48863636973214,0,6.83783074111208,14,0.593282541963789,17.1672529546832,3.51610908228433,2.93813893541483,0,0,0,0,0,0,0
330400,2012,330000,35.8615332461732,57.8789739057622,91.9368952602548,3.5796652237095,4.05835417364764,4.52110242061336,0,13.3987084905525,0.246153846153846,1.81438891077412,0.627692307354519,5.02388052084628,0,6.91327555935746,14,0.582380953099992,17.0534990911621,4.61483747405625,3.0005044206764,1,0,0,0,0,0,0
330400,2013,330000,39.6591854725337,66.4141655027313,101.93699846376,3.68032258512315,4.19591036961403,4.62435496033244,0,14.6284395200564,0.247181266261925,1.86464112757659,0.625212530165585,5.32787616878958,1,7.04295053207252,15,0.577066663901011,17.9484339335209,3.9067985131412,3.05390884243278,1,0,0,0,0,0,0
330400,2014,330000,37.7427510344208,59.421285594826,91.6107341975005,3.6307934316775,4.0846525055262,4.51754845037663,0,15.2999094550387,0.248204538925596,1.90405815403769,0.618154052300179,5.41610040220442,1,7.18356300668564,15,0.585790473222733,17.7267703918226,4.06794291785721,2.8937484934031,1,0,0,0,0,0,0
330400,2015,330000,33.3937313426267,53.6644228274854,81.9917197527654,3.50836819801525,3.98275026477429,4.40661826354076,0,15.8191444551438,0.249313265422914,1.94177353038454,0.550290270061806,5.97380961186926,1,7.30734386416801,17,0.596307934655084,17.5376139808814,5.7902620578529,2.83184612102688,1,0,0,0,0,0,0
330400,2016,330000,29.0295411396322,46.4659966428459,74.4422615511868,3.36831397149178,3.8387207901034,4.31002381217214,0,16.3217519068061,0.25,2.00394500274696,0.539319360206528,6.11368217983223,1,7.39766394889613,17,0.575098412566715,18.3173389429207,4.94189733873851,3.03915824450447,1,0,0,0,0,0,0
330400,2017,330000,26.888106681245,43.1289997435452,70.6277621301704,3.29168405803041,3.76419561872713,4.25742329850956,0,16.7372195068561,0.252808988764045,2.06489292564486,0.564250151046319,6.60934924316738,1,7.43192993655961,17,0.573898410134845,18.341089647117,4.20950891753872,3.05677462072708,1,0,0,0,0,0,0
330400,2018,330000,24.4595463199635,39.0593402899948,64.9187318488909,3.19702058225232,3.66508203564883,4.17313620839662,0,17.4096181081078,0.255555555555556,2.12085971286647,0.580826504403263,7.15461535691366,1,7.47170964291521,17,0.565238093005286,18.2413134474845,4.62973398760731,3.10156543530489,1,0,0,0,0,0,0
330400,2019,330000,22.5554957571906,35.9826374870828,60.6722918698417,3.11597875054302,3.58303653009043,4.10548711723942,0,17.9598749838313,0.258241758241758,2.18581768145781,0.621257568708613,6.7286286130847,1,7.56598491312142,17,0.567711109585232,18.0345141553088,4.59614037157753,2.95626984686742,1,0,0,0,0,0,0
330400,2020,330000,19.0111200949725,29.7636226904035,51.1911256000845,2.94502407612028,3.39328693274466,3.93556618889906,0,18.6439482467555,0.260869565217391,2.19460531092124,0.621257568708617,6.87935580446044,1,7.59063091784842,17,0.570504761404461,18.3909708352586,4.2202468081708,2.9449843823623,1,0,0,0,0,0,0
330500,2011,330000,36.2554634319216,59.786952953166,94.8929207933885,3.59059008530762,4.09078745911159,4.55274910634648,0,7.29152484907002,0.418613558023746,1.5363432600962,0.368204880510444,4.52178857704904,0,6.22289458879405,9,0.642768090421503,16.6253026422566,3.63926911733862,2.41090173876227,0,0,0,0,0,0,0
330500,2012,330000,33.2883617829844,55.3209993645146,87.2898066951405,3.50520783989196,4.01315257179091,4.46923369423158,0,7.66838812946344,0.419280795715379,1.58887764413169,0.330827850724833,5.01727983681492,0,6.38746279847644,9,0.648172540711118,16.5207930013297,4.3368020821014,2.47329532279654,1,0,0,0,0,0,0
330500,2013,330000,36.9084731717861,63.0466782484274,98.4328651176031,3.60844114993829,4.14387537662064,4.58937474339185,0,8.26112065018227,0.418666666666667,1.63251050165914,0.327560996243199,5.16478597392351,1,6.46347413542021,9,0.640493507122065,17.4198618913697,3.82025034339196,2.46676583976685,1,0,0,0,0,0,0
330500,2014,330000,36.0070118210592,58.9760968434619,91.1435645348342,3.58371369229755,4.07713222356864,4.51243589561334,0,8.55178458756365,0.419636087945413,1.6860860251075,0.313642024099526,5.7037824746562,1,6.60297436427852,9,0.658736548640511,17.2475204903432,4.15996217789074,2.44067453327649,1,0,0,0,0,0,0
330500,2015,330000,30.407985951391,50.1715734796387,78.1367794626193,3.41470526968312,3.91544860096307,4.35846087381236,0,8.89145141427655,0.419627621250616,1.7384422098538,0.30497047203632,5.59842195899838,1,6.72389653078837,11,0.667061225160376,16.9744871707356,5.85908371646462,2.50943268699651,1,0,0,0,0,0,0
330500,2016,330000,26.8811416543018,44.2383619220868,70.570913026129,3.29142498701128,3.78959232945096,4.25661806280816,0,9.29296294710887,0.418867924528302,1.79883898646286,0.297352744908901,5.92425579741453,1,6.83666915339434,11,0.652901666892039,17.7633249573039,5.844648010897,2.53711715903216,1,0,0,0,0,0,0
330500,2017,330000,25.5268967013932,41.9506966518543,67.1332476847522,3.23973266888626,3.73649503949414,4.20667941581741,0,9.60479811072304,0.421052631578947,1.83708910106906,0.307852143733533,6.58340922215876,1,6.87879718839284,11,0.652107608395737,17.8121080235274,4.23685122907573,2.52447569840529,1,0,0,0,0,0,0
330500,2018,330000,22.6984868029711,37.2794892474354,61.3919286980092,3.12229826160337,3.61844328927921,4.11727837208239,0,9.93888624205635,0.419475655430712,1.87519013389749,0.326507265314005,6.91968384984741,1,6.90455170937244,11,0.647693875935171,17.7697021503111,4.70300104617905,2.52086343074446,1,0,0,0,0,0,0
330500,2019,330000,21.5360998938128,35.0002442862977,58.5580384261755,3.06973059190869,3.55535504107356,4.07001837227125,0,10.2777958497288,0.417910447761194,1.97913185927404,0.301704795804538,6.21860011969173,1,6.99972577899474,11,0.642515770026616,17.6670658406625,3.96423919376829,2.41887491080343,1,0,0,0,0,0,0
330500,2020,330000,18.2689634739896,29.2293671158011,51.0905018277523,2.90520363500872,3.37517392701742,3.93359860572062,0,10.6621695067274,0.418994413407821,1.99484738714086,0.349979278344331,6.59850902861452,1,7.05872651908674,11,0.65048237512638,17.8516505700252,4.50979724318587,2.36282902095797,1,0,0,0,0,0,0
330600,2011,330000,31.4944674430197,50.3852205825845,79.6292713000473,3.44981189367612,3.91969788966432,4.37738175515436,0,8.5824828641387,0.148409090909091,1.74826526939449,0.64973445870301,4.65396035015752,0,6.79527200311171,13,0.704411079688948,17.086444582575,3.73266428098837,2.28513647446699,0,0,0,0,0,0,0
330600,2012,330000,28.0282975826198,45.8088688674514,72.4189250400547,3.3332146277853,3.82447771576781,4.28246766081466,0,8.88839735722163,0.149047186932849,1.8042531917982,0.554491243620107,5.28320372873799,0,6.96098332838358,14,0.708997085994604,16.9839101302194,5.11369608568397,2.32650050735402,1,0,0,0,0,0,0
330600,2013,330000,32.0651470801633,52.6769715314447,81.8098297307082,3.46776967952819,3.964178387209,4.40439740424619,0,9.37873126635616,0.490604482680552,1.85361705142582,0.521088296030874,5.20948615284142,1,7.08991044494176,15,0.698690963034727,17.9579858900295,3.91644676790867,2.41622554555579,1,0,0,0,0,0,0
330600,2014,330000,31.671172866079,50.4161705259969,78.5272121516193,3.45540689384267,3.92031196738775,4.36344521633156,0,9.59580817310181,0.491647855530474,1.90391511589608,0.499480833735656,5.53338948872752,1,7.22045275241713,15,0.713957720265097,17.7239155422861,4.37589783989359,2.32395723762606,1,0,0,0,0,0,0
330600,2015,330000,26.0488634805835,42.5111680452483,66.0260370436679,3.25997413886312,3.74976681894566,4.19004916489313,0,9.78749821250135,0.492970142853919,1.9428665424045,0.416963307573358,6.06842558824411,1,7.33442992432719,15,0.725368804165295,17.5403744394055,5.93724768670777,2.28400283460046,1,0,0,0,0,0,0
330600,2016,330000,22.4931913882328,37.0685833091982,59.3579216441948,3.11321265844882,3.61276979979353,4.0835855855136,0,9.97526233461799,0.49438202247191,1.98724356910717,0.383001975685683,6.55535689181067,1,7.43021604175242,15,0.71508017516866,18.3091735126959,4.7728070348671,2.38698693049943,1,0,0,0,0,0,0
330600,2017,330000,22.2425850236457,36.7489016719868,58.4517190007017,3.10200869570544,3.60410833873569,4.06820109724955,0,10.0839817311058,0.495515695067265,2.00434666184612,0.39025704561062,6.90274273715859,1,7.46655368367429,15,0.713807579510066,18.2423443311968,4.38564402781162,2.34232473396983,1,0,0,0,0,0,0
330600,2018,330000,19.1114076430778,31.9189242502239,52.6682297305179,2.95028541556442,3.46319907057961,3.96401242234602,0,10.2635211661773,0.498881431767338,2.02433267990734,0.415187741285793,6.61069604471776,1,7.45097716449025,15,0.721014575690639,18.1129967011286,4.35715416421625,2.28710845580182,1,0,0,0,0,0,0
330600,2019,330000,18.095250452571,30.4323779788509,49.1576814237063,2.89564949790201,3.41550710672653,3.89503311970654,0,10.4065320245188,0.5,2.06790009474177,0.533386538303413,6.56667242980324,1,7.53531702132196,15,0.72256559954614,17.8789267262907,4.92755384106218,2.2475309079669,1,0,0,0,0,0,0
330600,2020,330000,14.9875065718954,25.3129488403836,42.6922316756019,2.70721695884531,3.23131607667532,3.75401697571183,0,10.6247603874508,0.500558659217877,2.09727219627737,0.533386538303414,7.08002649992259,1,7.59525704420033,15,0.722826531651069,18.3384567633378,4.09551944940888,2.17113223758627,1,0,0,0,0,0,0
330700,2011,330000,31.8190273983954,48.441184498967,76.9410808367481,3.46006445671011,3.88035037129606,4.34303994501269,0,7.22223751353762,0.199531016840759,1.45466855143853,0.43202229367423,4.30406509320417,0,6.29267413907345,13,0.699300803349052,17.6984986665276,3.81685169947062,1.9804020072051,0,0,0,0,0,0,0
330700,2012,330000,28.0357967191455,43.6140195442581,69.1959512000129,3.33348214790361,3.77537864784936,4.23694235224159,0,7.44631388558203,0.199532511687208,1.51001852648793,0.529501582261757,4.56434819146784,0,6.5365535290132,14,0.706214286911655,17.5442940926226,5.77176126152695,1.95789991300584,1,0,0,0,0,0,0
330700,2013,330000,32.4343835708936,50.5323065846666,78.6372584922148,3.47921908142487,3.92261286608836,4.36484561373854,0,7.98518991236868,0.199831009716941,1.55723546231801,0.717706722664658,4.64439089914137,1,6.70645421328294,15,0.703442654979061,18.4224618166886,4.03070829694305,2.10587123298135,1,0,0,0,0,0,0
330700,2014,330000,32.1568818999163,48.8991660728048,75.3225851788942,3.47062648376187,3.88976034260954,4.32178002580874,0,8.13050044409826,0.200168385603031,1.61055983947049,0.794517130039552,4.94875989037817,1,6.85225298036618,16,0.71119919776077,18.3546405684456,5.03979323764735,2.09324551198489,1,0,0,0,0,0,0
330700,2015,330000,25.7563126553261,40.050972969202,61.824367912153,3.24867974872814,3.690152967082,4.12429758953238,0,8.33499660725084,0.201008178376456,1.65279623137932,0.897935386524069,5.33753807970132,1,6.99321678997945,17,0.725217305018868,18.2075712856314,6.16231849199442,2.0618233291035,1,0,0,0,0,0,0
330700,2016,330000,22.5826523652465,35.3795225991366,55.851950019041,3.11718201706865,3.56613319511704,4.02270444019738,0,8.57051124947279,0.201663201663202,1.70137317530816,0.871171940105484,5.82600010738045,1,7.10585892938102,17,0.711814889395741,18.8687202502168,5.30266560889203,2.03199773960106,1,0,0,0,0,0,0
330700,2017,330000,22.1430810977011,34.5255531429351,54.6225750244829,3.09752508190251,3.54169972068577,4.00044725928587,0,8.71322592017505,0.201646090534979,1.70384545245471,0.871856239430944,6.33505425149806,1,7.11880316235169,17,0.712677059459015,18.7759932535382,4.39789072608566,1.99428876326505,1,0,0,0,0,0,0
330700,2018,330000,18.5654845495077,29.2310447595178,48.7567398417189,2.92130418745045,3.37523132119797,3.88684344105123,0,8.80608357749535,0.202453987730061,1.71319481688406,0.922357489412024,6.90575327631146,1,7.12841958079819,17,0.720718310332634,18.6622478771965,4.27124354949366,1.93396035713194,1,0,0,0,0,0,0
330700,2019,330000,17.5967754335793,27.5667461376086,45.1476058030077,2.8677156712572,3.31661019622105,3.8099372508381,0,8.8989906797876,0.203252032520325,1.78537318071382,0.926765909068826,6.46769872610435,1,7.21367130323844,17,0.713915495175711,18.5485853614986,5.12189794384279,1.90153681440804,1,0,0,0,0,0,0
330700,2020,330000,15.2865979923624,24.1122644435836,40.9892163566583,2.72697649631997,3.18272060912591,3.71330901641835,0,9.13391198234617,0.203647416413374,1.80466363655442,1.02864019320285,6.87316383421252,1,7.2499008492738,17,0.719438632819015,18.9109404931683,4.63040231690352,1.78012327773305,1,0,0,0,0,0,0
330800,2011,330000,31.035733177941,47.4369018966558,75.0957130312667,3.43513922381537,3.85940044683722,4.31876347366895,0,3.63680527161891,0.329374505146477,1.188149267082,0.18879460639096,2.94443897916644,0,5.75628063307085,8,0.712226890215353,17.1159640429602,4.73016276545019,2.52246825625965,0,0,0,0,0,0,0
330800,2012,330000,26.878663661241,42.4150509920097,66.8280101044206,3.29133279943552,3.7475032754754,4.20212230559592,0,3.75705420736953,0.32871835443038,1.21037172433673,0.195956652842491,3.55534806148941,0,5.84823669405637,8,0.725061222535222,16.9934908352458,6.89268943892901,2.53185856070646,1,0,0,0,0,0,0
330800,2013,330000,31.3462379820632,49.0234174601356,77.6112073914806,3.44509425930614,3.89229809129899,4.35171184190881,0,4.04828925358961,0.328874901652242,1.25018286991004,0.221425443527034,3.63758615972639,1,5.99637120605931,9,0.71886074718307,17.8743906442549,4.33396649826169,2.603263336647,1,0,0,0,0,0,0
330800,2014,330000,30.7209516738335,47.3266658618034,73.1541029468099,3.42494488676557,3.85707389693658,4.2925682153916,0,4.12801764587243,0.328901055924912,1.27727952725945,0.245054714508742,3.95124371858143,1,6.13974080207942,9,0.724549817688325,17.8232943140476,6.45106864557806,2.5488419539349,1,0,0,0,0,0,0
330800,2015,330000,23.1945435035225,36.4044526827395,56.4598863271388,3.14391705719618,3.59469109361031,4.0335304094889,0,4.27258704844576,0.329939932912084,1.29524485108958,0.239779560454551,3.93182563272433,1,6.26002588427938,9,0.739261705334447,17.6500155549197,8.18267697485735,2.54515123690682,1,0,0,0,0,0,0
330800,2016,330000,20.9382803479655,33.0856514456229,52.375883016388,3.04157907924135,3.49909969732981,3.95844623760162,0,4.38943722439772,0.330739299610895,1.34776470808322,0.224829231846504,4.63472898822964,1,6.35313419836715,9,0.733510206476981,18.3692810987356,6.373955279262,2.45185456760216,1,0,0,0,0,0,0
330800,2017,330000,21.1185210599718,33.0225642594981,52.3017769038163,3.05015043081664,3.49719109324474,3.95703034571011,0,4.46336533798224,0.329457364341085,1.37642548188086,0.266758017740162,4.77912349311153,1,6.37678310647821,9,0.735752699505381,18.2873535723931,5.24454492666961,2.43195282850537,1,0,0,0,0,0,0
330800,2018,330000,17.3129122052747,27.2740948182953,45.494730838634,2.85145259335507,3.30593734393819,3.81759651350659,0,4.51746056878958,0.329457364341085,1.40872461143353,0.238710104784681,5.32787616878958,1,6.38448113973914,9,0.740775510543535,18.1431827858022,4.44653229999037,2.38671697930079,1,0,0,0,0,0,0
330800,2019,330000,16.7660904969253,26.2447187916702,42.0816670547276,2.81935842384665,3.26746477990768,3.73961218396432,0,4.57290919795985,0.329457364341085,1.45069202442791,0.168973255956092,5.27299955856375,1,6.44215758396362,9,0.731739494229565,18.2103161380425,5.9240486751845,2.37909340211917,1,0,0,0,0,0,0
330800,2020,330000,14.6979203170693,23.12594101512,38.4051071019005,2.68770600874686,3.1409549751163,3.64819044819563,0,4.68993236468001,0.330739299610895,1.48102309970751,0.168973255956092,5.59842195899838,1,6.51142336272723,9,0.737474190337317,18.3700185933169,5.90072675553609,2.25983877255296,1,0,0,0,0,0,0
330900,2011,330000,26.9921264066471,44.0506897498304,68.2679146669042,3.29554520890791,3.78534101059854,4.22343988558362,0,14.4292536844451,0.721649484536082,1.79031993485121,1.10908359567909,3.29583686600433,0,5.69806380166041,4,0.621392853558064,16.6201389395487,3.2382131757331,3.11240030384066,0,0,0,0,0,0,0
330900,2012,330000,25.4545279619262,41.8105322957978,66.2413396647596,3.2368936431606,3.73314827659089,4.1933047342801,0,15.0592925929548,0.724279835390947,1.85226089728827,1.13613625999715,3.97029191355212,0,5.85610317924767,5,0.636196441948414,16.7501972329361,4.80410168130508,3.22970213925524,1,0,0,0,0,0,0
330900,2013,330000,26.67627997098,44.023721229373,69.7920288814334,3.2837747799534,3.78472860749529,4.24551980384068,0,15.7785469346924,0.725590955806783,1.90708291003359,0.843451778516189,3.87120101090789,1,6.10811735281087,5,0.62314285337925,17.3203481782803,3.38497277481208,3.30678112426122,1,0,0,0,0,0,0
330900,2014,330000,25.0617130309578,40.8336621682475,62.9818907722714,3.22134130431275,3.70950679438418,4.14284723701124,0,16.1835833983946,0.727179487179487,1.97085333027959,0.746404919618041,4.47733681447821,1,6.34560308507608,5,0.644803568720818,17.1734074280117,4.89068895957842,3.01290861880954,1,0,0,0,0,0,0
330900,2015,330000,24.2494098295377,39.5568904914255,60.40383964073,3.18839228016106,3.67773990132508,4.10105267313103,0,16.5375594569161,0.728841413311421,2.03582995220384,0.666771453894755,4.90527477843843,1,6.51196153043802,5,0.65094643831253,17.1017315449253,5.33115325049288,2.88115414555266,1,0,0,0,0,0,0
330900,2016,330000,19.6254924779802,32.1510831671437,52.8233275300874,2.97682935777299,3.47044614116256,3.96695290242519,0,16.8642017663534,0.731958762886598,2.13832704940587,0.564877474966523,5.21493575760899,1,6.64246199482788,5,0.646303579211235,17.9303427167652,5.40995686382485,2.96086677329291,1,0,0,0,0,0,0
330900,2017,330000,19.0177169155887,30.9946855522516,53.1511818705581,2.94537101392858,3.43381575599036,3.9731403410517,0,17.3835429989531,0.731958762886598,2.12819377125023,0.610637564817292,5.03695260241363,1,6.70188679296598,5,0.636624991893768,17.7816597303812,4.24710080218142,3.00048468254284,1,0,0,0,0,0,0
330900,2018,330000,15.9526577530883,26.4748035622394,45.5999023407463,2.76962544563724,3.2761934717145,3.81990557486775,0,17.9281338824665,0.731958762886598,2.12351750959021,0.862431911085125,5.16478597392351,1,6.7398063815703,5,0.643124997615814,17.6826048169403,3.94457515364573,3.03894287680232,1,0,0,0,0,0,0
330900,2019,330000,16.2513782283453,26.6064965724945,44.5554140946996,2.78817771923126,3.28115541801653,3.79673367503338,0,18.2868392406829,0.742268041237113,2.14852481112316,0.706588186756398,5.05624580534831,1,6.80952215587289,5,0.647214286029339,17.5451635049729,5.88824211196305,2.84601243325134,1,0,0,0,0,0,0
330900,2020,330000,13.92106325326,23.1542326784509,38.1538393309736,2.63340303512572,3.14217760090169,3.64162639043809,0,18.707346125421,0.740932642487047,2.23505612882292,0.706588186756397,4.91265488573605,1,6.81949942992485,5,0.652964286506176,17.9862632764381,3.68704370372881,2.86836818902838,1,0,0,0,0,0,0
331000,2011,330000,27.2509469661407,40.475716327154,64.0030662312227,3.30508827155648,3.70070219742201,4.15893099207489,0,7.52273822704299,0.265678254942059,1.37142518847031,0.480994446730973,4.11087386417331,0,6.44799602936745,13,0.705517065999782,17.2125531306805,3.45715004952424,3.62298312549896,0,0,0,0,0,0,0
331000,2012,330000,24.9764484322122,37.5988738730814,59.9419211021598,3.21793331813673,3.62697409976333,4.09337611179466,0,7.81962803833915,0.265482233502538,1.39029451658282,0.447134495968885,4.15888308335967,0,6.63434553955429,13,0.718915297394305,17.210607470732,5.50246411788522,3.61699379030587,1,0,0,0,0,0,0
331000,2013,330000,28.1803249585245,42.5462707771438,67.2255252668764,3.33862403793437,3.75059220786811,4.20805301568895,0,8.18028911222555,0.265656565656566,1.43066842196566,0.429864633542928,4.74493212836325,1,6.80646681803938,13,0.710897598382646,17.8875106263214,4.0416824809756,3.78752702653283,1,0,0,0,0,0,0
331000,2014,330000,27.8902866192866,41.3526489416006,64.4508575197004,3.32827847836273,3.7221364808834,4.16590303448986,0,8.3804579084489,0.265449673421537,1.47366028632243,0.400430271907377,4.61512051684126,1,6.95418837803659,13,0.718687736882573,17.9174168907402,4.9347335736621,3.53331646731273,1,0,0,0,0,0,0
331000,2015,330000,23.3276316718204,35.4778799132665,56.3026489905203,3.14963856659925,3.5689094012385,4.03074158538016,0,8.52351570058556,0.266598604160739,1.51036146841708,0.370896078497081,5.06890420222023,1,7.07670056344508,13,0.731611879789724,17.7715089175385,4.9121512546554,3.58815445448862,1,0,0,0,0,0,0
331000,2016,330000,20.1202956174498,30.7370975946612,51.2224709195061,3.00172903783979,3.42547031578231,3.93617832091015,0,8.65288243351594,0.266666666666667,1.56882732693053,0.338626990583681,5.53338948872752,1,7.1925027581908,13,0.724696588727225,18.5572144247219,4.64854091602014,3.63586779778433,1,0,0,0,0,0,0
331000,2017,330000,19.9415937842403,30.3990313283006,50.8135008838818,2.99280769033855,3.41441074370386,3.9281620847058,0,8.78409237636028,0.266556291390728,1.62451415185099,0.358964028367008,5.8664680569333,1,7.25367765312492,13,0.722082174984755,18.3848233998278,4.00574037678197,3.60380354221327,1,0,0,0,0,0,0
331000,2018,330000,16.6207012514394,25.8342014172605,44.8762910514902,2.81064898176459,3.25169925037541,3.80390961634424,0,8.96066998590134,0.269421487603306,1.68064183228511,0.358466676322604,6.28599809450886,1,7.29716554867113,13,0.728379267243157,18.3063933910894,3.99322622866244,3.53409662453595,1,0,0,0,0,0,0
331000,2019,330000,15.6420669766302,24.2941630999462,41.1817113838945,2.74996388601594,3.19023611984516,3.71799425935424,0,9.10101996965924,0.268533772652389,1.70982731584315,0.401622183514435,6.16541785423142,1,7.3860343811147,13,0.721211126947825,18.1062975076389,5.12342250764683,3.45997943446458,1,0,0,0,0,0,0
331000,2020,330000,13.5924838474266,21.6347873935781,38.103843443507,2.60951698169267,3.07430254666199,3.64031515482717,0,9.31597244952241,0.269579554822754,1.72683682682188,0.401622183514434,6.5510803350434,1,7.42226416098703,13,0.725228823919212,18.6237025551475,3.13284717408866,3.57465435315275,1,0,0,0,0,0,0
331100,2011,330000,23.9010507584197,36.5699060696903,58.7690329517638,3.17392242275848,3.59922566365075,4.0736150656953,0,1.08804486134377,0.115399920413848,1.09531332005201,0.172015860828377,2.484906649788,0,5.41429490649912,12,0.753495871755812,18.306724045343,3.71043245742463,1.68335081740789,0,0,0,0,0,0,0
331100,2012,330000,21.6618690826185,34.1059670876072,54.888129017372,3.07555352975289,3.52947235688724,4.00529709594282,0,1.13222370661242,0.14965727341965,1.1264424741109,0.157391042388445,2.19722457733622,0,5.66634462984614,12,0.762412699593438,18.116719391257,6.297620224066,1.59048391284982,1,0,0,0,0,0,0
331100,2013,330000,25.7383270978853,39.3781137292292,63.2165079112742,3.24798120774374,3.6732101728568,4.14656546817349,0,1.23980274083011,0.150056839712012,1.17326173652339,0.163169517644114,3.04452243772342,1,5.8343811523866,12,0.769226667351193,18.8647699054499,4.40144831983474,1.74703373838975,1,0,0,0,0,0,0
331100,2014,330000,25.760030915588,39.0521717473389,61.4345169339948,3.24882410137472,3.66489848926779,4.1179718422463,0,1.2695108241039,0.15054572826496,1.20838855390887,0.169860494133484,3.46573590279973,1,5.977659962268,13,0.765914285182953,18.9001631136177,5.5371576301728,1.7815039002859,1,0,0,0,0,0,0
331100,2015,330000,18.3234507358352,29.5473225973579,48.1243671788811,2.90818170045164,3.38599313390478,3.87378864299175,0,1.32194973675989,0.150686988512651,1.24038269644836,0.189879633844234,3.89182029811063,1,6.09988422954088,13,0.781455237600538,18.8210668731275,6.28858713241765,1.75285469716133,1,0,0,0,0,0,0
331100,2016,330000,16.7954384814545,27.3542721392214,44.2555427290358,2.82110733058022,3.30887271920059,3.78998062302287,0,1.37666746851201,0.152985074626866,1.29243263093164,0.187271017800605,4.56434819146784,1,6.19916922633922,13,0.775678730540805,19.3668141290302,5.95797907019607,1.76475771435865,1,0,0,0,0,0,0
331100,2017,330000,16.8746201556255,27.2207270970237,43.5522511489516,2.82581072720899,3.30397870873371,3.77396139309808,0,1.41529266998804,0.152416356877323,1.31300411107002,0.170933890403054,4.91998092582813,1,6.22900654087536,13,0.779738411638472,19.2900272574012,4.64953309401668,1.7184498188785,1,0,0,0,0,0,0
331100,2018,330000,13.9570200515632,23.3516461802477,38.9174053468194,2.63598261119261,3.15066748185462,3.66144158877535,0,1.44139218846887,0.151851851851852,1.33523933089573,0.176657652758675,5.38449506278909,1,6.22416613986898,13,0.782015237278408,19.2234589066688,4.32965836129293,1.65520439909342,1,0,0,0,0,0,0
331100,2019,330000,12.7449834029218,21.5227057224887,34.9889106479089,2.54513773558492,3.06910845798907,3.55503117265428,0,1.46328345292093,0.154981549815498,1.36552269420213,0.156924929249795,4.93447393313069,1,6.32024060277551,13,0.780966984430949,19.1758510265861,5.37204896280055,1.60024069046477,1,0,0,0,0,0,0
331100,2020,330000,11.8850322440342,20.1601530354043,34.308599207172,2.47527981381093,3.00370803421624,3.53539602849891,0,1.5136677781081,0.155268022181146,1.39448854758239,0.156924929249795,5.45958551414416,1,6.38017209659916,13,0.778040635320875,19.5271631308849,4.5157150352311,1.48518328359241,1,0,0,0,0,0,0
340100,2011,340000,35.1827418728416,66.563678868755,108.107296134861,3.56055567467037,4.19815906645121,4.68312421667706,0,9.45062778493479,0.309163008072511,1.44145875175194,0.218703035629393,5.63121178182137,0,7.65719522728808,17,0.603349789538804,16.0794709492793,3.00148002873643,2.24096408110408,0,0,0,0,0,0,0
340100,2012,340000,34.0397544456707,64.4647408607512,104.001543157283,3.5275290899797,4.16611842101064,4.64440573708209,0,9.6823487922772,0.312737508796622,1.52357376996117,0.267414758755916,6.02344759296103,0,7.79797106283104,17,0.606828779420432,16.2067811281,3.16053167502169,2.41974697476811,1,0,0,0,0,0,0
340100,2013,340000,38.1863703916879,74.2368975831367,117.251627814301,3.64247865591657,4.30726129858451,4.76432229050764,0,10.0596347056605,0.338439915671117,1.5965635527722,0.241179146003747,6.13772705408623,1,7.94022858710229,17,0.592695378205355,16.704547588903,3.07277674507172,2.6950594356393,1,0,0,0,0,0,0
340100,2014,340000,36.0663666102106,70.2053502730623,110.57133070574,3.58536075821458,4.25142452284356,4.70566083944382,0,10.2153102466775,0.344276094276094,1.66982340657588,0.238201560576756,6.80128303447162,1,8.05371572398793,18,0.613980042145533,16.5287594569492,3.77955562239759,2.62884566779873,1,0,0,0,0,0,0
340100,2015,340000,31.0394909670981,57.6867181986294,88.735788321311,3.43526029592469,4.05502695981812,4.48566328394223,0,10.4302220292303,0.349774285236582,1.73664994196643,0.223759057841715,7.16857989726403,1,8.15230675044553,18,0.600772059358218,16.2120420440047,4.30884468746398,2.67624103310872,1,0,0,0,0,0,0
340100,2016,340000,28.0181804989755,51.827731540405,80.8636319253155,3.33285360300371,3.94792536393539,4.39276417942103,0,10.7751052792418,0.354794520547945,1.79639233531322,0.197892598582476,7.92768504561578,1,8.24354716774045,18,0.608849791481214,16.5061292713371,5.04303106349387,2.74175565306522,1,0,0,0,0,0,0
340100,2017,340000,28.2496995838048,52.1254942736738,82.985365342457,3.34108282333431,3.95365416254257,4.41866427107498,0,10.9623363551765,0.363391655450875,1.84437168738505,0.239322234522629,8.24354550792826,1,8.17878945068253,18,0.608376053983674,16.8896333802429,3.55361515253816,2.68018027047055,1,0,0,0,0,0,0
340100,2018,340000,25.3984775367503,46.1323940652189,75.1728253795767,3.23468923273003,3.83151539445022,4.31978980101457,0,11.2348136537027,0.370712401055409,1.88648982794437,0.26058760833187,8.27868216297091,1,8.2127963120205,18,0.604139707544271,16.7927846136921,4.79532528634609,2.73498885982091,1,0,0,0,0,0,0
340100,2019,340000,24.1344335500091,43.3103222586111,72.316734015617,3.18363959877318,3.76839099594259,4.28105555488188,0,11.3599376638958,0.377922077922078,2.02045164819231,0.236494232285483,7.99057688174392,1,8.28618909427993,18,0.587722688913345,16.777990076506,2.28780352620623,2.64444168591681,1,0,0,0,0,0,0
340100,2020,340000,20.7464470855273,36.0719691699866,59.5634996048781,3.0323750072222,3.58551608643852,4.08704296372695,0,11.90315878513,0.385796545105566,2.06027220858176,0.257503167904032,8.04012466444838,1,8.32720506274103,18,0.607976890004733,16.7144635120844,4.45962185311278,2.57172421135105,1,0,0,0,0,0,0
340200,2011,340000,34.557612933515,64.1248784581248,103.416682301004,3.54262787133961,4.16083240809927,4.63876628659472,0,6.51048495392227,0.322003113648158,1.30719529811593,0.154495620230651,4.75359019110636,0,6.74343462802439,13,0.607303136369077,15.8533819207113,3.63841947064081,2.57426132216806,0,0,0,0,0,0,0
340200,2012,340000,32.7405595296525,60.6914487388154,97.0967669907715,3.48861466189019,4.10580281069179,4.57570807907635,0,6.9545569381212,0.321857068335942,1.38431535952024,0.155797185357679,4.86753445045558,0,6.94826462099531,13,0.612548778333315,15.8531851584745,4.32807542730604,2.56798533541759,0,0,0,0,0,0,0
340200,2013,340000,36.3790016067725,69.355107226521,109.869061650107,3.5939917292492,4.23923978826728,4.69928930812937,0,7.53519157783255,0.353966189856957,1.45218602321836,0.160335716367277,5.46383180502561,0,7.10903714362236,13,0.600236932315477,16.6100996563783,3.51806568766299,2.43389126943519,0,1,0,0,0,0,0
340200,2014,340000,34.2839126835628,64.6233374425258,101.643388504945,3.53467622617663,4.16857560626983,4.62147049619756,0,7.71480913350928,0.377113133940182,1.51799312302922,0.171481847039714,5.95064255258773,1,7.25790827306892,13,0.618843207272088,16.4575331410347,4.2402020455104,2.54455924643729,0,1,0,0,0,0,0
340200,2015,340000,29.6625067349918,53.6450303939316,82.3280963765277,3.38988384881594,3.98238883466384,4.41071243917405,0,7.94264817737002,0.379219834195275,1.56617383144833,0.172808694155198,6.65801104587075,1,7.38219005283391,14,0.614562717516248,15.8499037020877,5.62370705497328,3.09877530066105,0,1,0,0,0,0,0
340200,2016,340000,27.403776843582,49.0265545301575,75.5613901621198,3.31068084490147,3.89236208050692,4.32494544058635,0,8.15438843247367,0.381443298969072,1.62330907363679,0.140527200340155,6.88550967003482,1,7.47247465475371,14,0.589968640266395,16.1961842784414,6.7521796416661,3.12360592314174,0,1,0,0,0,0,0
340200,2017,340000,27.6497548289869,49.4289931010634,78.4083333751088,3.31961686098462,3.90053715691239,4.36193021475751,0,8.27263590784664,0.384020618556701,1.67210886329811,0.144194202230047,6.92657703322272,1,7.53675070716075,14,0.620837979927296,16.2912820413879,4.39072874385497,3.03990940604391,0,1,0,0,0,0,0
340200,2018,340000,24.8305507627612,43.614124378201,68.8941758384346,3.21207478061766,3.7753810515218,4.23257164379988,0,8.41722549431144,0.38560411311054,1.71740621153968,0.138748104727725,7.5076900778199,1,7.5946561323795,14,0.625515677943462,16.3788115674079,4.46825297191337,3.01993016639331,0,1,0,0,0,0,0
340200,2019,340000,24.0065880270755,41.8073843543355,66.6470632386752,3.17832829380755,3.73307298312294,4.19941098321846,0,8.55793639585709,0.387179487179487,1.7861478646803,0.137550375468423,6.36302810354046,1,7.67354056403792,14,0.615292682153423,16.4586630924077,3.19529397742577,2.89182024129003,0,1,0,0,0,0,0
340200,2020,340000,19.9389335008923,33.4601192748921,54.2123462479969,2.99267427769168,3.51035426025322,3.99290867305872,0,8.73008111842703,0.470437017994859,1.8147709952219,0.155218537121723,6.62273632394984,1,7.72878073546226,14,0.607878047518614,16.3525905457553,5.48641805856921,2.82820740925625,0,1,0,0,0,0,0
340300,2011,340000,38.1148321794486,71.1187359477729,115.690302129244,3.64060350242513,4.26435081753494,4.75091681157896,0,13.0465734924382,0.253625170998632,0.849078136533075,0.0637707981962698,3.8286413964891,0,6.01084630107062,7,0.629146472185473,15.5072198907908,2.36497588566357,2.06129137446732,0,0,0,0,0,0,0
340300,2012,340000,37.7226049856894,70.4039211732528,114.824532324324,3.63025951650709,4.2542489600966,4.7434051572606,0,13.3283038169686,0.253126699293094,0.909034374284285,0.0870705816179067,4.69134788222914,0,6.28110688707123,7,0.619681736713723,15.6445517779979,2.09393737811578,2.10446357810632,0,0,0,0,0,0,0
340300,2013,340000,41.1250796410713,77.665754705029,127.008306418715,3.71661814564467,4.35241442283332,4.84425248919156,0,13.9752596652441,0.282596835788325,0.973654289381695,0.105091092972958,4.71849887129509,0,6.45487693754577,7,0.608813745311544,15.9617150374085,2.32518210640602,2.77271556159579,0,0,0,0,0,0,0
340300,2014,340000,38.5391968899917,73.1873790219542,119.134563859763,3.65167582441912,4.29302298836875,4.78025364298901,0,14.2408398437824,0.302883319859876,1.04385213962932,0.111017767846667,5.04342511691925,0,6.60398759262302,7,0.635311028625392,15.9646481363383,3.09936424780172,2.60919717470896,0,0,0,0,0,0,0
340300,2015,340000,33.0540449088286,59.4084877244779,93.0653893205142,3.49814394636806,4.08443710714513,4.53330235705981,0,14.491898462479,0.301899827288428,1.0902685791912,0.116349529806839,5.32787616878958,1,6.41448732023028,7,0.601685353095018,15.5053513142346,3.58484299894491,2.59418128339342,0,0,0,0,0,0,0
340300,2016,340000,30.712938484847,55.7604059866548,88.4004499799409,3.42468401482628,4.02106404739159,4.48187705990147,0,14.6820509750481,0.302631578947368,1.14209882718557,0.0843879870391518,5.64544689764324,1,6.88224862071996,7,0.619533451297615,15.8419475231438,3.5897761664428,2.6166618948056,0,0,0,0,0,0,0
340300,2017,340000,32.0688762069243,58.5291653297169,97.5518201261912,3.46788597121158,4.06952518264646,4.58038372528758,0,14.81487122332,0.301837270341207,1.1889169563267,0.0772236374215712,5.26785815906333,1,6.9785468964482,7,0.616314647318442,16.4242041928694,3.2823994687193,2.46447482674142,0,0,0,0,0,0,0
340300,2018,340000,29.2111613342204,52.2367056362099,88.1289336048196,3.3745508737134,3.95578542088569,4.47880089678668,0,14.9251023785048,0.302083333333333,1.23000348100004,0.0571197052157407,5.85220247977447,1,7.07509039902334,7,0.57864918588083,16.3287679600298,4.06126978615979,2.44735481338004,0,0,0,0,0,0,0
340300,2019,340000,28.433715711656,50.9334337348222,86.2875949091104,3.34757561398022,3.93051955929579,4.45768584394625,0,14.9831433793675,0.300518134715026,1.34882668225335,0.053181130672691,5.26269018890489,1,7.12809400234301,7,0.620168173614937,16.4868845267675,2.22744364784264,2.33831730507616,0,0,0,0,0,0,0
340300,2020,340000,25.1406747016216,43.9532311247386,72.8746569243366,3.22448704057531,3.78312613962541,4.28874093693178,0,15.1659521747582,0.30012936610608,1.35353481926895,0.0624607229691512,5.52942908751142,1,7.08858729649315,7,0.627359854646876,16.3735634245991,3.07559136784779,2.36411416089626,0,0,0,0,0,0,0
340400,2011,340000,38.9425586703976,70.3102888204525,114.523430590413,3.66208770580791,4.25291814401735,4.74077943603702,0,12.2133105616006,0.741449511400651,1.03321325469847,0.0217446685838797,3.66356164612965,0,5.74975358277757,6,0.62226834047485,15.6582249540617,2.51528331083333,2.05572917985289,0,0,0,0,0,0,0
340400,2012,340000,38.7286754724823,70.2203722030174,113.644413000749,3.65658029393547,4.2516384712534,4.73307438939593,0,12.4579396322363,0.737079573420837,1.08628881752493,0.0281666548553665,3.68887945411394,0,5.77019991130368,6,0.627065638029898,15.8105582891949,2.49524511632763,2.13350376761712,0,0,0,0,0,0,0
340400,2013,340000,42.0655800148555,77.7381294031294,125.608843603832,3.73922982944582,4.35334586291602,4.8331726624139,0,12.932113887085,0.73612823674476,1.10470860935271,0.0381754039585152,4.66343909411207,0,6.17328124251412,7,0.61380501655308,16.3358913581662,2.62914346203768,2.58069052610235,0,0,0,0,0,0,0
340400,2014,340000,40.1714002048891,74.1331618470765,119.35968642637,3.69315530474376,4.30586296049175,4.78214150932708,0,13.1365355323156,0.750616269515201,1.07282967746861,0.0347870621655322,4.18965474202643,0,6.10483490855268,8,0.64841698835025,16.2428316881057,3.35586861987767,2.46377561263891,0,0,0,0,0,0,0
340400,2015,340000,32.5063769283065,56.4421323661344,89.4152749571566,3.48143628326707,4.03321590738599,4.49329152840273,0,13.2634224215544,0.748619008935825,1.15408085643105,0.0229580549064086,4.67282883446191,1,6.3018597889427,8,0.624322393456021,15.8701214921853,3.74773177969213,2.4736528387094,0,0,0,0,0,0,0
340400,2016,340000,30.1716408596091,52.4875818367464,84.5629486083986,3.40690243881863,3.9605766051755,4.43749621096821,0,13.4256514912789,0.478149100257069,0.895846347442519,0.018983345877553,4.94875989037817,1,6.32546975831864,8,0.646965252789291,16.1949520862587,4.15013187631693,2.50917910037995,0,0,0,0,0,0,0
340400,2017,340000,33.2627253800215,58.7105290113278,95.9660441189145,3.50443741208007,4.0726190806185,4.56399442180409,0,13.5102156312346,0.466666666666667,0.919851604951559,0.0192886671317054,5.00394630594546,1,6.35172417625295,8,0.610380310061816,16.6858585756244,3.70097057403989,2.3882530271721,0,0,0,0,0,0,0
340400,2018,340000,29.8411311473969,51.9263585010208,84.7448207993103,3.39588768170145,3.94982653217431,4.43964463288061,0,13.667514369151,0.466666666666667,0.946123482198516,0.0281980741958,5.57215403217776,1,6.34103750945079,8,0.611523164285196,16.6185626676994,4.55488927108279,2.40832341654504,0,0,0,0,0,0,0
340400,2019,340000,28.391640829134,48.9658394969976,84.3955158816981,3.3460947648392,3.89112290186389,4.43551427082673,0,13.8135693470695,0.468030690537084,1.02045897147199,0.0319006405030248,5.27299955856375,1,6.36071957783472,8,0.608768338689933,16.762700695988,2.26979935804873,2.33002607664951,0,0,0,0,0,0,0
340400,2020,340000,25.9016129738541,43.2479711000515,70.799871744858,3.25430524374914,3.76695032129607,4.25985718918473,0,14.0532192707307,0.449423815620999,1.03814213571673,0.0393323088831996,5.36129216570943,1,6.39406980170332,8,0.616735810286378,16.6552120204435,3.83628137138425,2.29049368104982,0,0,0,0,0,0,0
340500,2011,340000,34.1174138207301,65.3176145966362,106.153691854661,3.52980792317194,4.17926174870666,4.66488796714561,0,7.7826767199245,0.279527559055118,1.41971704355126,0.236992410885977,3.68887945411394,0,6.38852088903192,8,0.591918367512372,16.212476890482,3.29239478341742,2.45561941472235,0,0,0,0,0,0,0
340500,2012,340000,32.9743564888212,62.9256200573281,101.480887143171,3.49573018329002,4.14195339488349,4.61987047674225,0,8.14488663401166,0.359457092819615,1.45922112015642,0.187122240964751,4.17438726989564,0,6.60045120321219,9,0.589641404395201,16.2242967910118,3.44371962604025,2.53272261715278,0,0,0,0,0,0,0
340500,2013,340000,36.8817370970428,72.9474371269938,117.082188224268,3.60771649890895,4.2897391424393,4.76287615164107,0,8.79454743884748,0.36077057793345,1.47983370581936,0.173733368992019,4.33073334028633,0,6.75456145897593,9,0.584034982992678,16.9712896061732,3.05392639058193,2.45718639613048,0,1,0,0,0,0,0
340500,2014,340000,33.8740813031267,66.9916702816419,105.063949470434,3.5226501586292,4.20456828750748,4.65456920734193,0,9.02491730255568,0.361795774647887,1.49975509726531,0.136952146946307,4.89034912822175,1,6.90116884358747,9,0.600979590902523,16.8694623426244,3.75569225194152,2.46778755801035,0,1,0,0,0,0,0
340500,2015,340000,30.9165378262289,57.7704535811908,86.9327260242392,3.43129124546506,4.05647746126297,4.46513455544249,0,9.33180287099555,0.359956236323851,1.51390557950798,0.134794841913477,5.2257466737132,1,7.0060308181283,9,0.596848397838826,16.3508549461057,5.45316201292336,2.78109924284303,0,1,1,0,1,1,1
340500,2016,340000,27.7040034068176,50.5202909912919,79.4980751211297,3.32157693007216,3.92237505738834,4.37573280905433,0,9.54605129153884,0.362445414847162,1.57189443881998,0.141583316782016,5.80211837537706,1,7.09651119714582,10,0.590886300315662,16.6953165979582,6.08191019385049,2.82325351743955,0,1,1,1,1,0,0
340500,2017,340000,27.1228174925864,49.0378040889218,82.6036792952685,3.30037534752065,3.89259151266703,4.41405422306115,0,9.69367923798274,0.362445414847162,1.64495606434428,0.150737045052137,6.15060276844628,1,7.14357867873846,10,0.607265303329546,16.8704805449916,3.92494657080818,2.76296128769436,0,1,1,1,1,0,0
340500,2018,340000,25.5563175816043,45.8878416682232,74.2708796715182,3.24088454955302,3.82620019457509,4.30771894584855,0,9.86432193432413,0.358078602620087,1.71231950345834,0.154542150949193,6.50578406012823,1,7.20530685244718,10,0.601218662091664,16.8715797840153,4.37739782445312,2.79066972511418,0,1,1,1,1,0,0
340500,2019,340000,23.9932453068668,42.1098831478345,68.8910698030542,3.1777723451875,3.74028246724323,4.23252655863323,0,9.99791866609623,0.358078602620087,1.78087754067984,0.170451555301825,6.16331480403464,1,7.24984475571192,10,0.591384837213828,16.9220331034794,2.7034810426672,2.64463611740356,0,1,1,1,1,0,0
340500,2020,340000,20.5328750104525,34.7339011844409,55.8865657154548,3.02202726070273,3.54771618939777,4.02332402418404,0,10.2034503890938,0.358862144420131,1.80809371302541,0.186069865338723,6.51174532964473,1,7.32559130875762,10,0.602793005656223,16.909246808796,4.49790984060249,2.56843095908473,0,1,1,1,1,0,0
340600,2011,340000,41.960152150185,76.4096712163621,125.454165687745,3.73672040959838,4.33610927476267,4.83194047822163,0,18.4151281140702,0.499098286744815,0.942944294559615,0.0234615830350881,2.89037175789616,0,5.64187088239648,4,0.627096771232543,15.1239853448044,2.10443078694642,1.9631961052519,0,0,0,0,0,0,0
340600,2012,340000,42.2011363350434,76.6700978393975,125.639058997199,3.74244714805013,4.33951177368056,4.83341318496713,0,19.0293260857885,0.508016491067338,1.008116721625,0.035454651840165,3.04452243772342,0,5.81916930300294,4,0.60256681711443,15.3059634270245,2.00109600033441,1.9988097749849,0,0,0,0,0,0,0
340600,2013,340000,44.5383352514636,81.6181019509323,134.192604668782,3.79635028464807,4.40205107500171,4.89927611622915,0,19.8282289948094,0.497902097902098,1.08721612408418,0.0412435145395996,3.55534806148941,0,6.03984924400492,4,0.610746545176352,15.8808253599245,2.19213591358233,2.34947353715763,0,0,0,0,0,0,0
340600,2014,340000,41.9665871388487,76.636133725612,127.378598107524,3.73687375735693,4.33906868517732,4.84716373928935,0,20.0621732937234,0.487227124941941,1.1291181311504,0.0443250310149103,3.49650756146648,0,6.21215702742782,4,0.593428575223492,16.1446594835503,2.74341700759198,2.21174050355294,0,0,0,0,0,0,0
340600,2015,340000,35.4096015718832,61.915589250537,98.8100496831633,3.56698301420745,4.12577199371032,4.59319931702188,0,20.3796246669873,0.484203233256351,1.12605000625977,0.0472448283248262,4.21950770517611,1,6.30790308588149,4,0.581285716064515,15.4406686583867,2.96416961314357,2.30385519291553,0,0,0,0,0,0,0
340600,2016,340000,33.3682044266178,58.9371308866896,93.6383704220274,3.50760348330293,4.07647129758195,4.53944023988721,0,20.5448042153873,0.483870967741935,1.14866392044652,0.0509923455017613,3.66356164612965,1,6.32957775052921,4,0.611875578280418,15.8432277145383,2.90990776960926,2.34561731259307,0,0,0,0,0,0,0
340600,2017,340000,36.308706904475,65.1666221421748,104.704647158723,3.59205757213649,4.17694740751679,4.65114350236162,0,20.6736848864317,0.483870967741935,1.19611153365071,0.0460696819547147,4.7361984483945,1,6.38444612493351,4,0.629161290584072,16.315793894167,2.95228240878188,2.24172729288611,0,0,0,0,0,0,0
340600,2018,340000,32.2810054281541,56.7536828119182,96.1842409935968,3.47447899000944,4.0387205496201,4.56626552921714,0,20.9114294288234,0.481651376146789,1.23852111508769,0.048246199307489,5.33753807970132,1,6.43832920530709,4,0.589414748453325,16.1716043111803,3.33446142321678,2.26627252637207,0,0,0,0,0,0,0
340600,2019,340000,30.8917416771445,54.1751555897659,89.7644199074668,3.43048888854414,3.9922224194029,4.49718868195542,0,21.0873217325441,0.47945205479452,1.29066573406258,0.0522012439117605,4.45434729625351,1,6.52809670289426,4,0.609649773566954,16.4615680454655,2.1250381490953,2.15665711245907,0,0,0,0,0,0,0
340600,2020,340000,27.691569569188,47.8938410943406,78.6367186423589,3.32112801918739,3.86898691774371,4.36483874865043,0,21.2687833586028,0.47716894977169,1.31426810169934,0.0620514032754232,5.32300997913841,1,6.612110690817,4,0.608976953452633,16.316930384442,2.86851357030318,2.11232651052636,0,0,0,0,0,0,0
340700,2011,340000,34.271692803076,62.7465422942563,100.811175651862,3.53431973072948,4.1391034736133,4.61324921905382,0,6.14008931082897,0.60377358490566,1.77368356451632,0.460651641497961,3.17805383034795,0,5.55522806454977,7,0.607622709793922,15.2884538380562,3.80815783334683,2.63245195780907,0,0,0,0,0,0,0
340700,2012,340000,32.4220652077882,59.195105435959,94.1379937547114,3.47883921593777,4.08083886002527,4.54476172445115,0,6.35883927310305,0.60377358490566,1.81266087976018,0.362743789024694,2.83321334405622,0,5.79038145837754,7,0.617106228302687,15.3088771222013,5.05080661701679,2.61560734005866,0,0,0,0,0,0,0
340700,2013,340000,35.6660880467366,66.488117770127,105.432708133997,3.57420032267351,4.19702325154814,4.65807291181874,0,6.63776961958995,0.609164420485175,1.87135880993944,0.530121501096949,3.66356164612965,0,5.96535346769919,7,0.601424911847481,15.934357797001,4.14974103614146,3.01168812325017,0,0,0,0,0,0,0
340700,2014,340000,34.0281312752379,62.4164961239428,99.4534601845527,3.52718757296554,4.1338296013988,4.59968979790288,0,6.7600921357457,0.60840108401084,1.91065860977696,0.449299779338842,3.71357206670431,0,6.12102049109772,7,0.615575092725265,15.7119327145201,4.81452471014006,2.9567428656565,0,0,0,0,0,0,0
340700,2015,340000,28.387265379609,50.5602703398955,78.0980859237513,3.34594064247842,3.9231660967368,4.35796554852676,0,6.8848592913805,0.607181571815718,2.11955735058965,0.312949750551366,4.17438726989564,1,6.44656960143609,7,0.613146527455403,15.4234732886703,6.03143023019013,3.20159204688733,0,0,0,0,0,0,0
340700,2016,340000,26.9431007638304,47.8952472831561,73.4265002372122,3.29372726323897,3.86901627784807,4.29628490911581,0,7.03558187852134,0.432748538011696,1.45274206346939,0.322263074452556,4.36944785246702,1,6.55128317796076,7,0.592523808662708,15.7255898994698,7.2612804170325,3.25226270774898,0,0,0,0,0,0,0
340700,2017,340000,28.9633207121569,52.0253998498284,79.1722966465133,3.36603022641896,3.95173205797488,4.3716264478129,0,7.14103336419816,0.432748538011696,1.52099920517464,0.343923039469923,4.86753445045558,1,6.62377112531732,8,0.626135527323454,15.9366510016521,5.16299379568146,3.16700384376506,0,0,0,0,0,0,0
340700,2018,340000,24.3983685932247,42.6764817862022,67.500285165874,3.19451626913045,3.75364799066005,4.21213182254917,0,7.28617251549177,0.432748538011696,1.58434613101053,0.337814664072886,5.08759633523238,1,6.67583042718825,8,0.623483514174437,15.9675761623609,5.18053403737438,3.16506814420991,0,0,0,0,0,0,0
340700,2019,340000,24.0337357319767,41.8630018474447,66.4841092107312,3.17945849883811,3.73440242604356,4.19696295986938,0,7.35984368794086,0.532163742690059,1.38766545722659,0.515505848311219,4.53259949315326,1,6.48749771612347,8,0.621655673552782,16.0784052511438,3.8409293752631,3.08360260166175,0,0,0,0,0,0,0
340700,2020,340000,19.828024534352,33.3662653067468,55.2163186480957,2.98709631751645,3.50754536881189,4.01125853727669,0,7.44323305683757,0.532352941176471,1.42220052918661,0.553968027811462,4.70048036579242,1,6.48856531619203,8,0.619677657500291,15.882780321176,5.97023035841041,2.94562913099004,0,0,0,0,0,0,0
340800,2011,340000,31.3207941151053,55.9519117143767,90.3598153167608,3.44428222568959,4.02449260243832,4.50379964773717,0,2.94584318114579,0.118797478584128,0.802517213815281,0.0456140668966912,2.63905732961526,0,6.25312746699877,13,0.669105665218195,15.7745440675424,3.55739532717932,2.22893042476378,0,0,0,0,0,0,0
340800,2012,340000,29.5780085969068,53.2292315216688,84.7481553668432,3.3870311323966,3.97460771014017,4.43968398044071,0,3.02036650609912,0.118149580915538,0.850955055746915,0.0575193183709675,2.94443897916644,0,6.38878567186759,13,0.68400422444005,15.7340588854009,5.25252874885321,2.12898836939883,0,0,0,0,0,0,0
340800,2013,340000,32.584591697044,58.7129969027746,93.8799691475927,3.48383952930977,4.07266111463899,4.54201704234613,0,3.16099266750267,0.118063374617983,0.861681595946797,0.0788220044806788,4.34380542185368,0,6.56611894407893,15,0.669280642059428,16.4632937874759,4.14821164572839,2.77401456928127,0,0,0,0,0,0,0
340800,2014,340000,30.4785835562641,54.6828752664417,88.6778233819266,3.41702425848745,4.00155059398539,4.48500983981367,0,3.21833472629476,0.118376550169109,0.906398111741728,0.0897851238892015,4.31748811353631,0,6.71822610198301,15,0.683311073208702,16.2289555873486,4.90445265818411,2.54006005721051,0,0,0,0,0,0,0
340800,2015,340000,25.0637250722661,44.5400088605994,69.5986490902918,3.22142158456109,3.79638786076498,4.24274515752976,0,3.28822744980502,0.118373251888764,0.85509353409149,0.107404990967019,5.68697535633982,1,6.71165918015036,15,0.67545392950611,16.0327924560581,5.8960325028046,2.65641413348635,0,0,0,0,0,0,0
340800,2016,340000,24.2427210258763,42.9308752626739,66.3534101623656,3.18811640844391,3.75959127016453,4.19499515602665,0,3.4161761720993,0.139886578449905,0.990725964821419,0.0762025832119135,6.39692965521615,1,6.79153770267709,15,0.665647961199284,16.3365014764791,7.00645662315927,2.72657830445562,0,0,1,0,1,1,1
340800,2017,340000,24.6087210313124,43.7368509723495,67.2779445509199,3.20310089358125,3.77819101842622,4.20883246452797,0,3.5496962952653,0.139359698681733,1.03762726553357,0.0544778656672351,5.37527840768417,1,6.87895315723405,15,0.68187066806844,16.569926251688,5.32201091750745,2.62263864765856,0,0,1,1,1,0,0
340800,2018,340000,20.2280246466663,35.4474662198519,58.5818471252199,3.00706900166006,3.56805177566634,4.07042487257233,0,3.6809144623825,0.140151515151515,1.08832797663775,0.0499336856682402,5.5683445037611,1,6.96313464014968,15,0.66920033749744,16.5614059338368,5.27635380854376,2.66248511212159,0,0,1,1,1,0,0
340800,2019,340000,20.3239922654772,35.3228427454531,56.3230210876466,3.01180207317036,3.56452985792884,4.03110335188213,0,3.75099401131121,0.139886578449905,1.22659281093712,0.048153561587688,5.30330490805908,1,7.05470829521995,15,0.670292478341323,16.6325625177472,3.63397313309678,2.63243728819777,0,0,1,1,1,0,0
340800,2020,340000,17.3810934369478,29.7621462578714,47.6118307248009,2.85538303137656,3.39323732624454,3.86308127499395,0,3.87324455834271,0.139336492890995,1.25060761871644,0.0524458312478145,5.63478960316925,1,7.11745694323378,15,0.679947590334176,16.5895572004902,6.00695090072053,2.48715825584875,0,0,1,1,1,0,0
341000,2011,340000,26.9200407803224,45.4190418102273,71.9395082203247,3.2928710196462,3.81593144024677,4.2758256022742,0,1.03579266281351,0.296421336934504,0.956506936851552,0.0787557910539581,1.94591014905531,0,5.44598571759264,7,0.759456043518507,11.5382886985719,5.46786318893188,3.67892391819917,0,0,0,0,0,0,0
341000,2012,340000,24.0260157056902,41.5945574338451,65.8375305818187,3.17913723099456,3.72796932779092,4.18719004931396,0,1.10281579989272,0.297352342158859,1.01752245225816,0.104158010370425,2.77258872223978,0,5.60787272469713,7,0.774482416648131,11.5955193480556,7.81012412595311,3.73264008630117,0,0,0,0,0,0,0
341000,2013,340000,27.2530409885725,46.8150762415632,73.9031909964527,3.30516511079381,3.84620529296078,4.30275600694686,0,1.24142147113134,0.298507462686567,1.06889071007748,0.105841150322032,2.56494935746154,0,5.75153744906002,7,0.768819779616136,12.5232005855925,5.99310067789409,3.92579966240841,0,0,0,0,0,0,0
341000,2014,340000,26.5766429505702,45.647374792097,71.5962167286048,3.28003274548055,3.82094609809486,4.27104223358461,0,1.27559833944897,0.299932295192959,1.11082992272265,0.111208614660303,2.89037175789616,0,5.79070567667824,7,0.76974505507029,12.3098242638811,6.80227654849241,4.06305402833478,0,0,0,0,0,0,0
341000,2015,340000,19.8276954653312,33.6320228233961,52.6003728428978,2.98707972122109,3.51547867331575,3.96272320798656,0,1.31557215548288,0.305166226555623,1.14179619435597,0.0745046469303612,3.17805383034795,1,5.79219326012587,7,0.785490109370305,12.2311864998903,8.85984209467355,4.25284379328754,0,0,0,0,0,0,0
341000,2016,340000,18.0386140197991,30.6289500654847,49.8624715202798,2.89251468351226,3.42194564227758,3.90926864606625,0,1.35494115353677,0.304054054054054,1.18780711179138,0.0752572695541807,3.2188758248682,1,5.85692210673264,7,0.77962307884143,13.1787938806822,8.51953213692055,3.94454254499975,0,0,0,0,0,0,0
341000,2017,340000,17.8442274807819,30.0074849906384,49.9040407383161,2.8816800654913,3.40144685023023,3.9101019761988,0,1.40342894575108,0.310810810810811,1.21757385531376,0.0794417802732509,3.61091791264422,1,5.89454591034834,7,0.781063736860569,13.1156282745277,6.75798297494641,3.9177247476129,0,0,0,0,0,0,0
341000,2018,340000,14.9048056533533,25.0377316277204,42.4844893808951,2.70168368802143,3.22038395218111,3.74913905357417,0,1.43886197448878,0.308724832214765,1.24330883221658,0.0928107767554691,4.15888308335967,1,5.99982148726664,7,0.78681758412948,12.9557761698209,5.91295708537208,3.79160503128132,0,0,0,0,0,0,0
341000,2019,340000,14.9815758060907,24.8884545534488,40.2519782137522,2.70682116655462,3.21440402338905,3.6951591508246,0,1.48704270526708,0.315436241610738,1.37093950450497,0.0977857406325954,3.85014760171006,1,6.07596287968429,7,0.780779119179799,13.2524645795892,6.3616081321449,3.66381646846071,0,0,0,0,0,0,0
341000,2020,340000,13.2506274541287,22.0384758112407,36.3468325677994,2.5840449063396,3.09278982632352,3.59310706312096,0,1.50975594664017,0.315436241610738,1.39601139461808,0.0970036795791617,3.93182563272433,1,6.11888683014266,7,0.780987912416458,12.9907793696812,7.69481961263826,3.680036407032,0,0,0,0,0,0,0
341100,2011,340000,33.2935897017595,65.4617612151042,107.431084815504,3.50536487700695,4.18146617392198,4.67684957050985,0,9.30702792455966,0.119010819165379,0.777749113360867,0.0859655076145941,3.17805383034795,0,6.06934107620875,11,0.621351064678202,15.8256186191701,2.81716847146686,2.26629100423586,0,0,0,0,0,0,0
341100,2012,340000,32.6183598462188,64.0277395462511,104.937322603645,3.48487531531008,4.15931641986602,4.65336324434099,0,9.51616047892134,0.119663791196638,0.839259984594109,0.0996502434493621,4.00733318523247,0,6.29227499356094,12,0.623174769922774,15.898742395338,2.63922493362083,2.37507276531879,0,0,0,0,0,0,0
341100,2013,340000,35.9010780481611,72.3064577701276,119.531551889865,3.58076732424005,4.28091344426491,4.78358036907228,0,9.90738424962251,0.119911012235818,0.89532021889904,0.105841668774938,4.31748811353631,0,6.46881473893426,12,0.620388298275623,16.3738007099121,2.61667973645417,2.6802852697502,0,0,0,0,0,0,0
341100,2014,340000,33.8365157383007,69.0290734062752,111.867645028594,3.52154056662081,4.23452776956684,4.7173164316727,0,10.0914065144787,0.120551601423488,0.956372669937697,0.111511625283938,4.969813299576,0,6.60718138109738,12,0.646930090607481,16.3337140157766,3.36728043822098,2.57582613580645,0,0,0,0,0,0,0
341100,2015,340000,29.9042568326051,57.4862671539297,90.0220370658355,3.39800083924659,4.0515460871728,4.50005449664492,0,10.2241361354579,0.119605397942369,1.00240090711767,0.0975935109995532,5.96357934361845,1,6.7623316031322,12,0.630913372686569,15.9190424589885,4.38107827113335,2.60997088897166,0,0,0,0,0,0,0
341100,2016,340000,27.2474389747987,52.2266694304992,82.7960012009728,3.30495953411642,3.95559327304947,4.41637976555075,0,10.370449683934,0.121145374449339,1.04143888210215,0.108984653420653,5.89164421182577,1,6.9017284442075,12,0.643582825489501,16.2584953213766,4.6085025983215,2.65415305444893,0,0,0,0,0,0,0
341100,2017,340000,27.5144044809426,52.3168607806342,87.6165225316522,3.31470966684456,3.95731870497871,4.4729695935321,0,10.458951635092,0.123348017621145,1.09629307462075,0.116319975694252,5.64897423816121,1,6.9871371200341,12,0.622775075124933,16.729263192911,3.52301563689421,2.56664129106001,0,0,0,0,0,0,0
341100,2018,340000,25.2778970125803,47.7273022794069,80.3253141871343,3.22993037802486,3.86550360898063,4.38608481644319,0,10.5909088366645,0.123348017621145,1.14801930496751,0.113924108993997,6.25382881157547,1,7.09562468448387,12,0.62086702217447,16.7020517620763,4.37297671092906,2.60778684965316,0,0,0,0,0,0,0
341100,2019,340000,24.3781531592423,45.327302266877,75.8726096125235,3.19368736889675,3.81390954998692,4.32905574460034,0,10.6725056246782,0.123076923076923,1.4867564038917,0.0956240176884831,5.44241771052179,1,7.21999098596525,12,0.615173252497582,16.6884843258905,2.35069044517758,2.46575766847461,0,0,0,0,0,0,0
341100,2020,340000,21.0265409766468,37.8261044470505,62.8205825876932,3.04578549576049,3.63299945811266,4.14028276798812,0,10.8812852632765,0.124312431243124,1.51597750101733,0.0879768167601999,5.90536184805457,1,7.31129682156687,12,0.628196808251929,16.6048634339781,3.61464431794972,2.44304712053847,0,0,0,0,0,0,0
341200,2011,340000,42.5739832241171,76.464976415148,123.53483970118,3.75124334426985,4.3368328113602,4.81652321912807,0,12.7853349644499,0.204815753558198,0.419443755542686,0.0489825420792432,3.55534806148941,0,5.53726378773857,13,0.626703061376299,15.3206050259836,1.96130997007195,2.1660816335728,0,0,0,0,0,0,0
341200,2012,340000,42.7878690963779,76.8876629324983,123.921811251284,3.7562546300856,4.3423454336348,4.81965081229686,0,13.36248447258,0.205327947682247,0.449004100601236,0.0719561454816731,4.12713438504509,0,5.75336783646336,13,0.624992857021945,15.4833335168022,2.1447604214075,2.1699282054168,0,0,0,0,0,0,0
341200,2013,340000,45.9008187376433,83.4710669163656,136.106191972541,3.82648295432884,4.42450006781481,4.91343540437962,0,14.3290847098474,0.205089251804026,0.472863341295105,0.0796329072365044,4.39444915467244,0,5.95766371690116,13,0.618371427272047,16.206151465115,2.41320385988467,2.41062567252962,0,0,0,0,0,0,0
341200,2014,340000,43.557613823183,78.8033227489135,127.911187857375,3.77408451748221,4.36695516283922,4.85133617823361,0,14.7395440404148,0.213049267643142,0.51330317555994,0.083195512809893,4.70048036579242,0,6.16876187438876,13,0.629712246571268,16.2701973554925,2.93893765583119,2.26300477321018,0,0,0,0,0,0,0
341200,2015,340000,34.9677449332865,60.2817787553119,94.0260880683532,3.55442606324496,4.09902988153979,4.543572276407,0,15.176419774982,0.213446506497866,0.542965458473257,0.0734936236742723,4.72738781871234,1,6.39050799642415,13,0.601989795906203,15.7535116577978,2.93696736344744,2.34986536257281,0,0,0,0,0,0,0
341200,2016,340000,33.2267573593378,57.5631327209442,92.7586198203183,3.50335549588189,4.05288230584991,4.53000063323738,0,15.5200820705195,0.212806026365348,0.572207177697461,0.0532436447414984,5.37527840768417,1,6.62823617345458,13,0.619705102273396,16.0910749195309,3.44927154139403,2.39528271148606,0,0,0,0,0,0,0
341200,2017,340000,35.6123196737301,62.5901949660606,102.574752703857,3.57269163624448,4.13660863590317,4.6305918274441,0,15.7562820788091,0.214018691588785,0.60381095355413,0.0474445811036525,5.63478960316925,1,6.8202281740045,13,0.615864287316799,16.4884792144977,4.09002334243132,2.28127109624671,0,0,0,0,0,0,0
341200,2018,340000,31.9702085416235,55.3625907040799,93.8077771822265,3.46480448609156,4.01390410761474,4.54124776496561,0,16.0539246860317,0.214752567693744,0.637018270859431,0.051785118789323,6.03068526026126,1,6.98566255952915,13,0.576754085080964,16.4288418505242,4.25668124577727,2.42071810942428,0,0,0,0,0,0,0
341200,2019,340000,30.0761805425621,51.7815224119417,88.0686030862975,3.40373351437588,3.94703337543505,4.47811609128925,0,16.2251954858368,0.215413184772516,0.852112640709261,0.0401488265101988,5.6021188208797,1,7.10302691609343,13,0.572334693585123,16.7871784510018,2.23307005444583,2.32415097796514,0,0,0,0,0,0,0
341200,2020,340000,27.7088207336227,46.887928223697,76.2235552636558,3.32175080053958,3.8477602483697,4.33367053911852,0,16.5784637464651,0.215713621571362,0.871044201515207,0.040992525713796,6.05678401322862,1,7.17043687706056,13,0.600100414260574,16.6755738059838,3.3093285107748,2.21600437292889,0,0,0,0,0,0,0
341300,2011,340000,39.9992632705553,74.8992935360707,123.198133714313,3.6888610357082,4.31614445838351,4.8137939025619,0,14.1805556512659,0.289477738407025,0.573541578366281,0.017802247483461,2.56494935746154,0,5.70630969251538,5,0.634174602520135,14.9823281177576,2.26893348929896,1.94203676785314,0,0,0,0,0,0,0
341300,2012,340000,39.9070115684874,74.688713424818,122.731250769691,3.68655203699089,4.31332898868598,4.80999701178776,0,14.6029285195895,0.288629737609329,0.620358060976461,0.0280130256009579,3.46573590279973,0,5.9289064076668,5,0.62508234133323,15.1283620739286,2.07924105169159,1.99686961015584,0,0,0,0,0,0,0
341300,2013,340000,42.9275818655036,80.6666485819258,132.804201419797,3.75951455326832,4.39032521329755,4.88887587373915,0,15.2242107007897,0.291322635924599,0.666299273333844,0.0326564518132728,2.99573227355399,0,6.13867796537733,5,0.625148809825381,15.6291253520077,2.13010012909394,2.34632315333899,0,0,0,0,0,0,0
341300,2014,340000,39.776480609665,75.0826170149568,124.731683422377,3.6832757981612,4.31858906746349,4.82616489757806,0,15.4675135039267,0.289895687373501,0.719458182003505,0.0350783652754219,3.87120101090789,0,6.32978359354416,5,0.629499008258184,15.9355429893032,2.68910704714835,2.23655652385811,0,0,0,0,0,0,0
341300,2015,340000,35.4385750015695,64.2494700098931,103.987759638724,3.56780091616916,4.16277347486805,4.64427319643318,0,15.7934556596441,0.290388138750751,0.755508859575045,0.038269680807775,3.68887945411394,1,6.51075349731269,5,0.616352180019021,15.3135280322197,3.02081226696142,2.24799942232066,0,0,0,0,0,0,0
341300,2016,340000,32.7398924198357,59.7020854109743,97.0673368395833,3.48859428604375,4.08936695129557,4.57540493188454,0,15.9965812660196,0.290519877675841,0.792599966951576,0.0230873716520073,4.0943445622221,1,6.61056615935192,5,0.633587301398317,15.6965052278146,2.83784465011069,2.277504479679,0,0,0,0,0,0,0
341300,2017,340000,34.1026555658678,62.5458811277017,104.029342693377,3.52937525708921,4.13590038546741,4.64467300062948,0,16.1561838427281,0.291158536585366,0.822238273862689,0.0262273939422684,5.12989871492307,1,6.668700884421,5,0.6365099216087,16.1637306237831,2.8135398081292,2.17983444621613,0,0,0,0,0,0,0
341300,2018,340000,30.8867753341134,55.8997746016542,95.438418402058,3.43032810957818,4.02356034798216,4.55848120600585,0,16.3170830430287,0.292237442922374,0.852485282123034,0.0301289487710039,4.95582705760126,1,6.77840202398794,5,0.593135911350449,15.9619325859636,3.2241870227618,2.20090122502977,0,0,0,0,0,0,0
341300,2019,340000,29.6900299293568,53.4094894424186,90.272705532738,3.39081129683703,3.97798843509271,4.50283515042111,0,16.4062145808678,0.293313069908815,0.959398402812783,0.0317461061742269,5.27811465923052,1,6.89136959701204,5,0.621773809608486,16.1631187557651,2.23115474999371,2.08955430762834,0,0,0,0,0,0,0
341300,2020,340000,26.5610918241969,47.0911413761014,77.4972286348151,3.27944743160207,3.85208490214608,4.35024217616914,0,16.6118699633427,0.293626707132018,0.975750351945171,0.0452859055791995,5.59471137960184,1,6.94378354406171,5,0.616932538648446,16.0739344986865,2.89362401736299,2.07165867508358,0,0,0,0,0,0,0
341500,2011,340000,33.6348107755966,61.1535075080732,99.2085555706534,3.5155615656433,4.11338721957363,4.59722425624379,0,4.55295541405359,0.264092446448703,0.545181136695465,0.0492389135338487,2.56494935746154,0,5.85701895789608,8,0.666337661908574,15.6293649599166,3.00385838675938,1.7526939758637,0,0,0,0,0,0,0
341500,2012,340000,33.1783084633946,60.7126320416213,97.2251499741326,3.50189630285378,4.10615178253664,4.57702942258763,0,4.66364258940236,0.263409826833732,0.583039874825288,0.0506588427005459,2.83321334405622,0,6.04210152429944,9,0.670911824018761,15.7685854242212,3.23916762451776,1.75296150858832,0,0,0,0,0,0,0
341500,2013,340000,35.1738713075423,64.8175563999353,104.237934419264,3.56030351456927,4.17157649876052,4.64667611699539,0,4.8415129093736,0.263150551137156,0.612336531598495,0.0491043640649701,3.25809653802148,0,6.22739626022233,10,0.668089542947888,16.6074494074165,3.22374997102033,2.09053232482087,0,0,0,0,0,0,0
341500,2014,340000,33.7570900687014,62.0467216113458,99.6203658639187,3.51919047136531,4.12788767562703,4.60136662023344,0,4.95601346578321,0.262456627342123,0.643000851524062,0.0385051551343454,4.06044301054642,0,6.38932363656743,10,0.679097059668536,16.4259504978241,3.92231773098473,2.03076874561699,0,0,0,0,0,0,0
341500,2015,340000,27.9239345766138,50.2099894086262,79.2639902066111,3.32948419119658,3.91621399910507,4.37278392975288,0,5.0711262622714,0.265169353378011,0.609836029433232,0.0378113619504066,4.27666611901606,1,6.37898390900939,10,0.676731373704792,16.1472551568725,4.38260601942892,2.07433374043245,0,0,0,0,0,0,0
341500,2016,340000,25.4436448713767,45.6982592608588,72.4405564926493,3.23646600145523,3.82206020660268,4.282766315104,0,5.26622676731116,0.374787052810903,0.743992157852462,0.0316086516378936,4.97673374242057,1,6.44388566861655,10,0.687911824318781,16.4887358410735,5.286707692247,2.11938585358404,0,0,0,0,0,0,0
341500,2017,340000,25.4948959990746,45.9065130713169,73.3005551021116,3.23847827523128,3.82660700397866,4.29456818188046,0,5.3495438957186,0.374149659863946,0.762453901288984,0.0405547751619214,5.28320372873799,1,6.51242268970644,10,0.683662336836591,16.7859140032267,4.20371797797921,2.01181441956444,0,0,0,0,0,0,0
341500,2018,340000,22.5602459167152,40.2952165550829,67.5655580463249,3.11618932713406,3.69623276600407,4.21309835685541,0,5.47507643525838,0.373514431239389,0.781981372872671,0.0417614852970271,5.53733426701854,1,6.60368770336181,10,0.673265207469748,16.6372816327106,4.58189684348834,2.06048338655289,0,0,0,0,0,0,0
341500,2019,340000,21.8275308947546,38.6801635101788,63.8716499174388,3.08317205810691,3.65532689783001,4.15687559967196,0,5.53344915360725,0.375634517766497,0.903190867660785,0.0374711655825588,5.39362754635236,1,6.72542950593785,10,0.67213807051832,16.8560216030656,2.61837594368957,1.98228968660958,0,0,0,0,0,0,0
341500,2020,340000,19.4252955885386,33.7582243946556,55.1104366200405,2.96657611305112,3.51922407339956,4.00933911056455,0,5.65134910016743,0.376170212765957,0.921998526343732,0.0430727711296755,5.4510384535657,1,6.80394169058055,10,0.681602186991267,17.0217323789272,5.17542804590047,1.876483404712,0,0,0,0,0,0,0
341600,2011,340000,41.8682909208053,77.0199015820343,124.886750677637,3.73452876049256,4.34406385056245,4.82740733206225,0,13.3982442347787,0.271102284011917,0.500669663889312,0.0338532911228385,1.94591014905531,0,5.33602554976952,8,0.648133170806755,15.2206039676338,1.91954372251364,2.0316687729861,0,0,0,0,0,0,0
341600,2012,340000,42.4782874042954,77.8123344280382,126.413415995944,3.74899306077955,4.35429995882432,4.83955761528881,0,13.8546127259201,0.270486451191642,0.539570821704829,0.0440187399855505,2.30258509299405,0,5.57386659688586,8,0.634754235966731,15.4465694948066,2.06728565131968,2.04716941564917,0,0,0,0,0,0,0
341600,2013,340000,45.1428346586244,83.5713022718257,136.332084835788,3.80983156646303,4.4257001868981,4.91509370964905,0,14.6123100320635,0.263864749565492,0.55910218495392,0.0333872895535289,3.43398720448515,0,5.78234177263943,8,0.627302663306058,16.080295594709,2.37047843704756,2.32502731705189,0,0,0,0,0,0,0
341600,2014,340000,42.6686396117157,78.8848905216383,129.11219575468,3.75346421508202,4.36798970788616,4.86068176089415,0,14.762578607058,0.263398486759143,0.602252089693566,0.0256686183625658,2.99573227355399,0,5.95610858316238,8,0.622809925321805,16.3565415346362,2.83133375296286,2.16259236963818,0,0,0,0,0,0,0
341600,2015,340000,34.8342446399597,61.5714759502965,96.4800433440773,3.55060094430726,4.12019871054251,4.56933618223331,0,15.0014925524378,0.256713127017875,0.631610620991773,0.0331416039727604,2.89037175789616,1,6.12066293581012,8,0.611963679729882,15.4835478917559,2.77374218712442,2.43562265295851,0,0,0,0,0,0,0
341600,2016,340000,32.9275957087812,58.4628044739441,93.162595964179,3.49431108153876,4.06839073105972,4.53434631028032,0,15.1596249998944,0.258114374034003,0.66568099570684,0.0330221727729029,3.80666248977032,1,6.23791246421686,8,0.63292735916073,15.9080448925761,3.10511265137992,2.52653503829461,0,0,0,0,0,0,0
341600,2017,340000,35.318738415257,63.6054060125745,104.531153450868,3.5644136563905,4.15269846693148,4.64948514612324,0,15.3006047054035,0.25652841781874,0.693867819456456,0.0386587126569472,4.69134788222914,1,6.3951572327307,8,0.628128325787641,16.385163255345,3.28748079454888,2.40656110594285,0,0,0,0,0,0,0
341600,2018,340000,31.9228181891091,56.4579689396572,96.2323275083551,3.46332105781684,4.03349644873969,4.56676534600665,0,15.4924937490131,0.255707762557078,0.719840368154884,0.0431981594730572,5.16478597392351,1,6.52585347580021,8,0.587532688500518,16.3281466800998,3.60432758570988,2.47147132962978,0,0,0,0,0,0,0
341600,2019,340000,30.2475303211808,53.3775202595855,89.5548893202324,3.40941453886892,3.97738968841224,4.49485172579049,0,15.6368828918446,0.256410256410256,0.880566115412676,0.0410912636345298,4.89034912822175,1,6.63528519681576,8,0.611285714274746,16.7120152565932,2.0596301555691,2.33037585301123,0,0,0,0,0,0,0
341600,2020,340000,27.6218532002223,48.085354751007,78.4905048438203,3.31860724204536,3.87297765571874,4.36297766006886,0,15.809750864076,0.256756756756757,0.893884475012918,0.0404153408004937,4.91265488573605,1,6.59681546016682,8,0.627498791126882,16.5579937350558,2.88968732436575,2.24459319577793,0,0,0,0,0,0,0
341700,2011,340000,29.7488617014575,52.3606105963491,83.3484769155314,3.39279086912374,3.9581546024777,4.42303033567089,0,1.9813474714879,0.413878562577447,0.89444195999921,0.0446730966357175,1.6094379124341,0,5.21125390851909,8,0.729608417887773,14.5452365917405,4.36258543539369,2.75442319386637,0,0,0,0,0,0,0
341700,2012,340000,27.704592825718,49.3237717458158,77.7022915316133,3.3215982054316,3.89840615034807,4.35288474898007,0,2.07197437707803,0.414453366275479,0.947280829336386,0.0521200766457893,3.2188758248682,0,5.43564360813344,8,0.739855863420027,14.52291584095,6.43851415928372,2.70919316382847,0,0,0,0,0,0,0
341700,2013,340000,30.6722967189368,54.843759365592,86.3592921353756,3.42335986019158,4.00448840386885,4.45851640894066,0,2.2088847809932,0.413835701050031,0.997350459592822,0.0549789626457136,3.29583686600433,0,5.622443528341,8,0.736779334555779,15.2775596869787,4.90278161277233,3.16333817965616,0,0,0,0,0,0,0
341700,2014,340000,29.3022157786569,51.9969515996907,82.6283898553573,3.37766313700863,3.95118509378016,4.414353324324,0,2.2616531140766,0.412826899128269,1.06822219598673,0.0489330336223307,4.00733318523247,0,5.76568668349815,8,0.739831404106037,15.0600136836923,5.75325821228428,3.11353156130838,0,0,0,0,0,0,0
341700,2015,340000,22.8026014951126,39.514313146737,61.9151596596323,3.12687463011424,3.67666296441646,4.1257650553544,0,2.32152796855638,0.413217003898274,1.09845310941177,0.0594225494810121,4.70953020131233,1,5.87560933156896,8,0.74771428560572,14.8684429883807,7.17386052840771,3.2784414885526,0,0,0,0,0,0,0
341700,2016,340000,22.02002527015,38.2381089942235,59.778171474739,3.09195227889378,3.64383263597258,4.09064056881252,0,2.40208998185211,0.41358024691358,1.14004708570586,0.0698030496113098,4.8283137373023,1,5.94475419169687,8,0.738612244437848,15.2206765010228,7.89380528271303,3.26148156385425,0,0,0,0,0,0,0
341700,2017,340000,22.914574110723,39.8751967462752,61.5059251150294,3.13177313217733,3.6857544951687,4.11913351350556,0,2.47250135297234,0.41358024691358,1.16523278514607,0.0815372432284003,4.38202663467388,1,5.99405754131601,8,0.749920916344438,15.3415265486817,6.15646641934073,3.18891191594658,0,0,0,0,0,0,0
341700,2018,340000,18.8348478852554,32.1523092071681,52.0978353010175,2.935708764937,3.47048427414371,3.95312339897133,0,2.53454139194995,0.41358024691358,1.19166506281954,0.0737445748762851,4.53259949315326,1,6.07405706574245,8,0.753151787178857,15.3307503294905,5.71617983913922,3.16955803902274,0,0,0,0,0,0,0
341700,2019,340000,18.9819418633584,32.020647711953,50.8270200818392,2.94348809897884,3.46638093571979,3.92842810455515,0,2.58950706573661,0.41358024691358,1.32161318491951,0.069655950732925,3.58351893845611,1,6.16292618549413,8,0.74117602008794,15.5055030013584,4.86749483092246,3.08460478487535,0,0,0,0,0,0,0
341700,2020,340000,16.4149225088998,27.3758933964023,44.0238339897112,2.79819083019309,3.30966282308915,3.7847311688461,0,2.64036746396549,0.414860681114551,1.35235239572421,0.0838733071345489,3.93182563272433,1,6.2115544697919,8,0.746895408257842,15.2662732173391,6.65706140620249,3.00953476529557,0,0,0,0,0,0,0
341800,2011,340000,30.5543383572242,53.2027030325058,85.3959439709374,3.41950668395514,3.97410920393856,4.44729860518111,0,2.20125935498879,0.309949892627058,0.918522361163316,0.0958045894543838,2.07944154167984,0,5.98714065132354,9,0.700115484034944,14.48128569691,4.1496439291704,2.87306808407669,0,0,0,0,0,0,0
341800,2012,340000,28.2525312175891,49.7226979936959,79.0120152250282,3.34118305420118,3.90646152892121,4.36959993235834,0,2.3492412739435,0.309728183118741,0.977841182167497,0.112903981461663,3.43398720448515,0,6.11202473777476,9,0.711434560086199,14.4769747591971,5.14168802248468,2.90999765468064,0,0,0,0,0,0,0
341800,2013,340000,31.4967126719453,56.0542801587557,88.8735897868771,3.44988318076496,4.02632050982755,4.48721502062061,0,2.62271010674497,0.309778729478944,1.03055738242517,0.138119470512924,3.89182029811063,0,6.24639481909672,10,0.706047047576505,15.3506670570797,4.22775344195643,2.82951719975418,0,0,0,0,0,0,0
341800,2014,340000,30.8937343373052,54.2916513996865,85.687845570787,3.43055339108713,3.99437046557385,4.45071099023387,0,2.72321799413377,0.309506790564689,1.08024940058918,0.11315573202514,4.35670882668959,0,6.51664443426403,11,0.709384945516815,15.191875522038,4.88095148166521,2.95271042262395,0,0,0,0,0,0,0
341800,2015,340000,24.5852509409801,42.6082915530534,67.7586057310805,3.20214670788849,3.75204887173154,4.21595147355418,0,2.84437978845344,0.309876763707805,1.11792015900702,0.118698059085878,4.4188406077966,1,6.63502199424511,11,0.723159109939358,14.7984466032023,6.60702586045336,3.31896408130639,0,0,0,0,0,0,0
341800,2016,340000,22.8650719186185,39.4584295569152,62.6007624418471,3.12961050246341,3.67524770144758,4.1367774576141,0,2.96773336631724,0.310714285714286,1.16626896806059,0.0946649886636118,4.38202663467388,1,6.71817850394931,11,0.712740963302463,15.548904857205,7.20447252020972,3.15392365241247,0,0,0,0,0,0,0
341800,2017,340000,22.6394298178157,38.8642105170205,62.2898781057634,3.11969306829239,3.66007378900669,4.13179894238123,0,3.03797272296155,0.310714285714286,1.21793333915093,0.08705625577589,4.76217393479776,1,6.78786970010895,11,0.72252694611064,15.5548503359277,4.9472243248083,3.10305549849919,0,0,0,0,0,0,0
341800,2018,340000,19.7557855095608,33.6771862143638,54.8192261854082,2.98344638564236,3.51682064117991,4.00404097522245,0,3.11415911895562,0.308243727598566,1.2697629015331,0.0929826971085473,5.4380793089232,1,6.89245137812264,11,0.721932421008984,15.5550320861985,4.74848692701567,3.04688764387324,0,0,0,0,0,0,0
341800,2019,340000,19.3383589153919,32.6556435185062,52.5157374513916,2.96209063199833,3.48601768974462,3.96111288565712,0,3.18344870273081,0.308243727598566,1.38511568389716,0.082632870411845,4.65396035015752,1,6.97769641207074,11,0.720924723826483,15.664796562354,4.21290514103905,2.91768934479801,0,0,0,0,0,0,0
341800,2020,340000,16.6379405666895,27.6431695238708,45.0962443738299,2.8116856637126,3.31937866395582,3.80879896973368,0,3.24882229990715,0.30990990990991,1.40732867260477,0.0833000334305893,5.12989871492307,1,7.03763558569982,11,0.717298622411418,15.5784344130564,5.87498034071191,2.87382342301916,0,0,0,0,0,0,0
350100,2011,350000,23.2684652679417,35.4581779308128,56.36339281419,3.14709902189216,3.56835391553604,4.03181988419287,0,5.91088024852071,0.292577764089929,1.52711359524019,0.600508293680152,5.25749537202778,0,7.44095118573492,19,0.709793895938014,18.9424620007455,3.6712075926565,4.042522552467,0,0,0,0,0,0,0
350100,2012,350000,20.8529437852361,32.4233490366071,51.1750433559154,3.03749512701896,3.47887881253328,3.93525197875589,0,6.09050004610467,0.293148176407752,1.59762648617444,0.464785899437071,5.4971682252932,0,7.59113269145108,19,0.728142858239321,19.1355517427821,5.50116891383551,3.75247429348995,1,0,0,0,0,0,0
350100,2013,350000,23.2069850504997,35.3080643365583,57.2935650879837,3.14445331311977,3.56411138930876,4.04818831528491,0,6.42831385106584,0.297177726926011,1.66343485378315,0.416222569049205,5.66988092298052,1,7.7397347833684,19,0.733198900176929,19.4968223765637,3.81235838068929,3.79996333097816,1,0,0,0,0,0,0
350100,2014,350000,23.4166386505206,35.6440192873721,57.6366845458922,3.15344682312598,3.57358137086165,4.05415924945429,0,6.64807047531493,0.29248777596681,1.71259316394538,0.41196385249837,5.63121178182137,1,7.86452574111075,19,0.729295606567309,19.8283703115964,4.79826164904952,3.64237107226513,1,0,0,0,0,0,0
350100,2015,350000,18.0277876193249,28.5371667848219,46.5648218765417,2.891914324158,3.35120733539079,3.84084536070144,0,6.79521320468528,0.294769738781768,1.77712692285448,0.369590801279987,6.18001665365257,1,7.96526311357882,19,0.74057692358127,19.6657466608856,5.26243809504683,3.74657380093603,1,0,0,0,0,0,0
350100,2016,350000,16.4644807130126,26.3870153405462,43.5409528846747,2.80120537649177,3.27287204599662,3.77370194083736,0,6.99235969856543,0.295487627365357,1.8369270094589,0.339321315223862,6.72743172485086,1,8.01721140812018,19,0.732049453487763,20.098116303885,6.60340501480531,3.77024691806616,1,0,0,0,0,0,0
350100,2017,350000,16.4201687879236,26.0074771813951,43.4541650635263,2.79851038338214,3.25838408057697,3.77170670588655,0,7.21913776806175,0.402597402597403,1.90075101251293,0.331089197239108,6.96979066990159,1,8.09199203267842,19,0.734259342918029,20.1181375345892,4.45011241055727,3.8079205298757,1,0,0,0,0,0,0
350100,2018,350000,14.5476909114311,23.5201404476942,39.4540988005812,2.677432280778,3.15785709442817,3.67513794051536,0,7.39981885747935,0.405405405405405,1.95446629618304,0.314121564439801,7.1708884785125,1,8.16824008243536,19,0.73792198071113,19.9741036395338,4.29247481665489,3.64178230886363,1,0,0,0,0,0,0
350100,2019,350000,13.2218154490773,21.6512212865217,35.5832110458583,2.58186815094658,3.07506186332038,3.57187392678437,0,7.52575113121789,0.408450704225352,2.08960649769612,0.270144701849559,6.92559519711047,1,8.24163204727347,19,0.745397802499624,20.0067217035372,3.94695104266027,3.73824260028361,1,0,0,0,0,0,0
350100,2020,350000,11.6757336836206,19.4587643384347,33.4250811266894,2.4575126438606,2.96829757723074,3.50930655011115,0,7.73171096162961,0.412421493370551,2.13416954044125,0.248652688640658,7.16549347506085,1,8.32838668576713,19,0.735506594181061,20.3410137737813,3.26874468810291,3.80992496867127,1,0,0,0,0,0,0
350200,2011,350000,26.324114332272,39.8980549911065,63.7895772641031,3.27048541385568,3.68632757561758,4.1555898112387,0,17.9419344004561,1,2.26030452227566,1.78544034905895,5.11198778835654,0,6.5607423066757,10,0.663345235089461,20.8961940260226,2.75337907482448,3.48679244629974,0,0,0,0,0,0,0
350200,2012,350000,24.3883255845229,37.3095907313364,58.6363456201189,3.19410455815011,3.61925041776353,4.07135473674357,0,18.4603951861756,1,2.3060910005074,1.66915797802263,5.41610040220442,0,6.6970585398537,10,0.688833326101303,21.1361877302781,3.6933265342139,3.24347822221105,1,0,0,0,0,0,0
350200,2013,350000,24.0523284066461,36.6898547763042,60.4650462735767,3.18023180711064,3.60250028023192,4.10206545053219,0,19.2342089274785,1,2.3215070021997,1.72631235324648,5.62040086571715,1,6.68639150350074,10,0.686940473814805,21.3525702696468,4.88131540958484,3.24208981790001,1,0,0,0,0,0,0
350200,2014,350000,25.1371094794469,38.4320369002055,62.1972909228846,3.22434521960055,3.64889140603984,4.13031144450216,0,20.069336389163,1,2.35583493611745,1.56801869427293,5.91620206260743,1,6.83158039318961,10,0.670392848551273,21.6268446335282,3.57923853506789,3.13209191817275,1,0,0,0,0,0,0
350200,2015,350000,20.3865188024705,31.7558726919782,51.653510146045,3.01487383938103,3.45807767491095,3.94455815348966,0,20.5295519300432,1,2.37373926161767,1.49491024885141,6.09807428216624,1,7.02087302479076,10,0.682500002284845,21.7585774344565,4.61905664642897,3.20759139502624,1,0,0,0,0,0,0
350200,2016,350000,18.9687286626141,29.7225855945961,49.0558033426907,2.94279176338871,3.39190721453769,3.89295849384842,0,21.0857270697007,1,2.39941285158769,1.35508332630624,6.26149168432104,1,7.14158526190106,10,0.682630948722363,21.8038306476737,6.87142907647914,3.24368188671115,1,0,0,0,0,0,0
350200,2017,350000,18.1600420476663,28.3104242917313,49.0158451284443,2.89922368857059,3.3432300863563,3.89214361580608,0,21.702155910916,1,2.43513604288179,1.3526095594314,6.58892647753352,1,7.19782321126138,10,0.660202381511529,22.0544510397294,3.2692102709445,3.35478820114444,1,0,0,0,0,0,0
350200,2018,350000,16.469076072449,25.9658794800717,46.0190417599232,2.80148444501122,3.25678334847584,3.82905526213757,0,22.2555415273532,1,2.458885290932,1.25712950106197,6.79122146272619,1,7.25964404931745,10,0.660523809492588,22.0601370617296,3.37482180562336,3.2544888744852,1,0,0,0,0,0,0
350200,2019,350000,15.8712998178786,25.0018072187942,42.2152891629599,2.76451243527249,3.21894811100726,3.74278245786609,0,22.5332106686989,1,2.58751588215445,1.07197081777096,6.77536609093639,1,7.33303713299634,10,0.692833336691062,22.182079215485,3.50966390859944,3.25826632600605,1,0,0,0,0,0,0
350200,2020,350000,12.7505908917022,20.4822797278218,36.7992363241168,2.5455776149778,3.01956010881132,3.60547709289751,0,22.9342883173094,1,2.60294602936937,1.08308093577106,6.93147180559945,1,7.41246418452246,10,0.686357143024603,22.3576613255953,1.84603599779364,3.3011526581923,1,0,0,0,0,0,0
350300,2011,350000,22.9374514617622,35.1030471320922,55.5254060415798,3.13277100970409,3.55828793958392,4.01684068252421,0,7.91869063955434,0.665849923430322,1.10396329080119,0.285779725455137,3.3322045101752,0,6.08257810462233,6,0.719951126136278,17.9999292882271,3.61614034072531,4.42251121711652,0,0,0,0,0,0,0
350300,2012,350000,20.8904978643921,32.4245114617003,50.6058140835195,3.03929440795045,3.47891466337197,3.92406647252895,0,8.05501908851342,0.666261767385363,1.1744459480043,0.232042473186067,2.77258872223978,0,6.31260427514608,7,0.73922556795572,18.2945531354432,5.24528442129276,4.22984240173384,0,0,0,0,0,0,0
350300,2013,350000,22.5176638789254,34.4515099293564,55.970095880209,3.11430006249653,3.53955282608862,4.0248175459661,0,8.32958541290197,0.666965888689408,1.22615104296345,0.220163911321504,2.56494935746154,0,6.54809491832475,7,0.742785712606029,18.5666358523484,4.20588198610229,4.23933005548552,0,0,0,0,0,0,0
350300,2014,350000,22.8656236207173,35.1374798039607,56.7238968710048,3.12963463076902,3.55926836146082,4.03819558351348,0,8.6989329066647,0.669402110199297,1.28409636023676,0.214394331348041,2.77258872223978,0,6.73875598287505,7,0.736097743636683,18.8695284787906,4.48663661784326,4.02190965525118,0,0,0,0,0,0,0
350300,2015,350000,18.2092513131855,28.8206264459601,46.3988548916369,2.90192977884629,3.36109132683619,3.83727477986813,0,8.921898706076,0.670045895544065,1.34860836479296,0.180374086677416,2.83321334405622,1,6.93574052684865,7,0.734883460559343,18.8017596899965,5.05487667253172,4.20901559048423,0,0,0,0,0,0,0
350300,2016,350000,16.3737286433886,26.2613475062848,42.4256016511101,2.79567813840876,3.26809818158269,3.74775199254266,0,9.2239561706107,0.671428571428571,1.3981209187212,0.16523775341541,3.63758615972639,1,7.03326279932328,7,0.744875934563185,19.0806027825516,6.61602682371004,4.26210303432345,0,0,0,0,0,0,0
350300,2017,350000,16.1311349951401,25.6095028963084,42.6893244562634,2.78075125513834,3.24296348949233,3.75394887624231,0,9.55065213815506,0.673239436619718,1.43837338882727,0.180060853010327,3.73766961828337,1,7.15193566069407,7,0.733951127842853,19.1627463356695,4.20945594178774,4.23385956364695,0,0,0,0,0,0,0
350300,2018,350000,14.6862774705541,23.6231418021102,39.7193411810562,2.68691355239269,3.16222681640749,3.68183825245976,0,9.72694051216339,0.675,1.47649580279325,0.166471581992564,4.0943445622221,1,7.23620980277268,7,0.735868425745713,19.04513368071,4.28074201032632,4.03718282768958,0,0,0,0,0,0,0
350300,2019,350000,13.6904697274282,22.1966465395079,36.6897995385331,2.61669995043037,3.09994122068909,3.60249877469822,0,9.82220478943972,0.675824175824176,1.57206687883429,0.151646904430669,4.15888308335967,1,7.28451652944386,7,0.751537592787492,19.1768235337433,3.72930261469419,4.21677203035759,0,0,0,0,0,0,0
350300,2020,350000,11.6874512967749,19.3358584015379,33.818083371311,2.45851572748526,2.96196132032606,3.52099567040715,0,10.058789630664,0.677154582763338,1.57974575972253,0.238238811085016,4.23410650459726,1,7.25633693149335,7,0.74366540893128,19.3436653180944,3.03258312932796,4.24799825096858,0,0,0,0,0,0,0
350400,2011,350000,23.1184836139397,36.1133658504512,57.1025224760312,3.14063245402085,3.58666304197986,4.04484829214911,0,0.684761077166099,0.103145574250183,1.32895049265685,0.0946104042516634,2.70805020110221,0,6.36012607740964,9,0.740839346490725,18.3619677700363,3.72257398002872,2.34397162849692,0,0,0,0,0,0,0
350400,2012,350000,20.804726256569,33.5379805377387,52.5584905239074,3.03518018476935,3.51267854401998,3.96192665466021,0,0.737198989455364,0.102844638949672,1.38392417489993,0.11231571807684,2.70805020110221,0,6.50596988515192,11,0.75907263029304,18.5410035799891,6.10606550732642,2.36575382287721,0,0,0,0,0,0,0
350400,2013,350000,24.8322783308314,38.7041896147767,60.7809385467315,3.21214435249274,3.65594785295594,4.10727622907281,0,0.805906682930178,0.101615798922801,1.43021974248919,0.06843992418793,2.56494935746154,0,6.68404815308593,11,0.768771524782534,18.8923938039316,4.3167541648183,2.36934609765893,0,0,0,0,0,0,0
350400,2014,350000,25.2964699768248,39.0733873291242,60.6971615432989,3.23066485939102,3.66544160428822,4.10589693491769,0,0.834355288760403,0.0996478873239437,1.47846239229364,0.0774148460079655,3.43398720448515,0,6.85743769304709,11,0.761717170577258,19.0843206039366,5.20458276572092,2.31171779731408,0,0,0,0,0,0,0
350400,2015,350000,16.4017048328322,27.2623240999163,44.4771932459595,2.79738528264887,3.30550567941766,3.79497654646662,0,0.8707506952275,0.0994298183865972,1.52096040175305,0.077160539584378,3.36729582998647,1,7.03370063043419,12,0.771933621429032,19.0822561204101,6.24319175437492,2.39394607170051,0,0,0,0,0,0,0
350400,2016,350000,15.2786263541769,25.77699205946,41.5211224595606,2.72645488141043,3.24948231341357,3.72620227268202,0,0.899371716850634,0.0975609756097561,1.56711111060356,0.0773662124466214,3.73766961828337,1,7.13317425156376,12,0.779328042208546,19.1423930955768,7.03352251348395,2.45425481086997,0,0,0,0,0,0,0
350400,2017,350000,15.4118149266074,25.5875552459692,40.5905069860856,2.73513441829623,3.242106110085,3.70353422119127,0,0.93630788194095,0.0972222222222222,1.63049027381888,0.0743432671417896,3.63758615972639,1,7.24580001808266,12,0.773806155129314,19.4071734442805,4.50981979656479,2.44982949462959,0,0,0,0,0,0,0
350400,2018,350000,13.5022930832173,23.0699219289944,36.7341700035773,2.60285952903624,3.1385296880878,3.60370738465821,0,0.958189013477586,0.0968858131487889,1.68939416312333,0.0744848717286788,3.95124371858143,1,7.32204593732692,12,0.779528620869222,19.180965538619,4.95115793701138,2.36256317064697,0,0,0,0,0,0,0
350400,2019,350000,12.5238117170098,21.7124968773958,33.7737422300741,2.52763176957678,3.07788798775125,3.51968364348073,0,0.974309890114713,0.100346020761246,1.76130466294373,0.0701612607976104,4.0943445622221,1,7.39818844513178,12,0.77498268398773,19.4365455987906,4.94721960166553,2.40321498488618,0,0,0,0,0,0,0
350400,2020,350000,11.2578221688788,19.7593447640796,32.3580561336198,2.421063190939,2.98362653205736,3.47686302034954,0,1.00115189423827,0.149305555555556,1.79143160166709,0.0422959314394335,3.95124371858143,1,7.46186880671693,12,0.775517554997595,19.3601134960764,4.3394223358361,2.45786827768672,0,0,0,0,0,0,0
350500,2011,350000,23.42626339981,35.888767412502,57.484357942848,3.15385776049338,3.58042436108974,4.0515128750183,0,7.57146860795408,0.14967367657723,1.58533279393413,0.258191188657099,3.89182029811063,0,6.86432657252563,13,0.684373537292246,17.3653240216349,3.68427978974916,4.23581498972577,0,0,0,0,0,0,0
350500,2012,350000,21.3517087444202,33.3331846871977,52.4002344266452,3.06113177133947,3.50655343792597,3.95891106510793,0,7.71800710531989,0.149740334679746,1.6437770835794,0.33521785989448,4.43081679884331,0,7.09185962262886,15,0.709600700706732,17.7600959665786,4.91955310948871,4.20651054363946,0,0,0,0,0,0,0
350500,2013,350000,23.0411568213425,35.315546353813,57.2500154871589,3.1372820438269,3.56432327361232,4.04742791295237,0,7.92622913136225,0.149395877754087,1.69472682058665,0.346174975175409,4.69134788222914,0,7.28920428927618,15,0.713666276120749,17.8808266391679,4.86000559624411,4.16468508471858,0,1,0,0,0,0,0
350500,2014,350000,23.5501999340283,36.1689971618222,58.3479420804796,3.15913431019405,3.58820231989046,4.06642408956699,0,8.16235637498226,0.148561854230662,1.7489587809385,0.330565038385103,4.89034912822175,1,7.44133051785171,15,0.708309135231815,18.1491675355904,4.47739246603509,3.92466117873413,0,1,0,0,0,0,0
350500,2015,350000,18.0837636212579,28.8099780281832,47.1925151208173,2.89501449819331,3.36072178645065,3.85423530206791,0,8.28771322358297,0.148813066648211,1.79835261415773,0.273869166962887,5.83188247728352,1,7.61115233503806,15,0.715697891155227,18.2715419628519,5.02165583907305,4.13994580756404,0,1,0,0,0,0,0
350500,2016,350000,16.383539662695,26.5625040413953,43.457919557197,2.79627715170304,3.27950059883127,3.77179310339247,0,8.44121599031549,0.150684931506849,1.84469326013692,0.232576888501113,5.95064255258773,1,7.69279003949918,16,0.719336065112567,18.2867646955372,6.97632042325827,4.23981066099853,0,1,0,0,0,0,0
350500,2017,350000,16.2603137119247,26.0531494324807,43.7028334432046,2.78872739740985,3.26013866041103,3.77741293851689,0,8.67024256758811,0.150943396226415,1.90449729838966,0.207071471888559,6.27476202124194,1,7.74688453465402,16,0.711951990596584,18.5143021741073,4.04006565849621,4.11426394548484,0,1,0,0,0,0,0
350500,2018,350000,14.7862846665451,24.0930111900947,40.6637893286117,2.69370003938737,3.18192180632851,3.70533799934748,0,8.84532012732418,0.15364238410596,1.95751406058126,0.219744369421587,6.74170069465205,1,7.84526674240992,16,0.717833723201126,18.4000286710037,4.46986618899102,3.89750767306883,0,1,0,0,0,0,0
350500,2019,350000,13.810055699864,22.6899546318086,37.251047191956,2.62539700071242,3.12192229931018,3.61768005696615,0,8.93880019920378,0.155059132720105,2.07913795970567,0.212636576337178,6.27852142416584,1,7.89357672652665,16,0.736098362285583,18.6856704385998,3.70059938866402,4.13327007721628,0,1,0,0,0,0,0
350500,2020,350000,11.8357249397063,19.8170353376932,34.2875019147008,2.47112249497309,2.98654193838443,3.53478091210625,0,9.12888142681512,0.157310704960836,2.08756658408648,0.193555076103495,6.28226674689601,1,7.85407255275106,16,0.724016392572981,18.6629551167088,3.0193306022902,4.15115575398748,0,1,0,0,0,0,0
350600,2011,350000,24.5859863036115,37.6606521599729,59.1083899471121,3.2021766181642,3.62861584012561,4.07937287621649,0,3.86623402474542,0.11686143572621,1.19751579157516,0.354941010548729,3.04452243772342,0,6.51314149956318,13,0.690847681452896,20.7268045024478,3.16452763092123,2.78465347708406,0,0,0,0,0,0,0
350600,2012,350000,22.656444032931,35.3252735804504,54.4421839311089,3.1204443162304,3.56459867321011,3.9971392932738,0,3.98951378845221,0.117512953367876,1.26989715219738,0.307541939758545,3.40119738166216,0,6.78464421259119,14,0.724093658837262,21.0342220483976,4.09906402242612,2.55984267284608,0,0,0,0,0,0,0
350600,2013,350000,24.3715496820463,37.4492965379231,58.8059955885714,3.19341645535876,3.62298792575271,4.07424381549845,0,4.1269527681694,0.117466802860061,1.31844526203064,0.269855582154329,3.61091791264422,0,6.93416674739273,15,0.726807946400927,21.1207256871944,5.04754073513427,2.60863191451568,0,0,0,0,0,0,0
350600,2014,350000,24.8417257376121,38.1793493593244,59.323257923798,3.21252472879104,3.64229477675178,4.08300143693151,0,4.29405427424488,0.117611580217129,1.38354767619705,0.27757604207624,3.63758615972639,0,7.11877263913583,15,0.716527910422016,21.4693310538086,3.94260584277916,2.51957921872993,0,0,0,0,0,0,0
350600,2015,350000,19.3924299641394,30.831180057895,48.9411011269395,2.96488278188427,3.42852651745146,3.89061755729022,0,4.41649486794202,0.11804891650733,1.45153015070931,0.210040554926633,3.63758615972639,1,7.30824249044372,15,0.720922423514309,21.6876439331865,4.95445351492022,2.54706978153,0,0,0,0,0,0,0
350600,2016,350000,17.5159510431156,28.2759335151861,45.7797630927931,2.86311195395441,3.34201103702521,3.82384213960481,0,4.55972981001404,0.118110236220472,1.52581728948513,0.18688264647621,4.43081679884331,1,7.41111000228965,15,0.730564805253452,21.5547487136775,7.11218926761693,2.56351084196911,0,0,0,0,0,0,0
350600,2017,350000,17.5902204049305,28.0616289437656,46.4695078265499,2.86734308879777,3.33440312515491,3.83879635183249,0,4.74484502485614,0.120622568093385,1.58131942563862,0.179065367838015,4.66343909411207,1,7.53251103686499,15,0.730401136425157,21.8878231666181,3.84881160832495,2.62474405036934,0,0,0,0,0,0,0
350600,2018,350000,15.598908705023,25.3919634073553,43.3441468883569,2.74720095700232,3.23443272267382,3.76917167423412,0,4.8521307771077,0.120921305182342,1.63092112162287,0.176241074170825,5.03695260241363,1,7.6060682728957,15,0.720403974222032,21.7972374764233,4.21409476077169,2.53600862931332,0,0,0,0,0,0,0
350600,2019,350000,14.8264879002538,24.200194049721,39.8516204860848,2.69641530411433,3.186360651714,3.68516306905398,0,4.91329773687938,0.122605363984674,1.76871236133293,0.153412183695817,5.01727983681492,1,7.5942835193927,15,0.741518446546517,22.0694460173437,4.04299613204482,2.5548812157749,0,0,0,0,0,0,0
350600,2020,350000,12.3933628762272,20.7037679966067,36.6880553222038,2.51716107739539,3.03031571252767,3.60245123402446,0,5.05398672248143,0.233778625954198,1.72663915492633,0.177899381787509,4.85981240436167,1,7.26364079084513,15,0.733491012197457,22.1900181970345,2.72682342970578,2.6305871114306,0,0,0,0,0,0,0
350700,2011,350000,24.2074068922707,37.3610558135598,59.211305050046,3.18665865626134,3.62062887349558,4.08111248734193,0,0.584821261437313,0.158583280153159,1.02527993665248,0.106405011600885,1.79175946922805,0,6.03859934804912,8,0.746827571628393,18.701262692282,3.66252179865966,1.66128918890029,0,0,0,0,0,0,0
350700,2012,350000,21.6898225164749,34.5914516421154,54.7528470780754,3.07684314207017,3.54360658917214,4.00282936877062,0,0.625499594912167,0.158330678560051,1.07983677680099,0.121264212478161,2.83321334405622,0,6.28367352167653,10,0.75989795930184,18.5090116031941,6.75758590158212,1.60596360853306,0,0,0,0,0,0,0
350700,2013,350000,26.3243551465633,40.592411929362,64.0543020114026,3.27049456186297,3.70358115084845,4.15973119254155,0,0.689425136983671,0.158227848101266,1.13050654987879,0.093557045543713,2.56494935746154,0,6.56685240643335,10,0.769853394337368,19.1426255592101,4.74653250051187,1.66348177657515,0,0,0,0,0,0,0
350700,2014,350000,26.5656824832575,40.5880077300701,63.279961287659,3.27962025064225,3.70347264686892,4.14756871169655,0,0.716039371667034,0.157581453634085,1.19105042539019,0.0795373203595255,2.77258872223978,0,6.75781212956924,10,0.762862557398682,19.2096539658713,6.41812617746625,1.68359235360708,0,0,0,0,0,0,0
350700,2015,350000,17.0696652745763,28.1340589726947,46.0522798261002,2.83730292762618,3.33698090546947,3.82977726910018,0,0.746068586013113,0.268211092352904,1.24824825788496,0.0573438673741626,4.15888308335967,1,6.95931260912518,11,0.780825491723097,19.20213264082,7.20654927046363,1.66319828377377,0,0,0,0,0,0,0
350700,2016,350000,15.9002595925601,26.5528548008705,42.8663351920556,2.76633543566902,3.27913726736402,3.7580867904163,0,0.772799279381062,0.26791277258567,1.29650655032068,0.0574180673764111,3.2188758248682,1,6.89889370290192,11,0.783849229965544,19.4583853999605,7.33700742634861,1.73514159609015,0,0,0,0,0,0,0
350700,2017,350000,16.3304650493834,26.7409225495708,42.3357326962283,2.79303238479999,3.28619507181055,3.74563147404801,0,0.806082486384695,0.269592476489028,1.35043136967621,0.0600759135865034,3.36729582998647,1,7.01831947906067,11,0.777983339812943,19.6368765069115,5.16454452033466,1.69990565235177,0,0,0,0,0,0,0
350700,2018,350000,13.6055793860353,23.2036063913481,37.6750301383339,2.61047995758609,3.14430771449443,3.62899754446802,0,0.828394600249228,0.26875,1.39560554091487,0.0626169507841616,3.25809653802148,1,7.08014156182833,11,0.783674717818335,19.5191318994226,4.6617329986531,1.70154767575041,0,0,0,0,0,0,0
350700,2019,350000,12.629164330437,21.8243146241954,34.2372642103798,2.53600876872895,3.08302469798838,3.53331464768355,0,0.850244304630846,0.270440251572327,1.4709868595851,0.0612997787364459,3.52636052461616,1,7.06835560581914,11,0.775257392457901,19.6375751402938,5.7603053602549,1.6277946239152,0,0,0,0,0,0,0
350700,2020,350000,11.4983714078853,20.0247643527449,32.5938299256436,2.44220540863499,2.996969725232,3.48412300437502,0,0.889107252728327,0.270142180094787,1.47662803919006,0.0620790547948075,4.0943445622221,1,7.06444061588211,11,0.777940857862245,19.7646717557035,5.00837361606111,1.57581006214629,0,0,0,0,0,0,0
350800,2011,350000,22.4104758707264,35.225002180248,55.4620242910629,3.10952852233644,3.56175611967965,4.01569853954069,0,0.953613045137467,0.164689935615046,1.29123708926142,0.124914380781683,3.36729582998647,0,6.19014859244656,8,0.747220139034459,19.6093938952086,3.69314669141726,1.68407908462433,0,0,0,0,0,0,0
350800,2012,350000,20.1678808485657,32.6428342522433,50.6437205829478,3.00409128192319,3.48562536003451,3.92481524636429,0,1.00762388295606,0.164931138730265,1.34213175828728,0.160658800963246,3.29583686600433,0,6.39109367506243,9,0.766072598881409,19.9812355185272,5.43027602887302,1.63125847370865,0,0,0,0,0,0,0
350800,2013,350000,23.3266662991413,36.7033354237981,57.0260758658117,3.14959718251584,3.60286763441311,4.04350863455647,0,1.07974393103861,0.164573694646398,1.36888415577114,0.134623777129189,3.63758615972639,0,6.65726341476433,9,0.773833136822357,20.1454645564334,4.20945900580374,1.75419099548901,0,0,0,0,0,0,0
350800,2014,350000,23.9419932270879,37.4753799529493,58.0345573845704,3.17563395594082,3.62368418277514,4.06103865009331,0,1.12126272355241,0.164441549983719,1.41863946056375,0.150172852788936,4.0943445622221,0,6.82920265181987,9,0.766980677598812,20.4457414352163,4.19649135864931,1.69438352040419,0,0,0,0,0,0,0
350800,2015,350000,16.8640235273404,27.8613194782734,44.7301319906578,2.82518256748016,3.32723932825936,3.80064736827112,0,1.17661638531747,0.328818928178939,1.46633182371016,0.132779627926305,4.60517018598809,1,7.0274258202298,10,0.776813819027338,20.5286297726107,5.71562885802468,1.70452572837257,0,0,0,0,0,0,0
350800,2016,350000,15.1058060433088,25.4939105190933,40.9320805200777,2.71507917609671,3.23843962047355,3.71191412038953,0,1.22965793120287,0.328025477707006,1.51106864902374,0.13038257813611,4.60517018598809,1,7.1545711729652,10,0.780370022918357,20.3538043963193,7.31538570037917,1.71974645313785,0,0,0,0,0,0,0
350800,2017,350000,15.4374654379066,25.6542524943357,41.0622571884404,2.73679737554563,3.24470934712811,3.71508938300824,0,1.27503970668942,0.329113924050633,1.57040849502008,0.120260258516086,4.33073334028633,1,7.25402307010024,10,0.775877634277109,20.7462110218847,4.31793520594001,1.77638716427292,0,0,0,0,0,0,0
350800,2018,350000,14.0557236538444,23.78868412832,38.7225821400302,2.64302969032189,3.16921001081873,3.65642294768564,0,1.30405699739175,0.332288401253919,1.62297758026258,0.118301009269255,4.72738781871234,1,7.33918348933545,10,0.777950233611904,20.5033940595991,5.00378736023739,1.70986299552852,0,0,0,0,0,0,0
350800,2019,350000,12.7670683048398,21.9926664205815,34.8569115120423,2.54686906693276,3.09070905326766,3.55125143926626,0,1.32859663218809,0.336477987421384,1.7065814883556,0.113362239979838,4.94875989037817,1,7.38843400575065,10,0.782831965655577,20.8140415976763,4.91175851824987,1.69695566620931,0,0,0,0,0,0,0
350800,2020,350000,11.3629667356002,19.8463787975375,33.6982908100998,2.43035953550047,2.98802156215548,3.51744711827093,0,1.38265948079334,0.340157480314961,1.76082106311587,0.117555808294749,5.11799381241676,1,7.40723748937012,10,0.781969554600168,20.9005944865654,3.95078907630621,1.72956937858594,0,0,0,0,0,0,0
350900,2011,350000,22.3356623582503,33.8865307371851,54.0676301861855,3.10618460998336,3.52301761204568,3.99023567380729,0,1.12248666145043,0.132941176470588,0.998420787319894,0.11441257721625,2.19722457733622,0,5.63338524058322,8,0.725960171764547,18.8861960776147,3.67340814736489,2.41375380184368,0,0,0,0,0,0,0
350900,2012,350000,20.0669961893381,31.1813055182999,49.3454957012678,2.99907648490742,3.43981873312833,3.89884648919653,0,1.17971331402288,0.134385042360502,1.07422377900473,0.143500313861934,2.89037175789616,0,5.92896017929869,9,0.744844873441509,18.9107909858548,6.03333610612304,2.24359110563641,0,0,0,0,0,0,0
350900,2013,350000,23.9340495972204,36.0883328706101,57.3194856975614,3.17530211439871,3.58596962392218,4.04864063044172,0,1.28809367124901,0.13536866359447,1.14363740552467,0.162868670994362,2.39789527279837,0,6.3014822551269,10,0.747432952461067,19.4357488859544,4.51776822131613,2.33786920145826,0,0,0,0,0,0,0
350900,2014,350000,24.4514197884181,36.5658528260376,57.5891722144975,3.19668828329089,3.59911482201273,4.05333456764375,0,1.34187276863208,0.136002271436684,1.19926150909758,0.17927961668953,2.89037175789616,0,6.50877224990392,11,0.743595672195608,19.612636626634,5.63126289056438,2.27513397275181,0,0,0,0,0,0,0
350900,2015,350000,17.1172800163747,27.2616724051792,44.6384850879231,2.84008848054301,3.30548177453985,3.79859638129477,0,1.38898475026815,0.137939928923535,1.26092552774206,0.177802340415525,3.3322045101752,1,6.61544499914075,11,0.753885187620034,19.5359401937124,5.97400121491619,2.28586557744113,0,0,0,0,0,0,0
350900,2016,350000,15.9150171299525,25.600551694997,41.9920685641865,2.76726313707356,3.24261390183913,3.7374807567403,0,1.4610725074746,0.139204545454545,1.3076241320541,0.157687377476279,4.4188406077966,1,6.57462829251694,11,0.748442594076227,20.0798980581084,6.51789856001954,2.35072572281122,0,0,0,0,0,0,0
350900,2017,350000,16.225327379074,25.6969476437888,41.6914185183653,2.78657343983337,3.24637221612344,3.73029531670041,0,1.54287421777978,0.13960113960114,1.34827758015766,0.171727541931118,4.81218435537242,1,6.58274968198345,11,0.750411149750395,20.0197634453458,4.52708342231793,2.36196601077195,0,0,0,0,0,0,0
350900,2018,350000,13.8120795270107,22.592487848885,37.2066164188579,2.62554353733123,3.11761745495539,3.61648660618574,0,1.59746856869461,0.14406779661017,1.38024721538817,0.182101717917588,4.87519732320115,1,6.64001623788353,11,0.751174025463335,19.9393882587399,4.58172514674456,2.30078400152074,0,0,0,0,0,0,0
350900,2019,350000,12.3949973184778,20.6649802143678,33.3781952876413,2.51729294914811,3.02844049051672,3.50790285109328,0,1.63863196312014,0.146067415730337,1.54486014938655,0.174245416711893,4.85203026391962,1,6.68455665141509,11,0.761189894705284,19.9206631481503,4.66827757675276,2.27453679331772,0,0,0,0,0,0,0
350900,2020,350000,11.5524892902743,19.4565872120816,32.6192880071927,2.44690093671354,2.96818568687033,3.48490377007522,0,1.71755955927947,0.148876404494382,1.59313554434568,0.193787457125899,4.99043258677874,1,6.6866208510328,11,0.749632780354447,20.2943752805451,3.78976378724795,2.2920398870889,0,0,0,0,0,0,0
360100,2011,360000,37.7270418930658,60.3325324541406,95.5742104011245,3.63037712891656,4.09987146826885,4.55990301798544,0,8.01072313050735,0.437029702970297,1.46695794161486,0.189240888667215,4.4188406077966,0,7.14446668157824,8,0.58153195561547,17.7665390216861,3.39882773944087,2.13693383923844,0,0,0,0,0,0,0
360100,2012,360000,35.4451273308525,57.5743994724901,89.7360458205018,3.56798579165072,4.05307801530047,4.49687253695728,0,8.22523830256564,0.44339436897027,1.52976790005592,0.174386894478774,4.79579054559674,0,7.28973211740576,9,0.595187969505787,17.3888892722508,6.45403289091215,2.03455341730058,1,0,0,0,0,0,0
360100,2013,360000,38.3668836859209,63.0142257551604,101.892264201973,3.64719468349692,4.14336050653874,4.62391602176278,0,8.71978331477189,0.443834542246618,1.59318961643486,0.180362553008978,5.03695260241363,1,7.45939615083135,9,0.579971800117116,18.4688599445503,4.27624209220426,2.1639022054865,1,0,0,0,0,0,0
360100,2014,360000,34.0120102100733,54.3894469665576,88.7777071795885,3.52671370371382,3.99617014545815,4.48613557320608,0,8.92245954203307,0.444465906895886,1.64919744620497,0.204712382262916,5.19295685089021,1,7.61930947546269,9,0.615701126817026,18.5055482329162,5.97766513377712,1.9743394250273,1,0,0,0,0,0,0
360100,2015,360000,27.3949845467942,43.7678171933452,69.830602715287,3.31035995090167,3.7788987800334,4.24607234800052,0,9.13965286862263,0.577481840193705,1.71556225111551,0.177046416248844,5.51745289646471,1,7.77185221657541,9,0.619398496260768,18.0922167939464,7.43510533208269,2.01451585000761,1,0,0,0,0,0,0
360100,2016,360000,26.9058231863794,42.940285575239,69.0406817852696,3.29234273851048,3.759810442993,4.23469592194758,0,9.45210840218422,0.577437858508604,1.77003096915119,0.143112070062048,6.05443934626937,1,7.88454928617285,11,0.596748119906375,18.4441700914269,5.98246655378688,2.06487778518739,1,0,0,0,0,0,0
360100,2017,360000,27.4953168368038,43.6410134058964,69.3232450672343,3.31401569332687,3.77599738264521,4.23878027660853,0,9.71628206573818,0.580952380952381,1.81596279129288,0.138141697846377,6.3297209055227,1,7.96232205568079,11,0.626152255817463,18.5705085026947,5.40555413999411,1.98993036691922,1,0,0,0,0,0,0
360100,2018,360000,21.3450795043873,33.7376905614817,60.1883078128477,3.06082124493418,3.51861562668628,4.09747811107322,0,9.93366311343974,0.584586466165414,1.85257366200377,0.149973582990822,6.48768401848461,1,8.03138272402999,11,0.603265039230648,18.4838464581614,4.99631450757293,1.97015043738489,1,0,0,0,0,0,0
360100,2019,360000,22.0018832882748,34.6649849119066,59.1913932625251,3.09112805370699,3.54573009713997,4.0807761472417,0,10.133448435576,0.585820895522388,1.88543812187006,0.189777262002652,6.52356230614951,1,8.11572459047156,11,0.586569550398149,18.5166454390425,4.89227512710272,1.93024334399706,1,0,0,0,0,0,0
360100,2020,360000,19.5032598583004,30.8251270671434,51.1310925423344,2.97058162381852,3.42833017125257,3.93439277679505,0,10.3008205790395,0.587360594795539,1.90056952064761,0.199536418187151,6.68461172766793,1,8.19515293461644,11,0.605755639311514,18.5021879435456,5.91635567990263,2.01822922684914,1,0,0,0,0,0,0
360200,2011,360000,31.2172265394121,50.8820764092075,80.4190703620506,3.44097007511974,3.92951072812856,4.38725134161682,0,2.88184729571662,0.281287970838396,1.1472579966078,0.145373857770837,1.79175946922805,0,5.50999404209391,4,0.725430671783055,17.2902676084665,4.59938735460115,1.62633824486592,0,0,0,0,0,0,0
360200,2012,360000,28.5807957812955,47.64376409699,74.369875427453,3.35273501610623,3.8637517526377,4.3090509596762,0,2.98729516109176,0.277744451109778,1.19619123035238,0.128177293613935,1.6094379124341,0,5.633423506417,4,0.734888658804052,17.1427625654875,7.3610561125618,1.54970343429131,0,0,0,0,0,0,0
360200,2013,360000,31.7661305580175,52.6720666983425,83.2191286370084,3.45840064539688,3.9640852713498,4.42147723290407,0,3.19165826798709,0.281419122068551,1.23883122091399,0.102141691340865,1.09861228866811,0,5.77720943549683,4,0.737678573412054,18.1454502560875,4.81619362572854,1.76043292757106,0,0,0,0,0,0,0
360200,2014,360000,30.8055485689327,50.7974595477811,80.2432993077628,3.42769482209674,3.927846344432,4.38506326080141,0,3.25746459437893,0.284862932061978,1.28361087082254,0.0652455212416141,2.39789527279837,0,5.91156512488115,4,0.732728989685283,18.0605628501428,6.7061853848707,1.80687280653769,0,0,0,0,0,0,0
360200,2015,360000,23.3050052332023,38.1820958264238,58.5021347201299,3.14866815437745,3.64236671009704,4.06906324451442,0,3.34410330393024,0.275595273795958,1.32092372431155,0.0647039402572641,4.63472898822964,1,6.01574543421872,4,0.755029408370747,17.788276731786,7.75003707348623,1.76622822669756,0,0,0,0,0,0,0
360200,2016,360000,21.6342971742558,35.4576146892619,55.4823674598789,3.07427988755897,3.56833803073718,4.01606526684836,0,3.526656705987,0.27810650887574,1.36304359027861,0.052671120835715,2.99573227355399,1,6.12776456364625,4,0.742245796848746,18.2309648039735,7.00310066291883,1.61472323738002,0,0,0,0,0,0,0
360200,2017,360000,21.9126094973514,35.5868290543208,55.2906118983094,3.08706224726174,3.57197559901781,4.01260312735877,0,3.69168690179769,0.27810650887574,1.33518214300824,0.0660381890361515,3.40119738166216,1,6.21281805975475,4,0.75124789686764,18.2423443888909,6.37821962315141,1.55680515767535,0,0,1,0,0,1,0
360200,2018,360000,17.5620760084239,28.4667511426629,47.3740453881042,2.86574180493344,3.34873677966286,3.8580745130804,0,3.80196993758515,0.282352941176471,1.30842855514226,0.0815266458835276,3.40119738166216,1,6.2845787494372,4,0.74897058746394,18.2206448573443,5.86922725627515,1.63904771132966,0,0,1,1,0,0,0
360200,2019,360000,17.5729586629933,28.0802525698849,46.2465769067536,2.86636128090773,3.33506657377118,3.8339874483924,0,3.88188741734345,0.280701754385965,1.36073133694921,0.0693486963928672,2.77258872223978,1,6.37073494221911,4,0.732237397747881,18.4283838366229,5.04488400150584,1.51301298848105,0,0,1,1,0,0,0
360200,2020,360000,15.4149566202691,24.6044038781833,41.4354808796274,2.73533824720954,3.2029254463546,3.72413753987207,0,3.97800786178134,0.280701754385965,1.38163671088522,0.0691259303572083,3.3322045101752,1,6.4464803994793,4,0.74859874301097,18.2869927646846,6.04230688733603,1.60850631148699,0,0,1,1,0,0,0
360300,2011,360000,29.614358889715,52.1108231747595,80.5517829304368,3.38825934133371,3.95337266566374,4.3889002438341,0,3.21444523689048,0.452968996321597,1.15275345427331,0.0724506128378225,2.39789527279837,0,5.89080929492433,4,0.713050258380395,17.3136438920391,3.3471742725994,2.33565599994549,0,0,0,0,0,0,0
360300,2012,360000,27.7148142410226,49.9497730337901,76.5539527891024,3.32196708037854,3.91101796121617,4.33799575746687,0,3.36565618416749,0.451663201663202,1.20381127726932,0.0956968165590242,2.56494935746154,0,6.14722090187166,4,0.721962964093244,17.0527542706221,5.84852376150233,2.36824945273669,0,0,0,0,0,0,0
360300,2013,360000,29.9430757609955,52.9475228569957,80.8802319048176,3.3992981045432,3.96930128827122,4.39296944197835,0,3.65625810121715,0.449896694214876,1.24452650916401,0.106557220730829,1.79175946922805,0,6.20956808822845,4,0.718984129252257,18.2903410201753,3.78758752203587,2.47448780751628,0,0,0,0,0,0,0
360300,2014,360000,29.6360304567024,52.6262263275808,80.5866878293905,3.38899086624663,3.96321459486796,4.38933347246454,0,3.74417801357037,0.444500504540868,1.27778833967761,0.105591201279649,2.99573227355399,0,6.28689648139884,4,0.725219573135729,18.1192275172247,5.29536828734688,2.31056000011995,0,0,0,0,0,0,0
360300,2015,360000,21.6936248211639,38.7521303607607,62.9916699335655,3.07701843033941,3.65718573134006,4.14300249437253,0,3.86072958457959,0.445144701018453,1.31608993966418,0.0864106984853078,2.77258872223978,1,6.41192908994654,4,0.736375659704208,17.7290298158111,5.83846556225529,2.48080253402759,0,0,0,0,0,0,0
360300,2016,360000,21.1254758650899,37.9990095684749,59.9657925570775,3.05047969914763,3.63756009539921,4.09377427559088,0,4.03937135614463,0.445,1.36604527312058,0.0925497651578362,3.09104245335832,1,6.52244749499549,5,0.736373012816465,17.9332849797653,6.19072326571303,2.58080888029091,0,0,0,0,0,0,0
360300,2017,360000,21.0309942231688,37.2833116819034,58.0779543860553,3.04599726501979,3.61854581854109,4.06178614927051,0,4.18391884996799,0.445,1.33929929292889,0.101892155777542,4.27666611901606,1,6.60158593438539,5,0.743526452117496,18.0890568615749,5.25439769383124,2.45967669578146,0,0,0,0,0,0,0
360300,2018,360000,17.5623094546965,31.3418703827754,50.4823206327504,2.86575509748046,3.44495491551642,3.92162318850655,0,4.30315463897621,0.445,1.31794660950172,0.113655013396388,4.26267987704132,1,6.66702572761061,5,0.738677250014411,18.0572099437916,4.00350187805503,2.57257195779495,0,0,0,0,0,0,0
360300,2019,360000,16.3504422890607,29.0094299311298,44.9122697358602,2.79425494829608,3.36762094716911,3.80471102547654,0,4.3940648643634,0.44,1.24972678635323,0.127496102450985,4.30406509320417,1,6.74682307527115,5,0.724058200915655,18.0928822397102,5.67023649030715,2.46214668450574,0,0,0,0,0,0,0
360300,2020,360000,14.5950444576858,25.6981252393869,40.4905713324312,2.68068205039159,3.24641804135657,3.70106914040219,0,4.53644614717002,0.441102756892231,1.27299086636205,0.148807916089418,4.35670882668959,1,6.81887079927121,5,0.736605820832429,18.1895633394815,4.51414930057887,2.57839524677966,0,0,0,0,0,0,0
360400,2011,360000,31.2878849057172,54.6127872014152,85.6743277937298,3.44323095890251,4.00026805315895,4.45055322172732,0,2.35865456045796,0.127985668789809,0.942688541808286,0.194595986323411,2.39789527279837,0,6.44673507653574,18,0.71113851044489,15.7275702963663,3.70415499225082,2.22994710806677,0,0,0,0,0,0,0
360400,2012,360000,29.2208897102532,52.0601574667807,80.4918512613591,3.37488385453296,3.95239992427911,4.3881559527338,0,2.4748847557048,0.127801808887141,0.996789050350131,0.200967650880484,2.99573227355399,0,6.60475446470855,18,0.717988199254741,15.4328891472557,6.95954675043587,2.10740297968435,0,0,0,0,0,0,0
360400,2013,360000,31.744479965261,55.9669603415481,87.415292973787,3.45771885086155,4.02476152271933,4.47067024417162,0,2.72599361645619,0.128714819917339,1.0609942797856,0.18337023884589,2.30258509299405,0,6.80640712941502,18,0.711135403876719,16.6258664535023,4.29281127982769,2.48249549473253,0,1,0,0,0,0,0
360400,2014,360000,28.4731750633772,49.9092017547061,80.9596061683894,3.348962418197,3.91020538965909,4.39395034100644,0,2.81036404518395,0.129019684272072,1.11769135664868,0.199063828975406,2.77258872223978,1,6.98006352729389,18,0.716634163001309,16.4378169610629,5.56886972064011,2.28315529716271,0,1,0,0,0,0,0
360400,2015,360000,23.6286184529315,41.6541619841479,65.6734192101038,3.16245862368055,3.72940129121101,4.18469426539389,0,2.92062936843832,0.129599876110649,1.15840943262569,0.196229826740152,3.36729582998647,1,7.13691870773149,18,0.722083851565485,16.2146609307969,6.9316540864548,2.45802846295659,0,1,0,0,0,0,0
360400,2016,360000,22.5770513152302,39.9348992591487,62.4674710723564,3.11693396185179,3.68725060974563,4.13464595841226,0,3.08126629238116,0.126923076923077,1.21135779318716,0.166022975365383,3.58351893845611,1,7.25887173144336,18,0.714965217528136,16.4760359473798,6.77207560894308,2.50230318006536,0,1,0,0,0,0,0
360400,2017,360000,22.2030159339879,38.9657552305403,60.3583590434927,3.1002281325334,3.66268318938769,4.10029944737192,0,3.23071319185153,0.192307692307692,1.27766493500999,0.142837804109433,3.98898404656427,1,7.33476266201527,18,0.732194411106732,16.5303583423494,6.39186290477559,2.39839793979845,0,1,0,0,0,0,0
360400,2018,360000,18.2359851305349,31.9504457591729,53.2080976755001,2.90339684696015,3.46418613250002,3.97421059671003,0,3.35626291063797,0.191204588910134,1.33487577680845,0.133979625100451,4.46590811865458,1,7.40291904575922,18,0.722555899360905,16.4637561631772,5.18089906346187,2.38853879071187,0,1,0,0,0,0,0
360400,2019,360000,18.6508610646822,32.2832903759538,50.2360983688582,2.92589231471209,3.47454977054758,3.91673385928873,0,3.45806621959653,0.194285714285714,1.43091957807083,0.113298620921088,4.47733681447821,1,7.47355776342356,18,0.701411801187888,16.4774169888433,4.29393368347135,2.35842275697204,0,1,0,0,0,0,0
360400,2020,360000,16.3152561389844,28.1238517970696,44.3258763451085,2.79210062952268,3.33661803469814,3.79156862266406,0,3.48546882268363,0.197707736389685,1.45818154202107,0.138647081781717,5.15905529921453,1,7.55482138105341,18,0.726468943772109,16.4357331898548,6.05220816219985,2.39613663361884,0,1,0,0,0,0,0
360500,2011,360000,35.1383534054651,58.1930831310218,89.7458831217605,3.55929322353544,4.06376650112856,4.49698215580667,0,5.58735747081164,0.722780569514238,1.62705383260876,0.291787531836779,2.63905732961526,0,5.92919906074557,3,0.654353746346065,18.214317491941,3.2883319304008,1.71285312352406,0,0,0,0,0,0,0
360500,2012,360000,32.6396402656035,55.4220084947662,84.4133220093284,3.48552750876077,4.01497678011278,4.43572523285833,0,5.78801809244437,0.72448132780083,1.65229257891306,0.186119288850149,2.484906649788,0,6.01330788125193,3,0.673006806345213,17.9197631052267,6.09727333021891,1.78805216582588,0,0,0,0,0,0,0
360500,2013,360000,35.4735207275381,59.7173431290929,91.7300530510979,3.56878652316436,4.08962248288517,4.51885005786107,0,6.07834466362472,0.730041152263375,1.64255144069909,0.152363583532501,2.30258509299405,0,6.04500914217492,3,0.673557821483839,19.0773509298567,3.84073300342445,1.91324830314253,0,0,0,0,0,0,0
360500,2014,360000,34.5548269886768,57.8296661008739,89.9122281682078,3.54254725069178,4.05750189834875,4.49883395189635,0,6.16257889849945,0.725265739983647,1.68018377851132,0.139609559467446,2.77258872223978,0,6.09541927444393,3,0.684367351588749,18.9146887234018,5.43403332080359,1.84542214608293,0,0,0,0,0,0,0
360500,2015,360000,24.6457532842187,41.3409596275025,66.3781544895245,3.20460460508762,3.72185376703458,4.19536800369872,0,6.302836577906,0.724498056994819,1.71325592202391,0.118775919728489,2.70805020110221,1,6.19025026978032,3,0.697789116984322,18.5863376340204,6.2978110550713,1.8647075561607,0,0,0,0,0,0,0
360500,2016,360000,25.3566605949647,42.6885786277447,68.0010953004756,3.23304144088917,3.75393140501165,4.21952381240632,0,6.44736000182005,0.725806451612903,1.77295946903436,0.120524361761967,3.04452243772342,1,6.28950317897773,3,0.693064624354953,18.8578944372969,6.37941524112438,1.88629752905704,0,0,0,0,0,0,0
360500,2017,360000,26.5842346193861,44.3599750513889,67.1814684346223,3.28031835659964,3.79233760006968,4.20739744215637,0,6.62666346261857,0.737704918032787,1.74855340050308,0.176206082296476,2.94443897916644,1,6.36454953959408,3,0.696976196198236,18.9668216743979,5.3432480485547,1.79034238470948,0,0,0,0,0,0,0
360500,2018,360000,21.2619694884066,35.5116159010731,58.2566931637405,3.05692000683606,3.56985985144128,4.06485898994339,0,6.78506477533035,0.72,1.69681585579039,0.159349273255219,3.43398720448515,1,6.43089675042082,3,0.692316322099595,18.9261003651735,4.29722997390895,1.88407010040186,0,0,0,0,0,0,0
360500,2019,360000,20.1909270243602,33.4435334886824,52.9718475955487,3.00523334629595,3.50985844916177,3.96976059498493,0,6.91531217429263,0.728,1.6414987530261,0.153957482233619,3.61091791264422,1,6.51342597344247,3,0.676554424422128,19.009801020303,5.94109353982865,1.7895415468645,0,0,0,0,0,0,0
360500,2020,360000,17.4555988333247,28.783816334517,46.8513199414679,2.85966044723433,3.3598132963692,3.84697918206489,0,7.04578707962865,0.724,1.66128875540208,0.166893091657712,3.8286413964891,1,6.58361327201137,3,0.692676872014999,19.1653736342975,4.97562770724609,1.85868593695036,0,0,0,0,0,0,0
360600,2011,360000,32.3398041981345,50.8463612836886,79.399481542533,3.47629879965118,3.92880856209129,4.37449183854075,0,7.86666585394472,0.187704918032787,1.1618870504416,0.650771803590276,2.30258509299405,0,5.15598027766765,4,0.663590475585726,18.3928732573108,3.89501028342861,1.79063324197795,0,0,0,0,0,0,0
360600,2012,360000,29.3809652675583,47.41057267897,73.0729938740678,3.38034702478596,3.85884525612751,4.29145885764842,0,7.9640908968539,0.187096774193548,1.21811578913019,0.567092452989969,1.79175946922805,0,5.30241485737651,5,0.674015873670578,18.1298225224861,7.36918905268735,1.74782651566926,0,0,0,0,0,0,0
360600,2013,360000,32.8887643362318,52.8363092798224,83.5341147781449,3.49313108990664,3.9671986301258,4.42525510863611,0,8.18040192147785,0.187650360866079,1.29745155880857,0.496339047645342,1.79175946922805,0,5.4642857060835,5,0.664936508735021,19.1017028271957,4.50774892270333,1.85552588519134,0,0,0,0,0,0,0
360600,2014,360000,32.5458411812301,51.5066154442515,80.6432424233456,3.48264959340196,3.94171025464821,4.39003501213755,0,8.23716546967963,0.186761229314421,1.34476950383581,0.417476182735904,2.30258509299405,0,5.61814006252528,5,0.678777776824103,19.0679235091445,6.41706760290795,1.81243486883346,0,0,0,0,0,0,0
360600,2015,360000,23.3067594772816,37.3366269360107,58.5851540733525,3.14874342482005,3.61997480023598,4.07048132102794,0,8.28699548380575,0.186547226151187,1.3812391305146,0.347559272514196,2.484906649788,1,5.7535917497697,5,0.696761904822455,18.8570364372777,7.70690532314531,1.80605616257784,0,0,0,0,0,0,0
360600,2016,360000,22.4040731628943,35.9633744293247,55.2139234107606,3.10924277995975,3.58250104361368,4.01121515717916,0,8.39021117055833,0.1875,1.42978788392898,0.338298913669774,2.77258872223978,1,5.86765541231266,5,0.678752384583155,19.1609195556071,7.0609771562413,1.8116960282141,0,0,0,0,0,0,0
360600,2017,360000,23.1513290983759,36.7975743413315,55.4669563022394,3.14205219134105,3.60543192836469,4.01578746150055,0,8.4862393476281,0.1875,1.46320833154525,0.387002752927542,2.89037175789616,1,5.94224898339557,5,0.689571429623498,19.2928200700535,5.25926627327303,1.76649105258134,0,0,0,0,0,0,0
360600,2018,360000,18.9574526828676,30.5207400308186,48.673282115326,2.94219713563138,3.41840645352788,3.88513025767862,0,8.54996182746624,0.186046511627907,1.49121954305479,0.392289610088504,2.30258509299405,1,5.99677734898395,5,0.687003176079856,19.1810195662557,5.0880767231399,1.79390451423161,0,0,0,0,0,0,0
360600,2019,360000,18.6649338955276,29.7456100244595,45.7637211619466,2.92664657073304,3.39268155890022,3.82349166286381,0,8.59676953186708,0.496124031007752,1.59028950441476,0.317076518116713,3.04452243772342,1,6.06833283624756,5,0.671542854441537,19.3371571613754,5.79814542476011,1.72647848760749,0,0,0,0,0,0,0
360600,2020,360000,16.3880130447175,26.1309940243374,40.7718089889889,2.79655015567634,3.26312212030676,3.70799088643767,0,8.70839181121688,0.496124031007752,1.62126310886898,0.341858956049945,3.98898404656427,1,6.15417474432001,5,0.679422220256593,19.4202471596126,5.47033324191955,1.76871111450174,0,0,0,0,0,0,0
360700,2011,360000,25.1983878317286,40.620240167819,62.4182563917156,3.22678001753949,3.7042664686857,4.13385780296507,0,2.05912451194529,0.0706740716541435,0.64790443910353,0.14135153375642,3.09104245335832,0,6.24129092802224,20,0.708562166494096,19.3206838178872,3.58993852995177,1.54004216867618,0,0,0,0,0,0,0
360700,2012,360000,23.0447995006352,38.1018554766757,57.7427608533025,3.13744012579334,3.64026298112206,4.05599798835497,0,2.09911408437727,0.0704650911837704,0.691472478030484,0.137771320064114,3.2188758248682,0,6.4524520394699,20,0.733833848493272,19.5093598535676,5.63208559516816,1.44532292012669,0,0,0,0,0,0,0
360700,2013,360000,25.7620999999666,41.8437844707345,63.8198057448655,3.24890441965127,3.7339432666876,4.15606357704831,0,2.18074897958096,0.0712977921378568,0.732390443269272,0.122192380616586,3.17805383034795,0,6.68160162278494,22,0.738390963414797,20.1649648395702,4.03522452642154,1.64978357219127,0,0,0,0,0,0,0
360700,2014,360000,26.265575506665,42.4228818790566,64.2238233488603,3.26825916570842,3.74768788362895,4.162374222063,0,2.22492137987398,0.161077342276252,0.763646176598587,0.129970043614275,3.8286413964891,0,6.86098082610286,23,0.736026943608211,20.451677841305,4.17894708580106,1.57667064090413,0,0,0,0,0,0,0
360700,2015,360000,19.2074219568784,31.9930220178278,49.0493843568832,2.95529676459265,3.46551781707788,3.89282763459485,0,2.28528079799116,0.160800724524531,0.797010313302811,0.13089511651331,3.93182563272433,1,7.02328581373649,24,0.744995790813667,20.1694925943702,5.89345605031996,1.59456281651834,0,0,0,0,0,0,0
360700,2016,360000,17.754147299896,29.7944858727375,46.1934817711464,2.87661913932772,3.39432333856215,3.83283870092933,0,2.36882300781274,0.161688980432544,0.84574411123698,0.123985427995484,4.68213122712422,1,7.16252378170875,27,0.747115072133733,20.1349442041567,7.06172752626002,1.62157605941239,0,0,0,0,0,0,0
360700,2017,360000,18.4361148448452,30.5161452330134,47.0265362619375,2.91431150421862,3.41825589545815,3.85071204370052,0,2.44690627279873,0.231006160164271,0.893904491768668,0.127616487410782,5.19849703126583,1,7.2505834362009,27,0.744495369069469,20.3252307784066,4.29588347062493,1.71861939330243,0,0,0,0,0,0,0
360700,2018,360000,15.9077355491898,26.7508204253872,42.9139743408134,2.766805503445,3.28656514297963,3.7591975151016,0,2.53235808418617,0.232415902140673,0.936752330755236,0.125282490411206,5.30330490805908,1,7.32324200262999,27,0.737757788542914,20.1198640585466,4.84577530488463,1.70574082925258,0,0,0,0,0,0,0
360700,2019,360000,14.2151570551592,24.0751957546439,38.053129549294,2.6543087935934,3.18118208868515,3.63898332926436,0,2.59989623202222,0.23499491353001,1.0619408641695,0.11444234929531,5.33271879326537,1,7.41030344654965,27,0.743496210729678,20.2555118565204,5.42295183881368,1.77777778419178,0,0,0,0,0,0,0
360700,2020,360000,12.7296727257374,21.642091730839,36.447529654432,2.54393570334154,3.07464010969694,3.59587368261698,0,2.68064379140848,0.236908998474835,1.09003362364087,0.137063815723793,5.76832099579377,1,7.49340010819844,27,0.746679202102725,20.5099826514871,4.27983117152274,1.90902657073875,0,0,0,0,0,0,0
360800,2011,360000,29.5101444940748,48.9300346489222,75.2714160977369,3.38473408538728,3.89039141343326,4.32110046244376,0,2.43548440386518,0.109848484848485,0.740996586103605,0.168732965935337,2.56494935746154,0,6.13807695825791,15,0.712139818081377,18.6044793195759,3.03593225835668,1.56398229169072,0,0,0,0,0,0,0
360800,2012,360000,27.2730796082052,46.2702548940323,70.333059396222,3.3059001207419,3.83449931174385,4.25324194995993,0,2.46968826528781,0.109792284866469,0.796965656001386,0.171353576290023,1.79175946922805,0,6.39277251636939,15,0.724278788133101,18.3978962164858,5.59640694041345,1.71923333149338,0,0,0,0,0,0,0
360800,2013,360000,30.0667603331572,50.5343802686773,77.1366046367494,3.40342025368909,3.92265390204344,4.3455779362131,0,2.54883743186286,0.109998035749362,0.842875599414892,0.196330725227572,2.83321334405622,0,6.45839608002365,15,0.726811255379157,19.5577866820195,3.84374767473887,1.88142511137502,0,0,0,0,0,0,0
360800,2014,360000,30.1689627975794,50.4282514983338,77.1442158259156,3.40681367397807,3.92055156363218,4.34567660290607,0,2.60473067850321,0.10955002847921,0.875013707564634,0.218922649322974,3.25809653802148,0,6.62503162478427,15,0.726518180695447,19.5791083221132,4.84362481608322,1.8605145511159,0,0,0,0,0,0,0
360800,2015,360000,21.8391151610394,36.7751595582356,56.931631446621,3.08370263545154,3.60482260524724,4.04185109961581,0,2.65741252897377,0.109680217210951,0.91065214628333,0.227421590522214,3.09104245335832,1,6.78226739777352,16,0.73836709929235,19.1528278283596,6.25885411435736,1.89039184395347,0,0,0,0,0,0,0
360800,2016,360000,21.3765103281176,36.2019998377528,55.5580779101881,3.06229267095201,3.58911436144264,4.0174289224387,0,2.79067834940788,0.110280373831776,0.954693451057403,0.228868302334018,3.91202300542815,1,6.9081519404258,16,0.736856709646456,19.3703245564978,6.60238599891011,1.89168398478742,0,0,0,0,0,0,0
360800,2017,360000,22.2707288834966,37.2487766404824,55.8542448120569,3.10327321012284,3.61761910242002,4.02274552642397,0,2.89421205297508,0.110074626865672,0.984757672047503,0.230724176023352,3.17805383034795,1,6.99161632974922,16,0.739141125480334,19.4916947420233,4.67689090887346,1.82829148171864,0,0,0,0,0,0,0
360800,2018,360000,18.3310549767127,30.8784376400494,49.3985649255914,2.90859661484422,3.43005812931864,3.89992137368267,0,2.95121611514201,0.111317254174397,1.01258409056862,0.223582339399088,4.02535169073515,1,7.05887333999737,16,0.737312987537095,19.3774670999239,4.53429211426059,1.8395764159294,0,0,0,0,0,0,0
360800,2019,360000,16.8891828658168,28.2856463505424,44.2972858021792,2.82667334988719,3.34235447988784,3.79092340660026,0,2.99293222259376,0.111111111111111,1.12071807197312,0.234243952448177,3.68887945411394,1,7.1313484919264,16,0.727856278600115,19.4957928043099,5.8633169985133,1.8067656218432,0,0,0,0,0,0,0
360800,2020,360000,15.0432107647509,25.1246848401653,40.5255916245655,2.71092677743658,3.22385082262555,3.70193366651741,0,3.05618818240389,0.111317254174397,1.14510650423929,0.242266267824032,4.89783979995091,1,7.21810198543434,16,0.735318182905515,19.742187092628,5.24914411526133,1.88834066823058,0,0,0,0,0,0,0
360900,2011,360000,32.6058489403457,55.1942983439868,85.8993224164166,3.48449168762768,4.01085965707838,4.45317594090807,0,3.03996454892334,0.189980596225084,0.784537964993756,0.0686406863760138,3.71357206670431,0,6.0958835190939,10,0.686060242743856,17.7889291818883,3.41115555426475,1.83085109537088,0,0,0,0,0,0,0
360900,2012,360000,30.4049957589267,52.684184388975,80.9444590363694,3.41460692908601,3.9643153040353,4.39376322856989,0,3.1598694815444,0.188623276915024,0.847098551706254,0.0836019809747965,2.99573227355399,0,6.09397028811193,10,0.69887320643448,17.4636115952441,6.40534523542085,1.80250359441402,0,0,0,0,0,0,0
360900,2013,360000,32.9274462967355,56.5592756659427,87.9239056705995,3.49430654393493,4.0352892150343,4.47647173211369,0,3.36545042169052,0.189932537623249,0.89115610209824,0.0885858884026245,2.70805020110221,0,6.51317839168301,11,0.692934024286079,18.6328572327012,3.89069930178383,1.98050149713302,0,0,0,0,0,0,0
360900,2014,360000,31.3517881865429,53.5992823455868,84.3478266295338,3.4452713048954,3.98153567891225,4.43494904256084,0,3.48679261226263,0.190564137004701,0.922997288022322,0.0961112198569867,3.29583686600433,0,6.68920166133634,11,0.698569709637079,18.4843417420343,5.52553741903847,1.89701206615451,0,0,0,0,0,0,0
360900,2015,360000,23.687545988866,40.6784651408847,64.2981995293911,3.16494942432323,3.70569884040181,4.16353162975342,0,3.59463518872403,0.189802174240775,0.959635013742325,0.0996228138269993,3.78418963391826,1,6.84810387575668,11,0.709033275703828,18.1741734579322,6.55458219404441,1.96071053542421,0,0,0,0,0,0,0
360900,2016,360000,23.2387555008845,40.0064496422897,62.9700241542767,3.14582138067398,3.68904068217324,4.14265880608445,0,3.78409279554678,0.191029900332226,1.00486920936602,0.0979878068726038,4.02535169073515,1,6.97118691389946,12,0.70360585101637,18.4272535994227,6.33578795343717,2.00885662420317,0,0,0,0,0,0,0
360900,2017,360000,23.7195322868857,40.4253697786864,62.0607240268696,3.1662988558443,3.69945755269867,4.12811332551469,0,3.93745979415572,0.191029900332226,1.04632718157023,0.0966376934780025,4.23410650459726,1,7.05300960498983,12,0.715585198028978,18.5335230001207,5.73587192507277,1.91558894921447,0,0,0,0,0,0,0
360900,2018,360000,19.1567214593389,32.7473205817551,54.5212389187039,2.95265364408787,3.48882114443673,3.9985903306843,0,4.03926878103066,0.191735537190083,1.08337199545381,0.0897733992562091,4.48863636973214,1,7.12296888291523,12,0.709567411596995,18.4950864027225,4.52609234543295,1.96902440461141,0,0,0,0,0,0,0
360900,2019,360000,18.5717464233882,31.4805416340119,49.8037892750709,2.92164141635933,3.44936962905595,3.90809107099678,0,4.12457341653481,0.193708609271523,1.21861396716917,0.0774857107525485,4.0943445622221,1,7.20093879788666,12,0.69103442222239,18.5714983135528,5.27674379528288,1.88684049988115,0,0,0,0,0,0,0
360900,2020,360000,16.3640683277384,27.6276930333547,44.6487070558821,2.79508797554966,3.31881864045683,3.79882534958817,0,4.20080114108635,0.194352159468439,1.24385472351547,0.087186123993254,4.44265125649032,1,7.27391281396415,12,0.707964429295207,18.6118716513939,5.22528337500769,1.94545030104605,0,0,0,0,0,0,0
361000,2011,360000,29.0788295942687,46.1537748295982,71.0141491058394,3.37001040406542,3.83197875239471,4.2628791403679,0,2.4287251828431,0.283252427184466,0.75572522453956,0.0834473883569723,1.79175946922805,0,5.84945067173098,10,0.717821713447571,18.5440390081323,3.4708402114822,2.04131774041353,0,0,0,0,0,0,0
361000,2012,360000,26.3198502466885,42.9325079522985,65.5784802167375,3.27032341672545,3.7596293001038,4.18324759665479,0,2.48424839467682,0.284346577309718,0.792568353109373,0.0807097825441788,2.89037175789616,0,6.00378285325191,10,0.722581714510918,18.2612107493978,7.16514006812757,2.00969033223361,0,0,0,0,0,0,0
361000,2013,360000,29.826359665765,48.2114330555143,74.832011892883,3.39539255506776,3.87559619325088,4.31524575991129,0,2.5900139609973,0.283841754051478,0.851642861805239,0.083027815895253,1.94591014905531,0,6.16522035940757,10,0.726096571087837,19.3970122479588,3.97708401773928,2.14151928142558,0,0,0,0,0,0,0
361000,2014,360000,29.5788013623221,47.3422917493247,72.8255081066942,3.38705793456581,3.85740401333498,4.28806627991274,0,2.65857892751197,0.28046783625731,0.891422671985083,0.0920930292595046,2.94443897916644,0,6.34181813629423,10,0.730170857787132,19.4042303291167,5.76249643032025,2.07931247553685,0,0,0,0,0,0,0
361000,2015,360000,21.0536897624086,34.3358895442821,52.9688823960331,3.04707583039277,3.53619114953614,3.96970461652383,0,2.70304250156559,0.296158084552194,0.971494169702714,0.0942420015293984,2.89037175789616,1,6.48055049040396,11,0.741165142416954,19.0149871517366,7.66235574866559,2.13169460548443,0,0,0,0,0,0,0
361000,2016,360000,20.3649131607676,33.3137814241757,51.0993571768425,3.01381347695024,3.50597116795324,3.93377191742099,0,2.79210370588832,0.27930174563591,1.01756577977881,0.101171179021998,3.40119738166216,1,6.59574801792579,11,0.73756628715992,19.3339003478049,6.82404619046427,2.15815999921973,0,0,0,0,0,0,0
361000,2017,360000,21.134720645363,34.1703895681261,51.0849496896024,3.05091721630012,3.53135946694386,3.93348992720591,0,2.8457261920949,0.280742459396752,0.988951384312742,0.102293343951158,3.97029191355212,1,6.6675883389308,11,0.740128571271896,19.3675265225188,4.78158591960854,2.24507889465323,0,0,0,0,0,0,0
361000,2018,360000,17.3079718607709,28.3794054183098,45.247056598283,2.85116719656809,3.34566372078339,3.8121376204785,0,2.89834804440708,0.395833333333333,1.00619572666808,0.102909820693962,3.49650756146648,1,6.7348424434444,11,0.744846858143806,19.177696577388,4.88049855691734,2.22831724478579,0,0,0,0,0,0,0
361000,2019,360000,16.4932707744184,26.8687973525323,41.6220297763082,2.80295246586708,3.29096566362544,3.72862958902927,0,2.93956075523442,0.397228637413395,1.05367430229222,0.101326485392818,3.80666248977032,1,6.81007127390277,11,0.733407997846603,19.358433074493,5.89786237712436,2.19859248021799,0,0,0,0,0,0,0
361000,2020,360000,14.6663865160104,23.9115681488616,38.0703389356177,2.68555824388661,3.17436236480106,3.63943547331295,0,3.0072639317922,0.398148148148148,1.07833288147886,0.109456346757461,4.4188406077966,1,6.88857686476046,11,0.743317716002464,19.5147295005257,5.29132987334814,2.28022973308027,0,0,0,0,0,0,0
361100,2011,360000,31.5867402986778,50.0653010734921,78.9175743074425,3.45273742173028,3.91332817479378,4.36840394458781,0,3.09641823683241,0.0538523060517195,0.656235129161238,0.154397991125426,1.94591014905531,0,6.25202843918384,19,0.699045111108245,17.3969316669085,4.27738692885812,1.87907156459791,0,0,0,0,0,0,0
361100,2012,360000,28.5562534331371,46.4698603362488,72.517958467945,3.3518759465531,3.83880393763183,4.28383423419344,0,3.17561633522378,0.0537945547810075,0.702610951404459,0.134935069251305,2.63905732961526,0,6.39618508397364,19,0.71187468808994,17.1964802175952,7.25022828598441,1.81678009952048,0,0,0,0,0,0,0
361100,2013,360000,32.1361235532537,51.9255772069503,82.4098221693536,3.4699807417488,3.94981148586698,4.41170463089593,0,3.34999848524985,0.0543635645649598,0.744530580011174,0.140734290333129,3.09104245335832,0,6.54821513024133,19,0.707547368501362,18.1211554051167,4.77863662033491,1.96715197091412,0,0,0,0,0,0,0
361100,2014,360000,31.3300366218432,50.0445638148606,78.8080383309472,3.44457727387,3.91291388477448,4.36701500093722,0,3.41614521162167,0.0543267365153279,0.783660513472968,0.159950670041047,3.55534806148941,0,6.68066252013733,19,0.713553886664541,18.0519704559198,6.4923993221431,1.95606572939084,0,0,0,0,0,0,0
361100,2015,360000,23.4576576539037,37.832138487822,58.6158563248489,3.15519699399093,3.63315896593495,4.07100524572952,0,3.48269534403773,0.178925619834711,0.817375721827265,0.163134446547545,3.04452243772342,1,6.83037360189992,19,0.733957894643148,17.8733007811084,7.74983192698682,1.94593226338209,0,0,0,0,0,0,0
361100,2016,360000,21.9163586657871,35.4484730029266,55.67196217356,3.08723332901894,3.56808017737978,4.01947664809053,0,3.57063390672097,0.179028132992327,0.858565996761901,0.157563812118544,2.99573227355399,1,6.95394262494038,19,0.71920902352584,18.3167382580572,6.99825222798802,1.88647422714204,0,0,0,0,0,0,0
361100,2017,360000,22.5389983989966,36.0257194228386,56.1061589758362,3.11524707102255,3.5842331117858,4.02724559216817,0,3.66936555856827,0.18007662835249,0.894510075696528,0.169837739604193,4.17438726989564,1,7.02535943443219,19,0.729813534125947,18.3626373078425,5.84163710535154,1.83497938572149,0,0,0,0,0,0,0
361100,2018,360000,18.1482354732492,29.2771994545244,48.6546691252417,2.89857333688005,3.37680903747371,3.88474777782419,0,3.75839964550892,0.179974651457541,0.925829983532663,0.12955035837437,4.65396035015752,1,7.09622216475222,19,0.725318797324833,18.2877044834351,5.2320913778735,1.86092695570146,0,0,0,0,0,0,0
361100,2019,360000,17.8191435186629,28.4759564372119,46.2166247251578,2.88027335796184,3.34906009743332,3.83333957589578,0,3.8369886798727,0.288776796973518,0.991962363069294,0.0880496074345468,4.9272536851572,1,7.17327469002802,19,0.712552882077401,18.4263876848596,5.56032099998315,1.77942009255234,0,0,0,0,0,0,0
361100,2020,360000,15.7439655479868,25.1824370431361,41.480027316519,2.75645715204447,3.2261468088072,3.72521204190785,0,3.94088551107077,0.290139064475348,1.01784762031204,0.0973778735605892,4.86753445045558,1,7.25728949763495,19,0.721774938127451,18.4264854164343,5.85484305759767,1.79322243063887,0,0,0,0,0,0,0
370100,2011,370000,43.2720420854292,79.6270838937091,138.305998517253,3.76750674714744,4.37735428489943,4.92946861095682,0,20.5609014558119,0.575997362347511,1.71400502460003,0.152715957815269,6.04737217904628,0,7.09998255257625,15,0.548415582913619,11.7805046160363,2.55438337188884,3.08466324072384,0,0,0,0,0,0,0
370100,2012,370000,43.91079313695,81.1975202001823,138.399126334182,3.78216014719688,4.39688470729467,4.93014173054935,0,20.8251799195208,0.578135259356533,1.76265263749045,0.120011527797939,6.48157712927643,0,7.19928175760117,17,0.57115184843957,11.9062822963699,1.97528635786015,3.12223892399153,1,0,0,0,0,0,0
370100,2013,370000,49.5601428049252,92.3626617806036,158.72621835878,3.9031869382121,4.52572280369643,5.06718082093683,0,21.347714509879,0.579488015653025,1.81006365465123,0.113419853164737,6.72142570079064,1,7.36591490030639,17,0.563745255236859,12.4781134575694,2.45109866032343,3.46724490324832,1,0,0,0,0,0,0
370100,2014,370000,44.5391853108374,83.9902883877493,145.224124404912,3.79636937048181,4.43070117772789,4.97827823462931,0,21.5646507128149,0.580759330759331,1.87285277296655,0.111663416021561,6.93147180559945,1,7.5050493817898,17,0.538467533521719,13.4046946176294,1.81490535415106,3.27310096029828,1,0,0,0,0,0,0
370100,2015,370000,42.6174530192568,77.9941902973481,134.351141744627,3.75226386466084,4.35663434054824,4.90045683331067,0,21.8957647914629,0.582583542422451,1.91444131768591,0.0930437176206786,7.19818357710194,1,7.63785179360802,18,0.562768232989144,12.7398318490897,2.36668020300146,3.18166968367749,1,0,0,0,0,0,0
370100,2016,370000,38.8211150505855,69.9203778250984,125.369100788315,3.65896430093952,4.24735713500972,4.83126219263922,0,22.1400128212386,0.747235387045814,1.95163713023962,0.110426793074099,7.3304052118444,1,7.75142118747736,18,0.584362640664294,12.8106331552327,3.08066337788513,3.22215197667289,1,0,0,0,0,0,0
370100,2017,370000,34.7608346127131,62.5170197421341,115.260835458097,3.54849131083141,4.13543883554526,4.74719769444743,0,22.3388820129961,0.751552795031056,1.98393456716617,0.106171050653343,7.30586003268401,1,7.80340228763997,18,0.572346655430494,13.2573738451686,2.07103031397788,3.21189654407406,1,0,0,0,0,0,0
370100,2018,370000,29.7151927553896,53.3293891901812,104.454387658109,3.39165845560188,3.97648757114698,4.6487504943784,0,22.5745191573271,0.844512195121951,2.01411991620875,0.111005507433319,7.46049030582534,1,7.86067180923922,18,0.566227773269573,12.956068513505,2.73991821882441,3.24940374056721,1,0,0,0,0,0,0
370100,2019,370000,30.2955820451154,53.5637402717021,99.4205346348078,3.41100189479253,3.98087235168762,4.59935867818986,0,22.8072948110963,0.872020075282309,1.99374122032835,0.119257834348623,7.58629630715272,1,7.96655771697441,18,0.554162838033863,13.5121208383355,2.08210563694032,2.89574695156558,1,0,0,0,0,0,0
370100,2020,370000,27.8009965844,48.3491290401856,85.1873735389677,3.32507186841377,3.87844820809043,4.44485322495344,0,23.2042231726675,0.874225526641883,2.04049652173952,0.136011258051912,7.72312009226633,1,8.0008650074108,18,0.592759240757335,13.0179680786491,2.17458639074264,2.86745539990719,1,0,0,0,0,0,0
370200,2011,370000,33.6529907797045,61.6854930447011,108.301976992381,3.51610193118148,4.12204878243468,4.68492340861762,0,23.5994829092407,0.361560542797495,1.85760063221931,0.696027215460532,6.15909538849193,0,7.69370478912643,16,0.541980039109202,12.8874230844149,2.16821143707751,2.83619210316661,0,0,0,0,0,0,0
370200,2012,370000,31.0041392420043,57.1705201424253,100.27795808437,3.43412071950724,4.0460383834053,4.60794591094048,0,23.9512280905534,0.472843035343035,1.91829285555014,0.632847303373231,6.93731408122368,0,7.84122183134811,17,0.551852941951331,12.9064931154512,2.09462947061138,2.96666360900731,1,0,0,0,0,0,0
370200,2013,370000,35.3764287330216,65.0540192367841,120.237232434331,3.56604574336044,4.17521798993347,4.78946672816661,0,24.8789616921523,0.473568566627892,1.97434062805183,0.602908822145334,7.46221493976819,1,8.01076320533336,17,0.548102944212801,13.3120466508509,2.07072090178477,2.9816623124014,1,0,0,0,0,0,0
370200,2014,370000,33.8314747405008,62.091482109792,107.372925469625,3.52139157452652,4.12860881543805,4.67630805969519,0,25.2839511387409,0.474634896233666,2.0288369216713,0.564637648294155,7.57455848420248,1,8.13749471635582,17,0.541283612961278,14.4867175739453,1.99018867529124,2.85305502466785,1,0,0,0,0,0,0
370200,2015,370000,30.2353360945113,55.449209672405,96.0686258234371,3.40901130973785,4.01546746071743,4.56506278841008,0,25.7181173055234,0.47611385664483,2.08504772018847,0.470221608455045,7.44190672805162,1,8.26587067965287,17,0.533079831477474,14.0183179614171,1.72934361094105,2.98979613149798,1,0,0,0,0,0,0
370200,2016,370000,28.0623942339634,51.0911601598454,92.2791648326659,3.33443039654975,3.93361149124392,4.52481838290337,0,26.1379469157518,0.479140328697851,2.12867263143163,0.435261087436908,7.48829351515943,1,8.38040971299522,17,0.533122898243806,14.1001043559662,1.85020641894408,2.98509746303677,1,0,0,0,0,0,0
370200,2017,370000,24.6979265660567,45.2385634066561,85.2094946762634,3.20671929541632,3.81194989580685,4.44511286748856,0,26.3876304352505,0.558530510585305,2.16244846114923,0.455177766012529,7.56682847920833,1,8.38129169851221,17,0.543981090626296,14.4270462572145,2.32808329455505,2.96793044428156,1,0,0,0,0,0,0
370200,2018,370000,21.9123361264774,39.7145086845807,78.2639507366333,3.08704977167871,3.68171657897951,4.36008709770376,0,26.5990154481474,0.633251833740831,2.19228380220102,0.44353592415519,7.58171964012531,1,8.42292738326489,17,0.544603989185656,13.8609496490331,2.63421256796957,3.05607846235315,1,0,0,0,0,0,0
370200,2019,370000,24.4266652638933,44.6460810295004,82.1733276777745,3.19567537426981,3.79876653257457,4.40883076860118,0,26.9184810398024,0.636582430806258,2.14755199754997,0.505581734029296,7.61677580869837,1,8.60570535067426,17,0.535442226730725,14.3754660813489,1.6257364477901,2.89659487217054,1,0,0,0,0,0,0
370200,2020,370000,21.3338521812645,38.4850459021667,67.2960503948932,3.06029511539258,3.65026974771434,4.20910154837422,0,27.3648312489821,0.641621943947525,2.18366607935628,0.515776956940911,7.78655180642871,1,8.63229800363681,17,0.561860296656104,13.9802591543225,2.79507688741557,2.77515528174226,1,0,0,0,0,0,0
370300,2011,370000,39.3849152139333,72.4441849959215,129.878664927386,3.67338288040277,4.28281640323938,4.86660066790391,0,19.5443270808066,0.662576687116564,1.76635010128264,0.178376619363117,4.61512051684126,0,6.8451613424099,12,0.549641975282151,12.2789029506009,2.84542471266665,2.24597185694531,0,0,0,0,0,0,0
370300,2012,370000,39.593002315183,73.0292083010513,128.012910590757,3.67865239343297,4.29085947483728,4.85213112282348,0,19.8481904957027,0.66320509794666,1.81488297737695,0.169076952979147,4.52178857704904,0,6.97296884935413,12,0.574477954411212,12.3927911006572,2.07850259371655,2.28353384742246,0,0,0,0,0,0,0
370300,2013,370000,44.8361282841041,83.0773577036047,145.943704431276,3.80301424934006,4.41977219426051,4.98322096126376,0,20.3720195820743,0.664001881025159,1.84946991385028,0.146831342707069,4.91998092582813,0,7.127395993944,12,0.568444442601851,12.8579344822331,2.26109766521938,2.54571934151709,0,1,0,0,0,0,0
370300,2014,370000,42.8522558173718,80.7576687197295,141.181682513105,3.75775828817088,4.39145292625891,4.95004758939954,0,20.5447031949486,0.664719626168224,1.88480433851668,0.136281754584182,5.12396397940326,1,7.2628903250937,12,0.53182010628559,13.9270776054973,1.56832324857639,2.49941749949183,0,1,0,0,0,0,0
370300,2015,370000,39.7404673254507,73.332660777684,128.4192403031,3.68236999662802,4.2950060864288,4.85530022662733,0,20.7967434218119,0.665270018621974,1.90257984135795,0.115065391922619,5.50938833662798,1,7.39042055197042,12,0.559631393647488,13.3601303520898,2.15201743120103,2.48332586966122,0,1,0,0,0,0,0
370300,2016,370000,36.0176368191305,65.7623806842197,118.044822887462,3.5840087301311,4.18604795271154,4.77106440731752,0,20.992524938872,0.666666666666667,1.94223440610635,0.119093260354844,5.74620319054015,1,7.50290260031773,12,0.589029980662428,13.3462423739286,2.40331200605886,2.50478805316435,0,1,0,0,0,0,0
370300,2017,370000,32.6724267493881,59.9056152545462,109.080965799714,3.48653150352122,4.09277024454319,4.69209041198764,0,21.1746076335933,0.665127020785219,1.96624777578041,0.142719382542493,5.84354441703136,1,7.47276415838114,12,0.585206351898335,13.8299458563423,2.05525000626709,2.48208360638914,0,1,1,0,0,1,0
370300,2018,370000,28.1602647748743,51.1113226853484,99.5969843898556,3.33791193376248,3.9340060516343,4.6011318869219,0,21.4383250504239,0.665898617511521,1.99230457085291,0.187972888345284,5.73334127689775,1,7.50227990803896,12,0.57134215110614,13.5116465787712,2.67443092733868,2.50992104961048,0,1,1,1,0,0,0
370300,2019,370000,28.9724731845766,51.9815870691422,94.6119611191342,3.36634617867853,3.95088956105086,4.54978390695659,0,21.5476138929594,0.668202764976959,1.70338733515064,0.242518419494439,5.99146454710798,1,6.89890546855637,12,0.565784830737997,14.0112115108396,1.93079954674796,2.31176802318332,0,1,1,1,0,0,0
370300,2020,370000,26.760482483444,47.0527535012871,81.7897215693404,3.28692626512155,3.85126938719438,4.40415158252713,0,21.8151784460195,0.668202764976959,1.70630252552609,0.241335218639414,6.09807428216624,1,6.96631315319124,12,0.60522045986152,13.5709288405805,2.14533624521617,2.23761274561018,0,1,1,1,0,0,0
370400,2011,370000,42.3774207853912,78.1653054271101,133.380473173465,3.74661569174774,4.35882588448804,4.89320574475721,0,23.4057624628004,0.571283612379503,1.24764705365282,0.0441682544149077,3.36729582998647,0,6.2463573110119,7,0.554782202497857,13.5982400175195,2.44044497127227,1.96501683192617,0,0,0,0,0,0,0
370400,2012,370000,41.8327692610004,77.3763412301052,131.213220216137,3.73367998601203,4.34868106500774,4.87682363527616,0,23.6961142318042,0.57193515704154,1.29224353537727,0.0419339357318111,3.85014760171006,0,6.46082495491453,7,0.56132084522091,13.6950636987862,2.18449157617191,2.00387467322797,0,0,0,0,0,0,0
370400,2013,370000,47.6372386525935,88.1023739000873,148.554334789584,3.86361478001528,4.47849947809656,5.00095078215997,0,24.0908689999283,0.572474747474747,1.32719799918251,0.0423512030896643,3.8286413964891,0,6.60943554737629,7,0.561433252741079,14.2328840944315,2.11053533520933,2.27924670838732,0,1,0,0,0,0,0
370400,2014,370000,44.1954042935266,83.385322430204,146.421799177943,3.78862080841827,4.42347230383112,4.98649149193117,0,24.2728802627735,0.578121106404186,1.367865662209,0.0446892942518155,4.21950770517611,1,6.74319235149387,7,0.550730682298785,14.8897248921922,2.04954511373697,2.23080860345042,0,1,0,0,0,0,0
370400,2015,370000,42.1468552587598,77.3858731671224,131.24567090604,3.74116007333142,4.34880424671675,4.87707091735473,0,24.5239750866055,0.583466169654462,1.37488203513499,0.0488935375325648,4.66343909411207,1,6.87162031537706,8,0.566892268716312,14.3267320913719,2.46892045416598,2.20051501776522,0,1,0,0,0,0,0
370400,2016,370000,38.406079991039,70.1353329749613,120.210063013983,3.64821578016029,4.25042670378938,4.7892407375152,0,24.7342773375207,0.585956416464891,1.39496242767143,0.0418180633925913,4.52178857704904,1,6.95294787801583,8,0.581229509388814,14.5534113858942,2.52930087712368,2.22624893964788,0,1,0,0,0,0,0
370400,2017,370000,34.5476389527195,62.7476603874234,115.718302716443,3.54233921076483,4.13912129265423,4.75115881284208,0,24.9116029669903,0.586124401913876,1.39899550607035,0.0439986065149555,4.85203026391962,1,6.91651740339637,8,0.588229508673558,14.9818593718839,2.52506495879062,2.17225489277743,0,1,0,0,0,0,0
370400,2018,370000,31.5483801130066,56.5094903098706,107.870262049033,3.45152224418278,4.0344085941332,4.68092922768848,0,25.1664187349735,0.583924349881797,1.40599780682489,0.0440103612464728,5.03043792139244,1,6.66147102245059,8,0.553714286597049,14.8630793499569,2.65510853355998,2.18259887821335,0,1,0,0,0,0,0
370400,2019,370000,32.2315617120764,57.4581240407746,103.959183923826,3.47294614988385,4.05105640492864,4.643998359837,0,25.3338415342417,0.587264150943396,1.14386765915585,0.0862109355148147,4.84418708645859,1,6.47671443862955,8,0.558386422571589,15.0169139900666,2.32413159528548,2.07160190531133,0,1,0,0,0,0,0
370400,2020,370000,29.2247621075275,51.3492699509782,88.5565361438275,3.37501636729173,3.93865071915526,4.48364117453503,0,25.4533054977836,0.587058823529412,1.15445073226297,0.153247604497943,4.76217393479776,1,6.50329795528332,8,0.581170959062264,14.7282848726834,2.92062643309807,1.98526568857373,0,1,0,0,0,0,0
370500,2011,370000,38.9004126955613,72.3616931280986,130.474710832434,3.66100485970852,4.28167705892801,4.87117942125903,0,14.5642777703085,0.450537634408602,2.30411436283489,0.24669269535886,3.29583686600433,0,6.7208360619999,9,0.472146425768733,12.8151917738214,2.22336314568452,2.28343172443435,0,0,0,0,0,0,0
370500,2012,370000,38.4514493548116,71.7176865333224,127.440287880071,3.64939638977469,4.27273739129144,4.84764792454518,0,15.1418296856078,0.450673854447439,2.38913917556687,0.258767022920262,3.46573590279973,0,7.09164568728745,9,0.475688967712318,12.7587608631116,1.91409247297175,2.33654972099858,0,0,0,0,0,0,0
370500,2013,370000,42.8439386863557,80.4049995000199,141.34059072356,3.75756418081079,4.38707635708772,4.95117251470466,0,16.1822616452225,0.450267379679144,2.4350465275434,0.250634838082649,3.87120101090789,0,7.24255077214134,9,0.452533927187323,13.0970731272296,2.01473243079203,2.4591710363718,0,1,0,0,0,0,0
370500,2014,370000,41.5167383903431,77.764137175881,139.452865850953,3.72609668062614,4.35368036315922,4.93772666496274,0,16.3491207975224,0.450555261766261,2.46479771953553,0.237394052735698,4.26267987704132,1,7.38179512180609,9,0.428969642706215,14.5251838964352,1.39281953623683,2.38517806277195,0,1,0,0,0,0,0
370500,2015,370000,39.0894968723443,72.8164645195926,125.474614229403,3.66585380871523,4.28794209061552,4.83210346105453,0,16.8664328651126,0.45000524603924,2.46285825257536,0.233031094284532,5.15905529921453,1,7.51198827987115,11,0.445651784632355,13.8686251877836,2.02162266694963,2.40628228993536,0,1,0,0,0,0,0
370500,2016,370000,33.5756837561221,61.7166974220763,111.578403342479,3.51380210723908,4.12255451702371,4.71472751278353,0,17.1881554587136,0.569948186528497,2.44638063575973,0.287935456380334,4.77912349311153,1,7.2768150137941,11,0.480355355888605,13.8706009199508,2.14659060175272,2.38900846089933,0,1,0,0,0,0,0
370500,2017,370000,30.6484420540142,56.3950165692683,103.9770027631,3.42258183087871,4.03238079589924,4.64416974741125,0,17.5237503200836,0.569230769230769,2.48346442472711,0.342963735291422,4.70048036579242,1,7.26912013459094,11,0.480663654170459,14.3777616710015,1.76028419118216,2.33058192386111,0,1,0,0,0,0,0
370500,2018,370000,26.2179737426284,47.8014699366826,94.8684760411493,3.26644519627341,3.86705639083803,4.55249146962181,0,18.0119638807954,0.573604060913706,2.52008404019913,0.392502202534851,4.91265488573605,1,7.12936280281867,11,0.453373215720058,13.9072767077162,2.40947018543078,2.38917705162038,0,1,0,0,0,0,0
370500,2019,370000,27.0190996588807,48.9321304047877,90.7723755779525,3.29654401069194,3.89043424420171,4.50835500559579,0,18.5454760967049,0.570707070707071,2.18428380466496,0.560035646208867,5.00394630594546,1,6.72205106999548,11,0.428887886902954,14.4811333739431,1.54567404758269,2.22789187402642,0,1,0,0,0,0,0
370500,2020,370000,25.3698891751406,45.3748050879829,78.7356187107306,3.23356300525875,3.81495699699414,4.36609564148248,0,25.5723141840612,0.573232323232323,2.19950307161395,0.45021499223809,5.34710753071747,1,6.80239797382098,11,0.476189283654094,14.0742280231643,1.93875041050796,2.13258233164342,0,1,0,0,0,0,0
370600,2011,370000,30.2716962818159,55.2239041752225,97.3252953810429,3.4102131598453,4.01139590619799,4.5780589284885,0,16.3297973863469,0.275544645596809,1.74338949863748,0.597165321112248,4.95582705760126,0,7.49932523843904,17,0.534083201335027,12.4106962687307,1.9821160122799,2.96893011590354,0,0,0,0,0,0,0
370600,2012,370000,27.8994198456543,51.4110099356108,90.6675760800687,3.32860589454855,3.93985235060527,4.50719980787246,0,16.601625074231,0.277256650776565,1.7871678253149,0.571336291325438,5.00394630594546,0,7.53031793043827,17,0.542337518471938,12.4978368438283,1.97244841653393,3.04914739449757,0,0,0,0,0,0,0
370600,2013,370000,31.966521467911,58.2185429895142,102.205176398841,3.4646891510184,4.06420391205987,4.62698232618207,0,17.136987179483,0.278869778869779,1.81912872572668,0.540868126114499,5.00394630594546,0,7.65938405601873,17,0.539574567596991,12.9574171133559,2.38136582587858,3.08914300510251,0,1,0,0,0,0,0
370600,2014,370000,31.3176395656592,56.6374649574996,97.2544668409804,3.44418150320139,4.03667069127754,4.57733091297053,0,17.5025078285784,0.281144781144781,1.86392101196181,0.539941606007652,4.97673374242057,1,7.79675639112032,17,0.523778649804356,14.1230761693439,1.82442870454548,2.80465193617143,0,1,0,0,0,0,0
370600,2015,370000,27.1915141677638,49.3870707244502,86.5284634210648,3.30290494550001,3.89968866371189,4.46047341670141,0,17.8497819703118,0.283400685770267,1.92473124243909,0.477119605785354,5.45958551414416,1,7.92608681998369,17,0.523433283135131,13.67649063409,1.82105894642514,2.86688211868998,0,1,0,0,0,0,0
370600,2016,370000,24.5087804946058,44.2141492796053,81.9569897927823,3.19903144088014,3.78904485730444,4.40619459493612,0,18.0769217899318,0.287022900763359,1.97202645084124,0.421720539247576,6.10479323241498,1,8.03874904946088,17,0.524671901385863,13.7110475627967,1.66601712255841,2.80875836204383,0,1,0,0,0,0,0
370600,2017,370000,21.9419943679363,39.9515417837495,76.2568392348946,3.08840235171567,3.68766726430238,4.33410710634904,0,18.2828625929081,0.288990825688073,1.99228311205329,0.41777388652476,5.96870755998537,1,8.05184696325047,17,0.534980375033159,14.006018290754,1.99651682978266,2.77264503428681,0,1,0,0,0,0,0
370600,2018,370000,18.7762905004511,34.0744989738552,69.5555131621317,2.93259493033205,3.52854927384589,4.24212518427357,0,18.4965258479393,0.293577981651376,2.01411692095805,0.390080360159962,6.05678401322862,1,8.07571782732679,17,0.563188383376205,13.3824971853727,2.62346587829832,2.82496123486245,0,1,0,0,0,0,0
370600,2019,370000,21.5424530741271,38.9353075246198,74.0107956845827,3.0700255498366,3.66190148740844,4.3042109701931,0,18.6785053978103,0.297090352220521,1.98433398118711,0.380310936797363,5.89715386763674,1,8.11172226099195,17,0.524215070592178,14.0261299052364,1.32327259440723,2.72847662036542,0,1,0,0,0,0,0
370600,2020,370000,18.7601279556888,33.9731442907808,61.1198834262857,2.93173376422053,3.52557033870092,4.112837237564,0,18.8681155438919,0.342549923195084,2.00094206063813,0.411082926515854,6.29526600143965,1,8.13539759852311,17,0.577032182242844,13.64432083814,2.4061984366166,2.55911886643097,0,1,0,0,0,0,0
370700,2011,370000,37.0429704900371,68.7295209364286,122.222681753089,3.61207860337764,4.23017881488412,4.80584464124118,0,19.0417880098179,0.208409298085688,1.26090551770484,0.257015413311675,4.43081679884331,0,7.39727277435701,19,0.539343553926887,12.9537064096035,2.65708802996172,2.08422652375383,0,0,0,0,0,0,0
370700,2012,370000,35.91002490264,66.6554551579227,116.840587743511,3.58101650171144,4.19953689110617,4.76081050783478,0,19.5162682240788,0.20821481397201,1.33373271257435,0.235536321464555,5.18738580584075,0,7.52007484207839,19,0.557578397524066,12.9532552120373,1.9556471744154,2.15091446585268,0,0,0,0,0,0,0
370700,2013,370000,40.6751406075784,75.6905367499906,134.107840290937,3.70561710995416,4.32665314272136,4.89864425458108,0,20.565888130139,0.208517385887416,1.38647630244758,0.226488485218646,5.14166355650266,0,7.62831444287832,19,0.549213237878753,13.322214361114,1.93239733546225,2.27135549880044,0,1,0,0,0,0,0
370700,2014,370000,39.0851138866864,73.6644434171148,130.346525435709,3.66574167548886,4.29952023253605,4.87019648437184,0,20.9223869142114,0.209388720027018,1.43412891196973,0.228311755575846,5.42934562895444,1,7.76404524404794,19,0.527703830527096,14.5923166226333,1.57271046205452,2.3061423280359,0,1,0,0,0,0,0
370700,2015,370000,36.1601202398831,67.1601398241537,117.063630069392,3.58795686073645,4.207079914163,4.76271763371365,0,21.2984739161911,0.209620570431124,1.48883951348861,0.227892602366714,6.04263283368238,1,7.89332199431281,19,0.531376305876709,14.0358592365245,1.82452641316014,2.39616647477205,0,1,0,0,0,0,0
370700,2016,370000,32.5602790246689,59.8687906025207,108.392443700811,3.48309311065133,4.09215534434106,4.68575837901877,0,21.5901891625048,0.210876803551609,1.4717843383864,0.241901990753859,6.38687931936265,1,8.00325939635928,19,0.54699581861496,14.1107550789039,2.05861418921823,2.3978563168936,0,1,0,0,0,0,0
370700,2017,370000,29.364900023041,54.3784777408267,100.795545612435,3.37980008433872,3.99596844581558,4.61309416430802,0,21.8744556866021,0.211453744493392,1.50421564362565,0.256395891986161,6.17170059741091,1,7.91021948981056,19,0.554947732861449,14.5672884503236,2.07518743550244,2.32918766636906,0,1,0,0,0,0,0
370700,2018,370000,25.9775302544097,47.3511639979849,93.1823623176152,3.25723194338299,3.85759140218072,4.5345584582632,0,22.2036349538354,0.212253829321663,1.53742194589873,0.2644516109289,6.41836493593621,1,7.91887968311115,19,0.540905923087422,14.0804725554524,2.83344928989266,2.38669576602878,0,1,0,0,0,0,0
370700,2019,370000,27.3042973630642,49.760946621763,91.5834301963816,3.30704410236931,3.90723047199923,4.51725036226436,0,22.5036636071144,0.213507625272331,1.46271584052963,0.314493899608218,6.37842618365159,1,7.64212873717346,19,0.541103833913803,14.5387505392858,1.75940654143391,2.24268924702686,0,1,0,0,0,0,0
370700,2020,370000,24.9833337199192,44.7005791956315,77.8662168826282,3.21820895135425,3.79998645893225,4.35499218593317,0,23.4146174674231,0.214907508161045,1.48249053897646,0.323300123934547,6.61606518513282,1,7.68123300476673,19,0.571540767535931,14.1185732640965,2.48794878321958,2.15066779506334,0,1,0,0,0,0,0
370800,2011,370000,45.3220283649361,83.2476484125924,140.628665454322,3.81379319166612,4.4218198811654,4.94612283807194,0,17.0426243889598,0.133884297520661,1.14509434690896,0.128154729114641,3.49650756146648,0,6.7707136487527,16,0.588818450768789,13.1509836109981,2.56461757185493,2.14573181751914,0,0,0,0,0,0,0
370800,2012,370000,45.6233287934116,83.8467018190884,140.378488467082,3.82041918204629,4.42899015319731,4.94434226380651,0,17.3644275919103,0.144729075669933,1.19550325248287,0.101246860066224,4.07753744390572,0,7.01035496054388,16,0.581070436992579,13.2889347236426,1.73501314594953,2.17158955508982,0,0,0,0,0,0,0
370800,2013,370000,51.7664551029623,95.1879261770068,157.841138918014,3.94674235460688,4.55585310788246,5.06158907733717,0,17.9143326659081,0.209601321066289,1.24565607049695,0.0925465679739413,4.24849524204936,0,7.17889831549128,16,0.571064482753476,13.8722564418758,2.15631547631818,2.55724797831898,0,1,0,0,0,0,0
370800,2014,370000,46.7346875770498,86.741287764639,147.491705100079,3.84448666362343,4.46292998455755,4.9937719375889,0,18.173577300507,0.135333100802232,1.28669476304089,0.0845764378667434,4.34380542185368,1,7.31695820300267,16,0.576682540070679,14.5327348139028,2.0268740312571,2.46052612117909,0,1,0,0,0,0,0
370800,2015,370000,43.5180474670745,78.4107941575533,131.931770217394,3.77317573635451,4.3619615984603,4.88228489665903,0,18.5948076709493,0.210412247532971,1.32026256595842,0.0843645728695919,4.57471097850338,1,7.44714627764759,16,0.575250993172328,13.9073739459732,2.21573312121468,2.4130738170811,0,1,0,0,0,0,0
370800,2016,370000,39.7046982160462,70.9829190828575,121.53973974645,3.68146952366462,4.26243927180041,4.80024128540534,0,18.8600672436349,0.211187214611872,1.35394062677493,0.083674497387196,5.02388052084628,1,7.55909435572675,16,0.600440475882755,14.1787271041471,2.58803195027249,2.47727392458479,0,1,1,0,1,1,1
370800,2017,370000,35.4745761388088,63.3592898543642,115.118791327777,3.56881627480866,4.14882153933673,4.74596456328648,0,19.1094663320466,0.211778029445074,1.36964884559525,0.0885236153927864,5.4380793089232,1,7.57528083421569,16,0.601932539708085,14.5732727229701,2.38146571338366,2.42931498896742,0,1,1,1,1,0,0
370800,2018,370000,31.9577942903549,56.5172512907552,106.460289942316,3.46441610382167,4.03454592412763,4.66777205122687,0,19.3546734342349,0.212121212121212,1.38645215770977,0.0861923999511388,5.45958551414416,1,7.60947446791852,16,0.57054067361686,14.5498894033997,2.43252634086552,2.45987231704173,0,1,1,1,1,0,0
370800,2019,370000,32.5947635737363,57.4308659616971,101.289111549772,3.48415164889833,4.05058189332246,4.6179789183084,0,19.6634750553932,0.213646532438479,1.28561178723128,0.10551696530623,5.38449506278909,1,7.56002427338908,16,0.569122021396955,14.6440416050113,2.04105256829001,2.2832015243128,0,1,1,1,1,0,0
370800,2020,370000,29.7794855226461,51.5649600693797,86.0930217127386,3.39381975117131,3.94284237339325,4.45542835951653,0,19.8864453570982,0.2230296254891,1.30194737993533,0.121419721815042,5.49306144334055,1,7.58661034850178,16,0.598632936055462,14.3244041835421,2.47555318086192,2.20446560593117,0,1,1,1,1,0,0
370900,2011,370000,43.9670110694697,80.4142109192524,137.143065943805,3.78343960429521,4.38719091329302,4.92102465791232,0,17.9729337659948,0.284182305630027,1.27548151575908,0.0510742890670877,4.36944785246702,0,6.82799261478571,11,0.561484647409938,10.1856418032403,3.03047643218137,3.54600360898769,0,0,0,0,0,0,0
370900,2012,370000,44.2722402432145,81.0622298155729,136.333563847625,3.7903578495571,4.39521712903269,4.91510455818714,0,18.2528049354486,0.284308463052424,1.33242471428997,0.0535463153226582,4.69134788222914,0,6.99067919425352,12,0.567236312360407,10.3030285985166,2.01583289387629,3.61212040356618,0,0,0,0,0,0,0
370900,2013,370000,50.5633717817545,92.7228185511305,155.959026832756,3.92322743633642,4.52961459709331,5.0495933242434,0,18.5822916397649,0.28579098067287,1.38453785341962,0.0551663822550929,4.15888308335967,0,7.07976418982224,12,0.559093457794635,11.0956872053719,2.63578316140539,4.18463986986541,0,1,0,0,0,0,0
370900,2014,370000,45.6341828381907,84.3590748826845,143.755412271253,3.8206570593374,4.43508238924751,4.96811332955132,0,18.8045669093116,0.28632402632047,1.42721995484728,0.0608481682519982,4.24849524204936,1,7.21796776100012,12,0.540353803434105,11.6554735938908,2.20234129796942,3.89372872973492,0,1,0,0,0,0,0
370900,2015,370000,42.2896418151553,76.1973310334832,129.576738202369,3.7445421817194,4.33332643627188,4.86427327862881,0,19.0739449457184,0.286454190309523,1.46137797974275,0.0450244282205814,4.65396035015752,1,7.34804269192748,12,0.550571429952283,11.1478973102587,2.30764698495165,3.79691733936097,0,1,0,0,0,0,0
370900,2016,370000,39.2325184677213,70.0739302108665,121.900051327792,3.6695059556557,4.24955083058921,4.80320145755188,0,19.3581785596209,0.284710017574692,1.48385128298656,0.0401951253641978,5.13579843705026,1,7.43614470096082,12,0.570744993252175,11.3090711696558,3.30289685101063,3.89753829918253,0,1,0,0,0,0,0
370900,2017,370000,35.0726128467905,62.3252027751111,112.125017050763,3.55742056513475,4.13236588291594,4.71961447244818,0,19.5934248306615,0.299474605954466,1.48715090251073,0.0435631809743648,5.21493575760899,1,7.42621528303739,12,0.575377838076832,11.6701152169137,2.41654725814765,3.90642473104031,0,1,0,0,0,0,0
370900,2018,370000,30.9949948902294,54.9224327655035,104.400572896552,3.43382573629597,4.00592187645009,4.64823516294835,0,19.8581728593601,0.300174520069808,1.49414227742083,0.0432123993489752,5.18178355029209,1,7.44819839050318,12,0.555595461174706,11.4912656774519,3.07632933035934,3.92946306789792,0,1,0,0,0,0,0
370900,2019,370000,31.9083349365075,56.0707870083497,100.910335654014,3.46286725893837,4.02661494621239,4.61423235674198,0,20.0608811114066,0.301919720767888,1.24960628983264,0.0639121044562714,5.12989871492307,1,7.17014168278224,12,0.544674233576962,11.8250663164167,2.33235793216757,3.61130010470236,0,1,0,0,0,0,0
370900,2020,370000,29.0002984712767,50.096684430404,85.8652357215867,3.3673061220465,3.91395482686704,4.45277904069016,0,20.3350752864846,0.295971978984238,1.27553311753444,0.0769223487919618,5.20948615284142,1,7.1938193137656,12,0.576887851006517,11.4133993476004,2.77674745773278,3.62747467294409,0,1,0,0,0,0,0
371000,2011,370000,26.4807689420639,48.8381992577456,85.4044259722094,3.27641876924478,3.88851277832825,4.44739792582406,0,17.5976815415592,0.256895193065406,1.82635221940981,0.518003228691942,3.55534806148941,0,6.61295885989559,9,0.535532289988374,11.6098123763945,2.39240140656777,4.38565119490557,0,0,0,0,0,0,0
371000,2012,370000,24.1303370758358,45.1900589685896,79.2991730414138,3.18346984869958,3.81087712832585,4.37322770035709,0,18.1472401701066,0.258675078864353,1.89376218503201,0.462411198641645,3.8286413964891,0,6.69040749663771,9,0.542048922548555,11.745566825731,2.28073454224417,4.41113504253163,0,0,0,0,0,0,0
371000,2013,370000,27.8910104498417,51.0226342927289,87.5090620019712,3.32830443080892,3.9322693439313,4.47174235373782,0,18.6500716382089,0.260835303388495,1.94885474298706,0.416738250337193,4.14313472639153,0,7.05002437229844,10,0.534714286458002,12.1030155295318,2.24286712589439,4.46159600330982,0,1,0,0,0,0,0
371000,2014,370000,27.1714440622637,49.138780988925,81.7964936808978,3.30216657117067,3.89464855988515,4.40423437815329,0,19.2193166156773,0.516483516483516,2.0143772055496,0.36519894679921,4.60517018598809,1,7.18722994858697,10,0.530409002140777,13.3023017087112,2.07243453837958,3.92295952416602,0,1,0,0,0,0,0
371000,2015,370000,22.3549801227846,40.9087791496666,71.8819687391281,3.1070491205236,3.71134468915103,4.27502545078803,0,19.852518297217,0.518704612365064,2.07811430969177,0.351415951136499,5.19849703126583,1,7.31916793213607,10,0.527864968940003,13.0167536143849,1.86281681163352,3.9169866216588,0,1,0,0,0,0,0
371000,2016,370000,20.1103652728501,36.6282221644345,67.630655428898,3.00123536736153,3.60081904065339,4.21406136293273,0,20.2339772024422,0.5234375,2.12106742373871,0.367571884697011,5.39816270151775,1,7.42912958126751,11,0.510240703821182,13.0670367839246,1.64703706172942,3.9342148814402,0,1,0,0,0,0,0
371000,2017,370000,17.2827784734787,32.0226693102108,62.20345590969,2.84971054173965,3.46644406793568,4.1304105594507,0,20.7838708498935,0.5234375,2.14153767981919,0.407866385333411,5.04985600724954,1,7.40916169822985,11,0.532068493431562,13.2471475931678,1.89726956364401,3.89353796471448,0,1,0,0,0,0,0
371000,2018,370000,15.0129563331436,28.0330164287533,57.4072103481874,2.70891358382297,3.33338297368399,4.05016991125859,0,21.318927945889,0.529182879377432,2.16137991187188,0.382762141149717,5.22035582507832,1,7.44708598006075,11,0.564718200327599,12.4756484289023,2.54982658619988,3.95036616350756,0,1,0,0,0,0,0
371000,2019,370000,17.2307777345947,31.5868681297928,62.5685008953598,2.84669718791897,3.4527414687087,4.13626197088291,0,21.7664812948576,0.53307392996109,1.97049973718656,0.4743495262772,5.19295685089021,1,7.27178249509366,11,0.524123284914722,13.3599222352646,1.3320444293064,3.87355542934392,0,1,0,0,0,0,0
371000,2020,370000,14.5638465018956,26.9460782892129,49.9797998284108,2.6785421907009,3.29383776874074,3.91161892036499,0,21.7127346907129,0.538011695906433,1.98349932180817,0.533802701344959,5.41610040220442,1,7.29545470012801,11,0.565861059378271,12.9816388688681,2.31893906156797,3.73364691727523,0,1,0,0,0,0,0
371100,2011,370000,35.327767409861,64.8137295982896,115.188789107567,3.5646692668994,4.17151745743239,4.74657242675161,0,14.3899363551752,0.429065743944637,1.28980683600123,1.10896064745293,2.99573227355399,0,6.31316564623518,8,0.518680000305176,13.3469483192162,2.3647885606893,1.98009650239479,0,0,0,0,0,0,0
371100,2012,370000,33.4813680567085,61.7807301969016,108.66525220984,3.51098910669531,4.12359150672945,4.68827207614002,0,14.7673753714331,0.447414092329052,1.35441059073264,1.1804193526562,2.07944154167984,0,6.33637161085746,8,0.533447617689768,13.3438321928968,2.84087857888054,2.03412333512524,0,0,0,0,0,0,0
371100,2013,370000,38.187895021117,70.1218064175157,124.412144250444,3.64251858113015,4.25023382152263,4.8235997981323,0,15.5979539249893,0.449500172354361,1.41076977379716,1.36454498641012,2.89037175789616,0,6.46253916270005,8,0.53920571287473,13.7868186389532,2.36951721931532,2.10865276985266,0,1,0,0,0,0,0
371100,2014,370000,37.4387974595632,69.1645958259743,121.197741112235,3.62270753195796,4.236489110689,4.7974234357737,0,15.999720428049,0.449472609731201,1.4476924526946,1.32517586074323,3.40119738166216,1,6.59637943467811,8,0.513636190096537,14.662667931149,2.15205476293464,2.11661076470238,0,1,0,0,0,0,0
371100,2015,370000,33.2839568987476,60.9660720324452,104.3888255534,3.50507550608324,4.11031751324941,4.64812263479077,0,16.5387574343601,0.451495184997466,1.46993869065095,0.565969064690336,3.95124371858143,1,6.72757566105702,8,0.497767620484034,14.1666794985607,2.19601260663842,2.7806578529713,0,1,0,0,0,0,0
371100,2016,370000,30.5433186012066,55.6287519074183,98.2634655391726,3.41914595797363,4.01870018823276,4.58765229519217,0,16.9062189733801,0.453333333333333,1.50733671660441,0.457865858415579,3.29583686600433,1,6.84018017281322,8,0.536712380250295,14.2507407308375,2.17602302356447,2.79310443864476,0,1,0,0,0,0,0
371100,2017,370000,28.0240295768328,51.1654519907865,92.7575767023301,3.33306234130545,3.9350645384836,4.52998938766413,0,17.2230840669143,0.450657894736842,1.54682293510209,0.452127544776392,4.04305126783455,1,6.85554188943568,8,0.544775235652924,14.720552529723,2.4953734609389,2.75264535207343,0,1,0,0,0,0,0
371100,2018,370000,24.8013859807086,44.7645950991997,85.4854892268218,3.21089953792825,3.80141753901449,4.44834664489386,0,17.5437476923919,0.452768729641694,1.58711021700959,0.408391938410619,4.51085950651685,1,6.88223523578695,8,0.532087620894114,14.1694947007354,2.67360765337075,2.81962215504379,0,1,0,0,0,0,0
371100,2019,370000,26.3640113336777,47.4359715839897,85.0454345063285,3.27199987308257,3.85938083506345,4.44318563728733,0,17.870944792812,0.454545454545455,1.47879819434455,0.541353278176541,4.71849887129509,1,6.68913038483786,8,0.527306668361028,14.6060856349665,2.10255226274784,2.67073671508727,0,1,0,0,0,0,0
371100,2020,370000,22.7940386505266,40.5825896549138,70.3225721402722,3.12649903907686,3.70333914840177,4.2530928303569,0,18.3866841365371,0.451456310679612,1.49479620738269,0.508898905519163,5.13579843705026,1,6.71571263729877,8,0.554198094209035,14.3479632930512,3.26980270018926,2.57388328384634,0,1,0,0,0,0,0
371300,2011,370000,38.6863659318881,71.887268873761,124.926335359885,3.65548723646138,4.27509918192444,4.82772424646579,0,16.8594971706793,0.228399629972248,0.957716460102476,0.159307224636623,3.49650756146648,0,6.61158651123841,18,0.541705127582591,13.4347574918564,2.48112567447892,1.88642975494238,0,0,0,0,0,0,0
371300,2012,370000,37.5266292323536,69.6890902337415,120.349042727089,3.62505079382829,4.24404378089171,4.79039621012257,0,17.166462314484,0.229378114043181,0.993999972756166,0.165249821501483,3.68887945411394,0,7.11861444957718,18,0.550352261107192,13.5246735055642,2.65540463292949,1.93313675473783,0,0,0,0,0,0,0
371300,2013,370000,43.3019186035913,80.4669046034012,139.100054044807,3.76819694357857,4.3878459769512,4.93519348746136,0,17.9170988495151,0.23064930300807,1.04167928249594,0.174680757728754,3.91202300542815,0,7.28431412343166,18,0.559772893913791,13.9593812500621,2.21169055763419,2.10488640754548,0,1,0,0,0,0,0
371300,2014,370000,41.3425847426684,77.9142888567416,135.831738034758,3.72189307631138,4.35560936168839,4.91141689941445,0,18.264465296186,0.232213438735178,1.06547912795275,0.185699398660832,4.46590811865458,1,7.42436965992517,19,0.535071428514953,14.7922715664884,1.94136245892357,2.13083786589701,0,1,0,0,0,0,0
371300,2015,370000,37.1860198351239,68.6849197332713,117.642648022878,3.61593287976073,4.22952966615555,4.76765162297749,0,18.7147237426193,0.233123376392299,1.09393128067799,0.144676081131371,4.78749174278205,1,7.55467013072521,19,0.54372832701247,14.306418956504,2.37544102289179,2.21267489466404,0,1,1,0,1,1,1
371300,2016,370000,34.3358949483984,63.1676701432295,110.588823584713,3.53619130692585,4.14579262190069,4.70581903140263,0,19.0153581979407,0.234005258545136,1.1198683835042,0.142306918945233,4.57471097850338,1,7.65342064973556,19,0.573588520033747,14.4075899078123,2.39747310044877,2.22228055936745,0,1,1,1,1,0,0
371300,2017,370000,31.2654340249866,57.2384710255615,103.953803161572,3.44251314305905,4.04722624268861,4.64394660008566,0,19.2932649584097,0.235800344234079,1.13517034561557,0.152190356831127,5.17048399503815,1,7.65604854430906,19,0.573126373255355,14.8803899233183,2.48931364230857,2.17333286147021,0,1,1,1,1,0,0
371300,2018,370000,28.0919204891349,50.7649009016716,96.5044557170546,3.33548200791882,3.92720518865183,4.56958918051272,0,19.5560094583625,0.238135593220339,1.15308560053229,0.143270952078452,4.90527477843843,1,7.69675551093155,19,0.548460929057537,14.6250099308318,2.67336977215858,2.19702249543617,0,1,1,1,1,0,0
371300,2019,370000,29.186700359129,52.4506135575623,94.4668251722446,3.37371313836445,3.9598720327255,4.54824871648662,0,19.6754606556867,0.240336134453782,1.12149191756288,0.181313207793765,5.16478597392351,1,7.41609062308511,19,0.550366912005294,14.8679523331174,2.4064647896467,2.10423482888751,0,1,1,1,1,0,0
371300,2020,370000,25.6345612012525,45.3206884684586,78.4014030323207,3.24394148791548,3.81376362731667,4.36184182301665,0,20.1284135687059,0.242576327896278,1.14459366920542,0.243315740114558,5.50938833662798,1,7.4503988564537,19,0.568678265198683,14.5715729791333,3.06679053632825,2.02385482693137,0,1,1,1,1,0,0
371400,2011,370000,46.0639902686175,87.2005991212097,148.991889995062,3.83003152261193,4.46821120154741,5.00389187490077,0,21.0305766729457,0.105034722222222,1.13843513267073,0.0888372677804178,3.52636052461616,0,6.58315586684035,13,0.600297456530675,13.1352719723637,1.92493613868084,2.38570270744158,0,0,0,0,0,0,0
371400,2012,370000,47.300172787825,90.1091014906275,151.058007407128,3.85651394851077,4.50102117494684,5.01766391806037,0,21.3367140834581,0.105281385281385,1.21338437628544,0.0769133032664666,3.76120011569356,0,6.7548004824977,14,0.605692758543851,13.1774655654951,2.14541810205256,2.34715193159767,0,0,0,0,0,0,0
371400,2013,370000,52.6774364814771,101.076558925155,167.741392018873,3.96418721360822,4.61587823885736,5.12242346019164,0,21.9411065063901,0.105217691776088,1.26631525586459,0.0890895052075206,3.61091791264422,0,6.91848935629513,14,0.597454012869156,13.502283779207,2.16657666278706,2.59099066433068,0,1,0,0,0,0,0
371400,2014,370000,48.0828873890977,91.9930203758,155.019017874094,3.87292634227358,4.52171270869067,5.04354780535461,0,22.103520367535,0.207475994513032,1.29213195473582,0.0830007744215604,4.12713438504509,1,7.05913882735308,14,0.592155577589388,14.869380781929,1.30761355447601,2.54136720393711,0,1,0,0,0,0,0
371400,2015,370000,44.5933636783128,84.2522198823171,142.510542774581,3.79758505150434,4.43381491763689,4.95941598135502,0,22.4023483295957,0.207774958707239,1.32939117924358,0.0718621686331062,4.23410650459726,1,7.19108275021253,15,0.624055773019791,13.8239166281998,2.18076595306832,2.74512615390604,0,1,1,0,1,1,1
371400,2016,370000,40.042050740547,74.0882938147367,129.335524000495,3.68993017043184,4.30525754161349,4.86240998895987,0,22.5791553802098,0.209106239460371,1.35925361147815,0.07180364835729,4.63472898822964,1,7.30285469014487,15,0.63518004037746,13.9101018328024,2.22974798087996,2.70576417171027,0,1,1,1,1,0,0
371400,2017,370000,35.8510692054835,66.126486319556,119.73232680393,3.57937339102163,4.19156936734825,4.78525864129863,0,22.7496686658269,0.208403361344538,1.38063386326637,0.0772236604879941,4.87519732320115,1,7.3012708860329,15,0.605530330987826,14.3280698803667,1.59003439891475,2.64469814533247,0,1,1,1,1,0,0
371400,2018,370000,30.7194227510843,55.6367899881934,106.381149662961,3.42489511744812,4.01884467287108,4.66702839639021,0,22.8964479466136,0.209030100334448,1.40244135261368,0.0866381151043403,5.08759633523238,1,7.33732904501374,15,0.598453033868581,14.103304702329,2.05623775116291,2.75478068269117,0,1,1,1,1,0,0
371400,2019,370000,30.4530428092319,54.4629398910345,99.940702351311,3.41618591721702,3.99752046836361,4.60457703362111,0,23.0523596974374,0.210350584307179,1.30857440246262,0.114532176525513,4.99721227376411,1,7.17836030038948,15,0.609709392875841,14.4846743698824,1.69377083664787,2.47664460409706,0,1,1,1,1,0,0
371400,2020,370000,28.305342669247,49.5689431791155,86.4799000962147,3.34305057373038,3.90336449203752,4.45991201810613,0,23.3216460287602,0.211715481171548,1.32048187513204,0.125852602999298,4.95582705760126,1,7.14402015262163,15,0.648677104752358,14.0766244527448,1.868786236615,2.43164849441672,0,1,1,1,1,0,0
371500,2011,370000,49.2892856843572,91.6047538996219,154.431493133538,3.89770672851159,4.51748316880089,5.03975058786354,0,20.5496726209482,0.193809996689838,1.09540618202359,0.190347200249198,3.04452243772342,0,6.48050382122631,17,0.607657140493393,13.2296916815299,1.99399235710301,2.33689493500718,0,0,0,0,0,0,0
371500,2012,370000,50.3917395782132,94.0028551869622,157.475996830292,3.91982726438702,4.5433251561381,5.05927304557395,0,21.0594324263031,0.193608074011775,1.16655571564121,0.164437336038889,3.63758615972639,0,6.64887062214973,17,0.59937828373909,13.4162735718893,1.55117842204036,2.32512420704695,0,0,0,0,0,0,0
371500,2013,370000,56.999967448425,107.258273752218,179.152390349793,4.04305069675412,4.67523969937546,5.18823678639035,0,21.5068759861921,0.194979079497908,1.21580629659925,0.162090572888238,3.46573590279973,0,6.80860000378616,18,0.58218171620369,13.891380468864,1.97278420866735,2.73743475414576,0,1,0,0,0,0,0
371500,2014,370000,51.1295921517139,96.2138367859808,162.73641207206,3.93436343236762,4.56657318086271,5.09213178803063,0,21.6730109715969,0.19735337363176,1.23507891533421,0.140461842402853,3.80666248977032,1,6.99153580256805,18,0.597954285144806,14.7606701157609,1.75866905850745,2.6359915818226,0,1,0,0,0,0,0
371500,2015,370000,47.0656569966099,87.170676629331,146.149892033986,3.85154358424755,4.46786799717451,4.98463275282271,0,22.0408039108184,0.197814558894424,1.26386849464589,0.118609669213795,4.85203026391962,1,7.1278681003125,18,0.614570286035538,13.979646830033,1.90600381135726,2.72173880499997,0,1,0,0,0,0,0
371500,2016,370000,42.8786150203555,77.6956821435721,135.010129642677,3.75837321727533,4.35279968496169,4.90534981001369,0,22.3859809073941,0.197472353870458,1.29260062754734,0.13038763476828,4.51085950651685,1,7.22919643459242,18,0.612315426588058,14.1602696860571,2.29350165037122,2.77229483577754,0,1,0,0,0,0,0
371500,2017,370000,38.5291146996973,69.7498128697418,126.145315971264,3.65141418146512,4.24491473782679,4.8374345437696,0,22.7102920665127,0.1984375,1.29079537928485,0.151706012433415,4.84418708645859,1,7.23438429547611,18,0.591104002475739,14.5661713334263,1.74718059710778,2.73155659255352,0,1,0,0,0,0,0
371500,2018,370000,33.828315173841,60.3387304869805,113.179548490161,3.52129817882824,4.09997419418212,4.72897548239878,0,23.1126079140382,0.198449612403101,1.29471648105,0.154972387451285,4.71849887129509,1,7.15603173588944,18,0.582275427341461,14.5331672281382,2.08777353139503,2.84765820898223,0,1,0,0,0,0,0
371500,2019,370000,33.3034206462812,58.901955007951,105.904765028067,3.50566011382139,4.07587428209229,4.66254024713869,0,23.325579047824,0.28902627511592,1.05431570351817,0.181151243777305,4.57471097850338,1,6.61222210326682,18,0.594053714990616,14.6701067404529,1.90234899083278,2.62464567287406,0,1,0,0,0,0,0
371500,2020,370000,30.88614302912,53.5018772647934,91.4246406944863,3.43030763766233,3.97971674234791,4.51551503397015,0,23.5431025385588,0.291891891891892,1.06688273629024,0.173780202393066,4.93447393313069,1,6.67309745053108,18,0.622430857896805,14.058576553186,2.07501924176372,2.73645802145137,0,1,0,0,0,0,0
371600,2011,370000,41.7432027508309,78.5379750858166,138.362365078477,3.73153662967881,4.36358226686966,4.92987607758056,0,14.9070195512661,0.16916206987129,1.38412028413178,0.237868641041902,3.55534806148941,0,6.45084963546538,10,0.536776555399609,13.0065527203884,1.76923692286958,2.44148949696511,0,0,0,0,0,0,0
371600,2012,370000,42.0822155385287,79.5826817694407,137.092761261686,3.73962521767389,4.37679650346894,4.9206577862078,0,15.3111685985772,0.169598319768968,1.43392318270673,0.199358734787814,3.87120101090789,0,6.65044781578589,10,0.538748474202604,12.9386673670136,1.92182279558376,2.47068919859929,0,0,0,0,0,0,0
371600,2013,370000,46.8053157564415,88.7847384857293,151.413057814947,3.84599678101271,4.48621477132839,5.02001158441074,0,15.9512263071489,0.171383647798742,1.47832084530136,0.238238672080425,4.89783979995091,0,6.81262210763423,11,0.529318682913087,13.1873759481083,2.14796028650438,2.61494079957036,0,1,0,0,0,0,0
371600,2014,370000,43.8645709992281,83.3136299440527,143.286526115303,3.78110695550809,4.42261216056627,4.96484630470026,0,16.0549922889408,0.274631497284717,1.50238878895879,0.194260934707153,3.98898404656427,1,6.94447506133172,11,0.519937726422253,14.6853564897312,1.46951201462557,2.518293073406,0,1,0,0,0,0,0
371600,2015,370000,41.3063116575325,77.6412766987843,131.753737264445,3.72101531292808,4.35209920199333,4.8809345533527,0,16.3034973384409,0.277070964093865,1.52412221037034,0.215188699740222,4.67282883446191,1,7.07379559008815,11,0.534857142939527,13.9130987169031,2.34999198707061,2.57085706858945,0,1,0,0,0,0,0
371600,2016,370000,36.7737288321218,68.2017550971192,120.038299885114,3.6047836998023,4.22247029908015,4.78781085756879,0,16.470742749117,0.275510204081633,1.54459544174512,0.234337894258321,4.95582705760126,1,7.1400840036205,11,0.575858367559237,13.8954272046107,2.26090516999026,2.50828567753836,0,1,0,0,0,0,0
371600,2017,370000,33.4512347669203,62.1949781276211,109.878709006449,3.51008869970222,4.13027425898763,4.69937711203582,0,16.6551614347545,0.276649746192893,1.53467410423723,0.262024757455342,5.35185813347607,1,7.11305621653906,11,0.554901097065363,14.4124819687328,1.67998655474658,2.47552454181584,0,1,0,0,0,0,0
371600,2018,370000,28.2497838943855,51.8933542944905,98.3907354660019,3.34108580780692,3.94919073369725,4.58894664785738,0,16.814705736033,0.277078085642317,1.52747797292282,0.310809125265871,5.4971682252932,1,6.89473377469386,11,0.543213675292129,13.9753490063297,1.95130507574811,2.5369179331469,0,1,0,0,0,0,0
371600,2019,370000,28.6921956664584,51.9881908221017,94.0415797905637,3.35662515778849,3.95101659321545,4.54373702266479,0,16.9775235062932,0.278894472361809,1.45976037519685,0.356221102325591,5.16478597392351,1,6.61406933025701,11,0.53020024452454,14.5197087729659,1.52874554601319,2.353316462272,0,1,0,0,0,0,0
371600,2020,370000,26.6732305250892,47.5827892499199,81.3818482132437,3.28366046040798,3.86247112547521,4.39915225321813,0,19.7438037908562,0.279245283018868,1.47275136030464,0.325231675598008,5.36597601502185,1,6.68426416457203,11,0.57198535084215,14.1195269516803,1.67392289803271,2.26651650499312,0,1,0,0,0,0,0
371700,2011,370000,47.1437245182538,86.6664797226719,144.618266359246,3.85320090410801,4.462067185299,4.97409762511615,0,18.497311682157,0.158510087946198,0.69765109324431,0.113745580575987,3.2188758248682,0,5.84653073991548,11,0.619868770761545,13.7073373400561,2.30321990774061,2.0995461107002,0,0,0,0,0,0,0
371700,2012,370000,48.4229652192174,89.0568593643013,147.039922224301,3.87997418918911,4.48927503500386,4.99070412966478,0,19.0639464286614,0.157212994881437,0.762279165830451,0.112325509274531,3.58351893845611,0,5.83423413154631,11,0.616924419999123,14.0038328544244,1.68901944588736,2.14458341196811,0,0,0,0,0,0,0
371700,2013,370000,54.311414316205,100.284767273516,165.032902944686,3.99473441325076,4.60801381178433,5.10614486580667,0,19.5799742326935,0.15644908616188,0.825539049169413,0.0896703197784834,3.8286413964891,0,6.18599666008786,11,0.582578073407328,14.5957545215932,1.74532621497064,2.53134412568098,0,1,0,0,0,0,0
371700,2014,370000,49.308886053489,91.1045168936739,150.429066013712,3.89810430929924,4.5120073847456,5.0134916509137,0,19.7838616757404,0.157076519281244,0.846161897747768,0.09737312214637,3.25809653802148,1,6.32438310334468,11,0.587988372805507,15.2419960170194,2.09521078308494,2.4471199104879,0,1,0,0,0,0,0
371700,2015,370000,44.4916082111044,80.3766089696679,132.596674773381,3.7953005918631,4.38672320064256,4.8873120003135,0,20.1800925477239,0.157687476322453,0.883733234474145,0.112183294844863,4.31748811353631,1,6.4563249543266,11,0.608394518148067,14.4378273525405,2.03119727821513,2.43978539621381,0,1,0,0,0,0,0
371700,2016,370000,40.9304127217109,73.0651146095285,125.190131219793,3.71187337405257,4.29135102452223,4.82983363143615,0,20.6048722556292,0.227586206896552,0.906457418671732,0.136764273568346,4.75359019110636,1,6.56894757525618,11,0.605258303846038,14.901230116205,2.32809300363279,2.53033949747109,0,1,0,0,0,0,0
371700,2017,370000,36.9985225763768,66.0441290274576,118.223038719929,3.61087798147879,4.19032314022672,4.77257299900709,0,20.9873362609783,0.228655544651619,0.937212566947755,0.139953173444248,4.85203026391962,1,6.61043454227875,11,0.601864616711472,15.3141518959834,2.2181052777341,2.44307503230794,0,1,0,0,0,0,0
371700,2018,370000,33.5045888039523,59.5120201696293,110.139193758248,3.51168240867268,4.086178311806,4.70174496365363,0,21.3705930837277,0.230243902439024,0.966498008860882,0.166298991687004,4.4188406077966,1,6.65299323704737,11,0.564107144121514,15.3425062643264,2.10757225008141,2.54156968197728,0,1,0,0,0,0,0
371700,2019,370000,33.2947665342414,58.707060522101,103.205324648732,3.5054002235014,4.07256000106761,4.63672044714991,0,21.6735975208378,0.230994152046784,1.02219576036458,0.142692347973793,4.68213122712422,1,6.71809831697868,11,0.567397008628346,15.4742499364008,1.85069575695967,2.33288437789016,0,1,0,0,0,0,0
371700,2020,370000,30.6424882928852,53.0344353492504,90.7140807224207,3.42238755217829,3.97094142614391,4.50771259008198,0,22.0357001970633,0.231855820750122,1.03232774379482,0.124206480146987,5.21493575760899,1,6.78550477271398,11,0.598421926241975,15.2169528489088,1.98858523219387,2.29397509040658,0,1,0,0,0,0,0
410100,2011,410000,53.2936834666126,91.3260879803609,152.960905816586,3.97581781507986,4.51443648589109,5.03018237120361,0,22.4753449338296,0.524502524502524,1.40827264672934,0.207546371027677,5.50125821054473,0,7.53966164452063,9,0.532252188543884,14.3380530481981,2.38703957310272,2.33770070208904,0,0,0,0,0,0,0
410100,2012,410000,53.8173181694883,91.8820873611339,153.505853332053,3.98559531443047,4.52050609590344,5.0337386987566,0,23.271558858305,0.547505827505828,1.42749952664421,0.4075527079927,5.73009978297357,0,7.6872749547792,9,0.557753645948001,14.6557882552649,1.55412087172132,2.33665408158599,1,0,0,0,0,0,0
410100,2013,410000,57.7468940159864,99.3067857784615,164.624156572364,4.05606956468257,4.5982139048539,5.10366503672375,0,24.6364935932393,0.562615602219563,1.61819558918143,0.427071457941403,5.90263333340137,1,7.87742102612423,9,0.505043730747943,15.4733926511791,1.32842995508594,2.41290621667275,1,0,0,0,0,0,0
410100,2014,410000,51.0489046376631,86.3865237694367,143.730733297697,3.93278408772353,4.45883168875388,4.96794164146133,0,25.2532324786116,0.568564725954361,1.66518604675041,0.42090251894727,6.06378520868761,1,8.04557539885129,9,0.507702624311253,15.8846155418285,1.94345460665346,2.43646589401919,1,0,0,0,0,0,0
410100,2015,410000,48.1488398038425,81.0186939504242,138.013298864015,3.87429704249885,4.39467991755605,4.92735004909387,0,26.2833578932016,0.424064454835963,1.84867059911542,0.48571410300506,6.30991827822652,1,8.22418341073554,9,0.540631191766992,15.214902152205,2.17737052054874,2.40093492890925,1,0,1,0,1,1,1
410100,2016,410000,44.9056565090135,75.3974201362226,130.862604730833,3.80456376696958,4.32277305872857,4.87414795395718,0,27.2154593773074,0.428053204353083,1.90796450044481,0.450627327812152,6.96602418710611,1,8.31728085150203,12,0.547565598573003,15.5247745621071,3.05902261609358,2.45377591715675,1,0,1,1,1,0,0
410100,2017,410000,40.8841491815011,68.4011690266203,121.01668345305,3.71074243735708,4.22538991551492,4.79592841586947,0,28.1891246364816,0.435866983372922,1.95791087577395,0.44153489995676,7.45529848568329,1,8.35475685587324,12,0.551979595605208,15.9427163361413,2.00422750659593,2.57868417646837,1,0,1,1,1,0,0
410100,2018,410000,36.9664295957098,61.8201201895761,114.644858189695,3.61001019256692,4.12422888088804,4.74183916041069,0,28.8902124793828,0.444444444444444,1.99685880777283,0.401179732489321,7.68982866873648,1,8.42381717590187,12,0.549384839072519,15.778886841606,2.4011689767461,2.67547159329201,1,0,1,1,1,0,0
410100,2019,410000,35.5227144839838,58.8110138416475,102.56652116893,3.57017233648734,4.07432914759631,4.63051157509141,0,29.1466601333346,0.450113378684807,2.08378814101358,0.104385007402642,7.31654817718298,1,8.43864734597205,12,0.525227405891126,15.9781774238318,2.02577064683758,2.53588004107237,1,0,1,1,1,0,0
410100,2020,410000,31.7607347404529,51.6875996928005,88.6687394326602,3.45823077025659,3.9452179015424,4.48490739690043,0,29.9140512382796,0.481873954266592,2.09594953156995,0.104385007402641,7.53315880745556,1,8.46910070833752,12,0.552007288348918,15.8176543872001,1.89171960594844,2.43922593878833,1,0,1,1,1,0,0
410200,2011,410000,50.1011295787552,91.0527925952907,150.238397997314,3.91404355431879,4.51143947671141,5.01222335244593,0,16.4081478562274,0.158998895841001,0.804914002539461,0.018077961835297,2.19722457733622,0,5.90372244903391,9,0.615978655801422,14.5156928839807,2.25442232429556,2.03589605807358,0,0,0,0,0,0,0
410200,2012,410000,51.468270440586,93.1600756700503,152.970205556817,3.94096550984741,4.53431925727483,5.03024316750636,0,16.9110596060366,0.159257898603968,0.857616461799622,0.0210477300147551,3.13549421592915,0,6.11371797722087,9,0.609653530792258,14.8662802475638,1.83415782491587,2.04707821644652,0,0,0,0,0,0,0
410200,2013,410000,56.3080416081106,102.325948703118,167.631841545996,4.03083735990326,4.628163293805,5.12177015536102,0,17.4247350678712,0.157837642379317,0.907229816912512,0.0227139914761479,2.56494935746154,0,6.3356747464518,9,0.593775041487025,15.5249578077179,1.492723183702,2.27522770948588,0,1,0,0,0,0,0
410200,2014,410000,49.0538897209822,88.440545841404,144.454850695427,3.89291948400853,4.48233052785401,4.97296700679445,0,17.6301966070532,0.157096424702059,0.954809431074462,0.0181187398363744,2.83321334405622,1,6.51269847725998,9,0.580405585039621,16.0808035295884,2.06788090076665,2.33718946085892,0,1,0,0,0,0,0
410200,2015,410000,44.5389059847467,78.6059857886524,132.28761694268,3.79636309899381,4.36444785160742,4.88497846842346,0,18.1140305058296,0.157933699263325,1.00062395167306,0.0170551646570349,3.43398720448515,1,6.66659048526237,9,0.596220034292375,15.3161220891853,2.1918934607248,2.37590655546663,0,1,0,0,0,0,0
410200,2016,410000,41.5002481841923,73.1104546094652,125.435272977731,3.72569940756075,4.29197137444299,4.83178987235994,0,18.5414233604251,0.304114490161002,1.04262262799444,0.0157046802113602,3.55534806148941,1,6.67292066842591,9,0.590134647385827,15.7391287726799,2.81486049169085,2.4542224102219,0,1,0,0,0,0,0
410200,2017,410000,38.2381792223322,66.7921926328235,115.779760291998,3.64383447257083,4.20158619695784,4.75168976827385,0,19.0187586860778,0.305903398926655,1.05991227531225,0.0199582675231856,3.68887945411394,1,6.8418426780639,9,0.607761901685561,16.1113191681758,2.40224254893904,2.35401500660142,0,1,0,0,0,0,0
410200,2018,410000,35.1961659074143,62.0628119598903,112.544427016686,3.56093715358668,4.12814696833681,4.72334805050429,0,19.4252725330098,0.305357142857143,1.0779779016574,0.0182625934303789,4.02535169073515,1,6.86382150740787,9,0.580804599427629,16.0787244407083,2.23962517103102,2.46341914860622,0,1,0,0,0,0,0
410200,2019,410000,34.1598739588631,59.4946969142741,101.943653955514,3.53105167918473,4.0858871810883,4.62442024844759,0,19.6223767054252,0.306595365418895,1.18047617513988,0.0182625934303788,4.15888308335967,1,6.95359703418946,9,0.568977012716491,16.2845429174541,1.83903649209656,2.28955620143635,0,1,0,0,0,0,0
410200,2020,410000,31.2698473826394,53.605335550587,89.6163151417925,3.4426542908259,3.98164860697683,4.49553739204084,0,20.1638043886262,0.30639431616341,1.17695002936489,0.0182625934303787,4.7361984483945,1,7.001276778521,9,0.600369461651506,16.140350518865,2.14322836888012,2.21837893519829,0,1,0,0,0,0,0
410300,2011,410000,41.1933314613003,71.4262484917816,124.816480029632,3.71827638551967,4.268665427723,4.82684449873678,0,6.70420547836018,0.236816200253129,1.21828077708669,0.0497969548636051,5.03043792139244,0,7.06108313771894,13,0.628421159144842,13.8917467502685,2.38430542901087,1.87855199417423,0,0,0,0,0,0,0
410300,2012,410000,42.6648372821832,73.6914693204542,127.124660334422,3.75337509813347,4.29988704379107,4.84516818246287,0,6.92162281269516,0.276877553896012,1.27308670637998,0.0333843980082794,4.67282883446191,0,7.24747750905811,14,0.65969811450198,14.0469478475607,1.27076234822877,1.97966995281641,0,0,0,0,0,0,0
410300,2013,410000,45.3289313208899,78.2766914494376,137.532886421153,3.81394548913746,4.3602498760424,4.92386306248111,0,7.3440158684157,0.279214213491261,1.31341817721265,0.0354066656943934,5.4249500174814,0,7.34703273481542,14,0.604049863820931,15.0477538855526,1.60561623467513,2.05959440841928,0,1,0,0,0,0,0
410300,2014,410000,41.0452788590106,70.0701198287186,120.929160626058,3.71467581975962,4.24949645250969,4.79520492478292,0,7.42946091041814,0.280810112036771,1.3346262618439,0.0275040887682571,5.4553211153577,1,7.4778032741628,14,0.630958894794842,15.0053457997957,2.12240958042604,2.10483795112052,0,1,0,0,0,0,0
410300,2015,410000,34.5109293459285,58.8617764940413,103.101714563663,3.54127606650473,4.07519192403593,4.63571602098806,0,7.58956155187477,0.2760656187796,1.34154904292432,0.0350237382132822,5.34710753071747,1,7.64880795674909,14,0.66553167239675,14.3550645164292,2.13746422951314,2.32472976469031,0,1,0,0,0,0,0
410300,2016,410000,34.7104539142013,59.6072565051167,104.606208532444,3.54704090712041,4.08777732010151,4.65020290486407,0,7.71780905860752,0.278154681139756,1.3942875047545,0.0332856069112516,5.42053499927229,1,7.77831864255818,14,0.659736523369573,14.6678230252292,2.44220300411099,2.34318781743725,0,1,0,0,0,0,0
410300,2017,410000,32.8083567018699,56.687391908465,101.704515010692,3.49068326043586,4.03755182107689,4.62207169745444,0,7.81647738557713,0.278154681139756,1.44017649340185,0.0313940721310248,5.5834963087817,1,7.84883680448742,14,0.651210917335636,14.9207235465011,1.97304998507894,2.68328746922234,0,1,0,0,0,0,0
410300,2018,410000,29.4575425420428,50.4021826064953,97.9787823119429,3.38294999078807,3.92003447982409,4.58475094820855,0,7.94950967253983,0.27972972972973,1.48173418239291,0.0416630702565427,5.64190707093811,1,7.90974779679475,14,0.674749326452894,14.7015170038238,2.34319791159432,2.7625951132849,0,1,0,0,0,0,0
410300,2019,410000,29.3098025307681,49.680553060873,87.1325728011606,3.37792201743528,3.9056135700285,4.46743078411162,0,8.01063405562591,0.280536912751678,1.52998793425104,0.0416630702565429,5.39816270151775,1,7.99408938133348,14,0.659135444968377,14.9470522483874,1.99526770359659,2.67249247175402,0,1,0,0,0,0,0
410300,2020,410000,25.2890586389674,43.0420744711961,75.2816804004125,3.23037183733063,3.76217811337222,4.32123681703135,0,8.11809619279538,0.357381429525718,1.53681231084209,0.041663070256543,5.62401750618734,1,8.04650183544207,14,0.677340293689719,14.7559069459432,1.77556223976865,2.54384766602031,0,1,0,0,0,0,0
410400,2011,410000,47.6087434429714,82.0985091719042,138.310971566893,3.86301643014592,4.40791985760781,4.92950456717194,0,14.1970038847809,0.19074512661687,0.991255250396212,0.0186742466022849,2.99573227355399,0,6.23585286404879,7,0.585778504336646,15.1718958197466,2.23701608506937,1.87393848966889,0,0,0,0,0,0,0
410400,2012,410000,48.7380557274318,84.0366387236193,139.83282218509,3.88646015670448,4.43125287902771,4.94044758182191,0,14.47407991956,0.190615835777126,0.985284406189396,0.0171763989177154,2.70805020110221,0,6.4221493632059,8,0.611155966006288,15.4219686488311,1.77045519640854,1.92371027814007,0,0,0,0,0,0,0
410400,2013,410000,52.1295617754342,90.0358801505975,150.454797156251,3.95373219236513,4.50020825922313,5.01366268795324,0,15.0596723529201,0.182139534883721,1.00645856875246,0.0189470056104871,3.58351893845611,0,6.60422091843741,8,0.560567496293182,16.2569040820899,1.80210034866922,2.0409183306995,0,1,0,0,0,0,0
410400,2014,410000,47.4861218894007,81.5834613122123,134.69236701953,3.86043749760095,4.4016265614303,4.90299341528903,0,15.2507514201399,0.197451085980973,1.00913391218298,0.0246743520476871,3.80666248977032,1,6.75650189298757,8,0.553916666518759,15.9824319031703,2.34994210223499,2.42114889772765,0,1,0,0,0,0,0
410400,2015,410000,41.0152476047079,69.7061822205956,118.41099535436,3.71394389036708,4.2442890114026,4.77416158430669,0,15.4814013907322,0.196339966920984,1.02946342175824,0.0247653369527904,3.98898404656427,1,6.85749832388915,10,0.605760157108307,15.4494945997602,2.31897957414086,2.42866863419963,0,1,0,0,0,0,0
410400,2016,410000,38.8844927164056,66.5803147776035,114.609440640688,3.66059552632195,4.19840895994591,4.74153017995127,0,15.6098160892446,0.195422535211268,1.05767885193828,0.0166335710771465,4.02535169073515,1,6.92126897766324,10,0.603933157450562,15.8064282264384,2.81720788209597,2.44647405190356,0,1,0,0,0,0,0
410400,2017,410000,36.1162549291524,61.8405556927241,107.984543249925,3.58674303904122,4.12455939021428,4.6819880988256,0,15.750779603733,0.195767195767196,1.08518569298512,0.0202238832442639,4.60517018598809,1,6.99545884313045,10,0.621499342382501,16.0682169609988,2.55767070453867,2.53619995317654,0,1,0,0,0,0,0
410400,2018,410000,33.7119768081264,57.45515557697,105.044001028618,3.5178531691204,4.05100474051152,4.6543793197929,0,15.8791487530041,0.194736842105263,1.10897101118608,0.0247198445002387,4.64439089914137,1,7.06631857460348,10,0.616871561479131,15.856082644334,2.97858026010513,2.61414958055839,0,1,0,0,0,0,0
410400,2019,410000,32.7076614025502,55.633615985496,93.703085711607,3.4876093441167,4.01878762261282,4.54013112052291,0,15.9212020900269,0.194736842105263,1.17209732736407,0.0247198445002386,4.66343909411207,1,7.14062908349578,10,0.599445612878974,16.1754191782692,1.86248587150077,2.49413181905074,0,1,0,0,0,0,0
410400,2020,410000,28.7980354616497,48.6561380587263,81.2649312554834,3.36030717167812,3.88477796837603,4.3977145736246,0,16.0620631187224,0.194736842105263,1.19252980526857,0.0247198445002388,4.69134788222914,1,7.19020705221682,10,0.624318480218222,16.0150970389833,2.53528487398465,2.383861325573,0,1,0,0,0,0,0
410500,2011,410000,51.5439566636816,91.7564302416828,154.074378083171,3.9424349710724,4.5191375688569,5.037435460385,0,15.5820543110635,0.188018277204265,0.946344906045931,0.0807677830390157,3.68887945411394,0,6.36263097354356,9,0.590147143900394,13.9083145456988,1.82108213065992,2.01194960977613,0,0,0,0,0,0,0
410500,2012,410000,51.6542245781494,92.1972839429795,155.537498113238,3.94457198463418,4.52393067180955,5.04688684797116,0,15.9285675939297,0.186846543001686,0.962338805321082,0.0505906941841617,3.85014760171006,0,6.49462343349614,10,0.614582859277725,14.150591431134,1.6787140725433,1.8917832599997,0,0,0,0,0,0,0
410500,2013,410000,58.2854129540403,104.599386201763,175.24875318324,4.06535185542931,4.65013768356163,5.16620641138577,0,16.3535859730698,0.190033222591362,0.98436385970733,0.0687092972839468,3.49650756146648,0,6.67990956864161,10,0.56672142714262,14.5428168316669,1.40812857730509,2.17717369189264,0,1,0,0,0,0,0
410500,2014,410000,51.1097815711289,91.1941048321763,150.85229112527,3.9339758990698,4.51299025499296,5.01630115359228,0,16.593807890614,0.188910696761531,1.00738843257495,0.0565006601504864,3.78418963391826,1,6.83822849694173,10,0.578000001907349,15.6544498641168,1.85093602911286,2.61374653943473,0,1,1,0,1,1,1
410500,2015,410000,44.9326376040278,78.9532638591855,135.258751504285,3.80516442610034,4.36885608068546,4.90718962176474,0,16.9183814197987,0.187140659162685,1.03335696463437,0.0460577865731634,4.07753744390572,1,6.99039169824845,10,0.598867143392563,14.8524804140716,1.62431945246239,2.7541911899746,0,1,1,1,1,0,0
410500,2016,410000,42.760326359581,74.3286900866904,129.276928603749,3.75561071848462,4.3084970156395,4.86195683678442,0,17.3511093548413,0.188498402555911,1.06361190685859,0.0356436975857256,4.02535169073515,1,7.10145386894996,10,0.592927143871784,15.0307134177984,2.68217506130329,2.67953276838122,0,1,1,1,1,0,0
410500,2017,410000,39.8525709431686,69.2853621864392,120.963890959797,3.68518691866757,4.23823366002405,4.79549207924023,0,17.6421726680677,0.1875,1.09494864272231,0.0261843560846831,4.30406509320417,1,7.15485053872206,10,0.6110014295578,15.4777560157606,1.91206596077493,2.62234958939734,0,1,1,1,1,0,0
410500,2018,410000,35.695078288297,61.821857172195,112.603770320224,3.57501281620869,4.12425697786054,4.72387519933883,0,17.8552089019999,0.188197767145136,1.12158091257768,0.0747385401614815,4.56434819146784,1,6.88219629703482,10,0.594364285171032,15.3572679089396,1.99101625922093,2.72493288878087,0,1,1,1,1,0,0
410500,2019,410000,35.3774523070616,60.6907841707251,104.217473633884,3.56607467672848,4.10579186068578,4.64647980848378,0,17.984248972815,0.189189189189189,1.06372395122787,0.0747385401614816,4.52178857704904,1,6.74724430129657,10,0.571098574995995,15.5288238955568,1.61644511672304,2.62057345208788,0,1,1,1,1,0,0
410500,2020,410000,32.0713632872373,54.0573395864885,92.6028986249791,3.46796352253767,3.99004532740072,4.52832044380778,0,18.3698615932478,0.192857142857143,1.08006920788658,0.0747385401614814,4.77068462446567,1,6.80436712444086,10,0.593510001301765,15.2265162394758,1.51970435209038,2.5911677867187,0,1,1,1,1,0,0
410600,2011,410000,53.5617489569221,95.5728705128464,158.909912076362,3.98083517445194,4.55988899853746,5.06833745093235,0,17.1201345102984,0.382084095063985,1.06849954463816,0.0201609224347168,2.39789527279837,0,5.35997332843744,5,0.572557144363721,14.040028023889,1.77806595090721,2.02781343536485,0,0,0,0,0,0,0
410600,2012,410000,53.5579410620656,96.0464749041186,160.70515225987,3.98076407837506,4.56483218790723,5.07957133358527,0,17.5098360655738,0.377069282648682,1.11475868216864,0.0216557259607399,2.63905732961526,0,5.53932019793743,5,0.600933333237966,14.3040411763582,1.71153256857475,1.87830295725474,0,0,0,0,0,0,0
410600,2013,410000,60.8749899738333,110.141628491523,182.946822611711,4.10882241670185,4.70176706937532,5.20919552379164,0,18.1386717108029,0.377335744424352,1.17784398936902,0.0263110311567991,2.89037175789616,0,5.7263537300015,5,0.557928572098414,14.6375201032668,1.33126909166185,2.16223863081203,0,0,0,0,0,0,0
410600,2014,410000,52.8649942570566,95.1846833602529,156.083083941378,3.96774138555035,4.55581903978031,5.05038845484196,0,18.4966372425389,0.37866986219293,1.23099419744225,0.029018872139051,2.19722457733622,0,5.85533765965074,5,0.560952379306157,15.8492512761389,1.86147662125966,2.70908549419973,0,0,0,0,0,0,0
410600,2015,410000,45.4033759070495,80.070966488662,136.858895285725,3.81558646146891,4.38291332255824,4.91895043363531,0,19.0818831441782,0.379103946900557,1.25888732448485,0.0294169006700832,2.77258872223978,1,6.01798644977237,5,0.590585713585218,15.0373995339021,1.58848949516482,2.81310885616457,0,0,0,0,0,0,0
410600,2016,410000,43.3698406475336,75.8070114479081,131.754351650157,3.7697642835849,4.3281907876833,4.88093921647872,0,19.6147961328289,0.382352941176471,1.2962982958156,0.0199647003269119,2.07944154167984,1,6.15967909998603,5,0.592123810450236,15.2117777529712,2.76412393886053,2.71224946733382,0,0,0,0,0,0,0
410600,2017,410000,39.6620518326605,69.1798370655147,122.08857794068,3.68039485732226,4.23670944828096,4.80474682998151,0,19.9165195460277,0.382352941176471,1.30742355744383,0.019086962095285,2.30258509299405,1,6.22664714790579,5,0.606980955600739,15.6621205971333,1.90952377922029,2.65588040516972,0,0,0,0,0,0,0
410600,2018,410000,34.9203815484965,60.7824758301045,113.208396102793,3.55307065727186,4.10730152094834,4.72923033353796,0,20.1334174022699,0.380116959064327,1.3172359927176,0.0269780242640776,3.13549421592915,1,6.26642789747144,5,0.588090474406878,15.509468484693,2.0230539095915,2.75981304918168,0,0,0,0,0,0,0
410600,2019,410000,35.5657731786222,61.568672518563,104.858460997875,3.57138374782327,4.1201531781671,4.65261145030461,0,20.2621269440942,0.380116959064327,1.41007898446573,0.0269780242640777,2.39789527279837,1,6.36070107456427,5,0.554409527778626,15.6768329391611,1.60712180642685,2.6648679750414,0,0,0,0,0,0,0
410600,2020,410000,32.7812209094257,55.6177853015221,93.989313519295,3.48985581818114,4.01850302962977,4.54318108984232,0,20.5057166876839,0.383040935672515,1.40024206070082,0.0269780242640776,3.3322045101752,1,6.41688729133199,5,0.592666669686635,15.3928612374987,1.44229158871545,2.63171487292086,0,0,0,0,0,0,0
410700,2011,410000,52.980679511466,93.7209611279984,155.515134693769,3.96992730957266,4.54032186890069,5.04674305610349,0,17.4585675163843,0.167836734693878,0.925668379313781,0.0712396457981025,3.49650756146648,0,6.56200913326776,12,0.605691924561625,14.0298453560379,2.11008790524164,2.13138006855607,0,0,0,0,0,0,0
410700,2012,410000,53.0905917520898,94.1224825239099,156.669540765092,3.97199973273971,4.54459693966846,5.05413875117682,0,17.8008757248052,0.16709886547812,0.958334944609942,0.0409887217373256,3.46573590279973,0,6.73948712833926,14,0.622303106992141,14.3243986612171,1.66616703886222,2.07664251555535,0,0,0,0,0,0,0
410700,2013,410000,58.7969697888654,105.224542214007,173.316304985748,4.07409031937368,4.65609656410316,5.15511827761461,0,18.2868852521461,0.16624,0.990835915744728,0.0395259826881197,4.15888308335967,0,6.84119148823149,14,0.595341613240864,14.9233111998848,1.39358730543083,2.29467577225653,0,0,0,0,0,0,0
410700,2014,410000,51.7189007088899,91.5398728086631,150.507235356169,3.94582329901594,4.51677464576269,5.01401115848962,0,18.5069210947638,0.181443298969072,1.03122258983401,0.0387568578264564,4.06044301054642,0,6.99632484917897,14,0.592003729550735,15.692119887936,1.91673664286662,2.52967311843486,0,0,0,0,0,0,0
410700,2015,410000,47.0643892858515,82.4077954800661,139.153028108921,3.85151664894244,4.41168003778123,4.93557424920778,0,18.8922613400681,0.165097891566265,1.04308993322155,0.033013093129304,4.77068462446567,1,7.04161371678875,14,0.61461863414101,14.9734363628565,1.89979608334802,2.53231935243158,0,0,0,0,0,0,0
410700,2016,410000,43.6925695237394,76.0060166936509,130.672629944883,3.77717805386246,4.33081250417451,4.87269518741429,0,19.2370617934173,0.165634674922601,1.08595165734512,0.0302025831085614,4.96284463025991,1,7.06813631856356,14,0.613376395339551,15.2518179587821,2.83020881845512,2.53310188198251,0,0,0,0,0,0,0
410700,2017,410000,39.5332716841946,68.1243783137197,118.916233214082,3.67714263847258,4.2213351272716,4.77841932267097,0,19.5348034386015,0.166924265842349,1.11041517512966,0.0295180476890605,5.53733426701854,1,7.12334177206275,14,0.623132918451143,15.6684605472127,2.03450281636803,2.50097127189078,0,0,1,0,0,1,0
410700,2018,410000,35.6314928234495,61.5503459763009,112.612546887071,3.57322987667576,4.1198554736756,4.72395313833508,0,19.7990466999902,0.166158536585366,1.12765828813933,0.067032059066145,5.54517744447956,1,7.18516019097682,14,0.596490681171417,15.5556216892497,2.11910162357392,2.6103772260059,0,0,1,1,0,0,0
410700,2019,410000,34.5226455583567,58.9243775789052,103.110159525863,3.5416155017015,4.07625488582886,4.63579792667115,0,19.9577885538047,0.16566265060241,1.20975072606863,0.0670320590661455,5.2040066870768,1,7.27943497445621,14,0.575725466790407,15.7274944895335,1.79713432549172,2.47610574260659,0,0,1,1,0,0,0
410700,2020,410000,31.6057817440134,52.9676075439275,91.0315754934526,3.45334007043922,3.96968054829,4.51120642977655,0,20.3541316795565,0.166666666666667,1.22696982961009,0.067032059066145,5.2257466737132,1,7.33655965131158,14,0.610475778061411,15.514857463408,1.72978608030574,2.42012731989846,0,0,1,1,0,0,0
410800,2011,410000,54.3128345915962,93.8172787526795,156.52139284751,3.99476056349632,4.54134904749863,5.05319269614947,0,20.0604191126592,0.228918918918919,1.23630793284464,0.113925583153456,3.91202300542815,0,6.38512323331863,5,0.572407008342023,13.6711489606116,2.31502199778972,2.19688331125735,0,0,0,0,0,0,0
410800,2012,410000,53.6834561846775,92.8554730073858,156.2812366995,3.98310487555126,4.53104423067529,5.05165718351299,0,20.4077602212438,0.262183501225157,1.27704030311714,0.090451737467979,3.80666248977032,0,6.5306879397242,6,0.587843664412229,13.8646768818023,1.32833249898672,2.21465433094474,0,0,0,0,0,0,0
410800,2013,410000,59.3786110450854,102.472159336769,168.840537240505,4.08393407810693,4.62959114545745,5.12895470285963,0,21.5115163115849,0.26726481783578,1.33025895782493,0.0820719139353387,3.91202300542815,0,6.71352406452412,6,0.550835579071405,14.7417207438025,1.54888965606451,2.28672488726203,0,1,0,0,0,0,0
410800,2014,410000,50.8795563957704,86.7511005370057,143.59026540433,3.92946120035727,4.46304310505204,4.96696386465286,0,21.8262380226343,0.266504329004329,1.37624973937927,0.082076167233897,4.23410650459726,1,6.87011370522517,6,0.562215636923628,15.0856097671258,1.9246001539501,2.32154211234281,0,1,0,0,0,0,0
410800,2015,410000,48.3932883745669,82.9873330835978,141.537818919511,3.87936113416005,4.41868798269935,4.9525669528886,0,22.280446490763,0.264932199741713,1.40463551322713,0.0664755705006633,4.71849887129509,1,7.01678553635214,9,0.590002694782221,14.4827292083801,1.93845251490738,2.31437558544235,0,1,0,0,0,0,0
410800,2016,410000,46.4213432486924,79.3290253271593,135.25906691239,3.83775933728011,4.37360408093009,4.90719195364888,0,22.6442082484471,0.264705882352941,1.45323067307519,0.0618436252609269,4.52178857704904,1,7.15911741259854,9,0.592061990836881,14.6811659630822,2.81000258307557,2.33403108951472,0,1,0,0,0,0,0
410800,2017,410000,42.070315093922,71.3571983595261,123.842261132042,3.7393423873277,4.26769822684417,4.8190086681699,0,22.9407562951554,0.264150943396226,1.47666834807543,0.0664430101147371,4.47733681447821,1,7.22773508364546,9,0.590420485105155,15.1186293035466,1.8178025700017,2.60628428026811,0,1,0,0,0,0,0
410800,2018,410000,37.7226195230577,63.2303012801919,116.958238371324,3.63025990188253,4.14678363688903,4.76181693408335,0,23.2733631996833,0.201072386058981,1.49234576597787,0.092527103190217,5.06259503302697,1,7.04483620983496,9,0.591175200241917,14.9430567934221,2.30388578864038,2.69667442466366,0,1,0,0,0,0,0
410800,2019,410000,35.976767483853,59.959230284577,106.152235030677,3.58287338245892,4.09366483600352,4.66487424332729,0,23.334496832479,0.262734584450402,1.60196148782617,0.0925271031902169,4.86753445045558,1,7.14538081192003,9,0.568466306857343,15.1646666699686,1.89418077349909,2.61063104743564,0,1,0,0,0,0,0
410800,2020,410000,32.4834561497854,53.1476727113519,92.5417410972918,3.480730918185,3.97307431664869,4.52765979783927,0,23.6806840576134,0.263087248322148,1.3956572530967,0.0925271031902175,4.91998092582813,1,7.00807987121614,9,0.602636119667089,14.9795428538364,1.67563524932824,2.50871479742685,0,1,0,0,0,0,0
410900,2011,410000,51.2034006631278,92.2275295253385,153.01186961086,3.93580594904152,4.52425867086848,5.03051549753928,0,21.147233417842,0.165626500240038,0.854224892958164,0.0434333550126962,2.89037175789616,0,5.94940086789015,7,0.604009521504243,13.7845441985325,1.98122475960096,2.04511997464724,0,0,0,0,0,0,0
410900,2012,410000,52.2422030139947,94.5822125681923,156.580590892607,3.95589065509728,4.54946943055801,5.05357083521519,0,21.7564533969893,0.165440303821505,0.891306983857317,0.0394557993592871,2.94443897916644,0,6.11466299179812,7,0.608033336699009,14.0336434774018,1.46213315508283,2.03505429148983,0,0,0,0,0,0,0
410900,2013,410000,59.2795796219679,108.364291869488,178.695308992386,4.08226488956538,4.68549862393981,5.18568217107872,0,22.2413021640506,0.163910855499641,0.964521932753758,0.0364433580245864,2.99573227355399,0,6.3359009133225,8,0.569745240608851,14.5153214924064,1.67583598672487,2.43693558696325,0,0,0,0,0,0,0
410900,2014,410000,52.9009658836905,96.2945178066019,158.768855830195,3.96842159736846,4.56741138890325,5.0674494076025,0,22.4691537804742,0.164428739693757,1.01224184701013,0.0369506111590796,3.25809653802148,0,6.49506462614895,8,0.587880949676037,15.3250008683893,1.89158875925263,2.44093242007941,0,0,0,0,0,0,0
410900,2015,410000,46.6658485556517,83.434921468813,140.105355093944,3.8430126028372,4.42406694437248,4.94239467598109,0,22.9455361614167,0.164704785436237,1.04265463855946,0.036895899363483,3.40119738166216,1,6.65195793275569,8,0.612204763789972,14.5570901572749,1.79138783997118,2.52467061656885,0,0,0,0,0,0,0
410900,2016,410000,42.6148285854278,74.6410850329105,132.55475196077,3.75220228156626,4.31269109331594,4.88699578241887,0,23.41520893136,0.166281755196305,1.08461973505638,0.0373121619225321,3.25809653802148,1,6.79243091172111,8,0.607771429419518,14.841086982697,2.2339373277495,2.57494074014539,0,0,0,0,0,0,0
410900,2017,410000,39.5470066878011,69.6285824885518,122.066156399462,3.67749000709665,4.24317515097834,4.80456316332977,0,23.881368151064,0.166666666666667,1.10401244254103,0.0384370553776232,3.17805383034795,1,6.86285312534746,8,0.593342854082584,15.2623750650894,1.88264522368634,2.51635205970076,0,0,0,0,0,0,0
410900,2018,410000,35.4527974489567,62.293266871227,112.554794254625,3.56820216238817,4.13185334404953,4.72344016311034,0,24.3534326750859,0.172413793103448,1.1191819575325,0.0465064836307891,4.06044301054642,1,6.86092200895833,8,0.583761904140313,15.293531036632,1.93175800437442,2.6230907619728,0,0,0,0,0,0,0
410900,2019,410000,35.4010755652319,61.6741617658364,106.161879132625,3.56674220287681,4.12186507117327,4.66496509081515,0,24.7980026101868,0.172811059907834,1.08187735602493,0.0384370553776231,3.68887945411394,1,6.9016777945537,8,0.578111902376016,15.3932093164155,1.80473455947995,2.4364026533495,0,0,0,0,0,0,0
410900,2020,410000,32.5724288260997,55.4196980512568,93.2656518560043,3.48346618900083,4.01493509104859,4.53545189276073,0,25.2620875652917,0.173762945914845,1.10625673178407,0.0384370553776232,3.89182029811063,1,6.9493589570583,8,0.592511902749538,14.9129902412153,1.90525270654095,2.50719232602532,0,0,0,0,0,0,0
411000,2011,410000,50.9128088208048,89.9564540692031,148.175570739118,3.9301145386729,4.49932570956462,4.99839785945739,0,16.4483347248678,0.0843958712811172,1.10346730131062,0.068526775046276,3.63758615972639,0,6.33156154471911,5,0.585485708287784,14.9045823812424,2.29695632878075,1.97157696777812,0,0,0,0,0,0,0
411000,2012,410000,52.3299056685551,92.1937527870313,151.02096164673,3.95756801775599,4.52389237107638,5.017418646033,0,16.9186950402534,0.0841764467826791,1.13981910907507,0.0763762181058377,3.80666248977032,0,6.35358852776657,6,0.600089793971607,15.2323200913336,1.81358385183811,1.99041371550093,0,0,0,0,0,0,0
411000,2013,410000,56.0883376537747,98.883661521469,162.327249335613,4.02692790595812,4.59394402297392,5.08961435528676,0,17.6623267395174,0.0839679358717435,1.18018144553379,0.0707301658780246,4.40671924726425,0,6.71138938983412,6,0.555230612839971,15.9818794790646,1.49449715521023,2.14732552571522,0,0,0,0,0,0,0
411000,2014,410000,50.3441497703536,88.3036304683378,144.146597307214,3.9188824211597,4.48078122192142,4.97083081858356,0,17.8990139416956,0.0828331332533013,1.2462362123785,0.0603059641887101,5.08140436498446,0,6.87851670367549,6,0.553836735231536,16.2032085747404,2.13607719330753,2.31295307252495,0,0,0,0,0,0,0
411000,2015,410000,44.6257527634724,76.9504382508994,129.172872620695,3.79831110860677,4.34316155553702,4.86115160506682,0,18.2626358009517,0.0822552845850586,1.26738146590571,0.0547841899417484,5.3890717298165,1,7.04361978750809,7,0.599222451022693,15.5885261709882,2.321592060067,2.32038316516052,0,0,0,0,0,0,0
411000,2016,410000,41.4738800408608,72.0684471167386,123.187348743145,3.7250638324777,4.27761632182949,4.81370635705339,0,18.5376037379035,0.262745098039216,1.31567050119826,0.0493625705517494,5.83773044716594,1,7.18860540689199,7,0.591195915852274,15.959408201655,2.98762027841219,2.37632351349007,0,0,0,0,0,0,0
411000,2017,410000,38.1345243233744,65.5361552727979,113.662140089494,3.64112002204619,4.18260197924905,4.73323036456286,0,18.8013274986346,0.263779527559055,1.35505646401063,0.0444652831159653,6.05443934626937,1,7.25903997850113,7,0.612418366330011,16.2821322188878,2.51159530827378,2.35459138391583,0,0,0,0,0,0,0
411000,2018,410000,35.7083648394409,61.7405208770498,112.39478131588,3.57538497056751,4.12294045566055,4.72201750680768,0,19.0707004201315,0.263261296660118,1.39015677528166,0.0619129222254756,5.82894561761021,1,7.32176641051382,7,0.584955104334014,16.1819009954883,2.52589065227901,2.45500729887337,0,0,0,0,0,0,0
411000,2019,410000,34.1161855097629,58.4294981457714,97.968369500049,3.5297719200597,4.06782086754728,4.5846446663687,0,19.2282632747156,0.264187866927593,1.37773688273136,0.0619129222254756,5.35658627467201,1,7.35967729570918,7,0.568430609362466,16.4241866145656,1.86009243646231,2.30856203006723,0,0,0,0,0,0,0
411000,2020,410000,30.8815839609405,52.2407342868941,85.5106167503637,3.43016001791299,3.95586254089723,4.44864054075282,0,19.5582789443686,0.263671875,1.52358298574098,0.0619129222254757,5.73009978297357,1,7.37161914604687,7,0.604346941198621,16.3003760144363,2.37620691099437,2.23113781288779,0,0,0,0,0,0,0
411100,2011,410000,49.1111632373212,89.5460377898964,145.514791543569,3.89408636613433,4.49475288174221,4.98027774153777,0,16.2815902458822,0.509406657018813,0.994713890365819,0.0383896022042461,1.09861228866811,0,5.63757793132893,4,0.620100382212046,15.3557529258888,2.14931190976098,1.55164505358536,0,0,0,0,0,0,0
411100,2012,410000,50.2267693276512,91.3789208334534,147.94625267574,3.91654813810741,4.51501482640741,4.99684905021007,0,16.5955997219948,0.508363636363636,1.02055798373541,0.0326512316341845,1.09861228866811,0,5.77620898867063,4,0.622853277502833,15.6396302171633,1.99417139445348,1.57492558082386,0,0,0,0,0,0,0
411100,2013,410000,53.3745475088283,97.1964465323353,158.42997106504,3.9773339939265,4.57673415248881,5.06531267275132,1,17.0447673277703,0.508388037928519,1.05883515827092,0.0319675731612391,2.70805020110221,0,5.96235777724764,4,0.617003859700383,16.3767586280453,1.84140342916364,1.82847534768965,0,0,0,0,0,0,0
411100,2014,410000,48.9792400215005,88.9907231173225,144.464560423633,3.89139653530525,4.48853212966251,4.97303422088832,1,17.1488688404516,0.503187101612298,1.12924030882554,0.0506417456412167,2.39789527279837,0,6.12841753422223,4,0.588324326115686,16.211875073503,2.54690612994499,2.19168784318527,0,0,0,0,0,0,0
411100,2015,410000,42.2778536257183,75.2656964906543,124.543478362636,3.74426339400193,4.32102447311479,4.8246548787366,0,17.3841168638099,0.502425011192359,1.16230581845594,0.046485554361127,2.89037175789616,1,6.28961628741339,5,0.621000004781259,15.7343645368686,2.45275387011698,2.24164959999261,0,0,0,0,0,0,0
411100,2016,410000,39.5700683051312,71.1167452365022,119.667651808732,3.67807298158061,4.26432282576729,4.78471833217123,0,17.5725960958255,0.50185873605948,1.20978881994868,0.0456401869909836,2.39789527279837,1,6.43031493152944,5,0.611447878786035,16.1111714393427,2.9290481992141,2.26193212795321,0,0,0,0,0,0,0
411100,2017,410000,36.1034134865824,64.0831508046573,111.363848144119,3.58638741728368,4.16018147141175,4.71280275188094,0,17.7381088091476,0.50187265917603,1.23453140072063,0.0453770965561199,3.04452243772342,1,6.50009693666557,5,0.638710429539552,16.3584271333401,3.06936545116627,2.18273367905562,0,0,0,0,0,0,0
411100,2018,410000,34.5275869494946,61.4868120016511,110.917882838624,3.54175862623467,4.1188227128196,4.7087901332829,0,17.9087029065182,0.50187265917603,1.2560422243809,0.0386889473246264,2.89037175789616,1,6.55736679949314,5,0.612440155970084,16.2535673534017,2.77038633713302,2.27039033440676,0,0,0,0,0,0,0
411100,2019,410000,32.9936374334775,58.3501963311991,96.9372215257435,3.49631473783106,4.06646272344326,4.57406356821303,0,18.0396488362461,0.503731343283582,1.42363540708042,0.0386889473246264,3.55534806148941,1,6.65253547559387,5,0.596243244570655,16.5585154825607,1.68684799971767,2.13564869641216,0,0,0,0,0,0,0
411100,2020,410000,30.1292929373049,52.6319950712647,84.1921805698084,3.40549788580097,3.96332420613847,4.4331020495939,0,18.329120576229,0.50561797752809,1.42081819768652,0.0386889473246264,3.71357206670431,1,6.69926585084602,5,0.643772199347213,16.4814279995003,2.87227180680637,2.0870526077729,0,0,0,0,0,0,0
411200,2011,410000,36.5046068291562,63.4676007724322,113.188491334991,3.5974384671215,4.15052955163387,4.72905449394865,0,3.07863528721899,0.13209219858156,1.35113057764886,0.0124033023947881,1.94591014905531,0,6.15128952268653,5,0.635071949584641,12.3134227115831,2.42271123594983,1.73148367945081,0,0,0,0,0,0,0
411200,2012,410000,37.4485864165343,64.7552653102697,114.146957294808,3.6229689633639,4.17061501480668,4.73748671729692,0,3.21503258712361,0.132242370632463,1.39939194062584,0.0129131429466961,2.39789527279837,0,6.33979816576372,6,0.664391031230453,12.3906140128398,1.25158997642627,1.86502317585604,0,0,0,0,0,0,0
411200,2013,410000,39.6681307470656,68.9817630941649,126.25433334099,3.68054811335217,4.23384216667995,4.83829839105942,0,3.33730512842062,0.131834215167548,1.42311070179792,0.0151856231130425,2.30258509299405,0,6.52506745646153,6,0.628185613747061,13.6784457712511,1.62618387403513,2.10352361472671,0,1,0,0,0,0,0
411200,2014,410000,36.7543613068173,63.285072781486,113.101209745781,3.60425689363296,4.14764948430278,4.72828307931404,0,3.40851820856357,0.132133450395083,1.44198838457711,0.0118146421729023,3.13549421592915,1,6.66886111768005,6,0.653207510057157,13.5185604245009,2.18536659525367,2.05374513557844,0,1,0,0,0,0,0
411200,2015,410000,30.0209983588906,51.3991954502244,90.9490587050552,3.40189708211105,3.93962251961924,4.5102995553235,0,3.50279507939828,0.128400578262584,1.44717139686309,0.0348810281445381,2.94443897916644,1,6.81652375160365,6,0.678616265528393,12.8746960040079,2.11781649690853,2.54324704626784,0,1,0,0,0,0,0
411200,2016,410000,30.0327544151452,51.6127880623199,92.2693494280877,3.40228859990508,3.94376947244769,4.52471201082417,0,3.59838651377477,0.279475982532751,1.47861634081567,0.0547749934935617,3.3322045101752,1,6.94430571373376,6,0.677069865221525,13.1991018330927,2.1913231508055,2.57770869294639,0,1,0,0,0,0,0
411200,2017,410000,28.7471523580882,49.9038016046354,90.8267840750898,3.35853871392342,3.91009718431722,4.5089542209101,0,3.65993528539673,0.276315789473684,1.50685580824559,0.0555437588797922,3.13549421592915,1,7.0116343690627,6,0.662469239783113,13.2747668257511,2.07032466921564,2.58502357421098,0,1,0,0,0,0,0
411200,2018,410000,25.9331373380686,44.8356715674202,89.0363205059445,3.25552158482965,3.80300406293397,4.4890443820562,0,3.73821981079895,0.277533039647577,1.53692561522557,0.0213413563113071,3.29583686600433,1,7.07707913628119,6,0.682174139214258,13.0832436145976,1.73708077971445,2.68364958855192,0,1,0,0,0,0,0
411200,2019,410000,25.6198197295311,43.7411125323974,77.0387952677561,3.24336626012577,3.77828845005084,4.34430912961781,0,3.77253445221729,0.277533039647577,1.4828543800358,0.0213413563113071,3.36729582998647,1,7.1614230298086,6,0.66157977054589,13.2011967945351,1.99686734376271,2.5182798211669,0,1,0,0,0,0,0
411200,2020,410000,22.2225794332286,37.9838446956369,66.6672963670832,3.10110886357791,3.63716092974043,4.19971452334157,0,3.85932284384155,0.278145695364238,1.48449986450024,0.0213413563113071,3.3322045101752,1,7.21005078789904,6,0.692944730502846,13.0514316293771,1.60455312624542,2.41272921829213,0,1,0,0,0,0,0
411300,2011,410000,43.6288396137195,75.6128301753723,125.934533959769,3.77571839071765,4.3256259801006,4.83576220017944,0,6.96134237563355,0.159047381130819,0.765005867658219,0.0422079089141554,3.63758615972639,0,6.82981628846721,12,0.62758060715385,15.5139195818604,2.11164838868213,1.65239827846137,0,0,0,0,0,0,0
411300,2012,410000,44.2332077490046,76.7568407785612,126.209270770104,3.78947581353274,4.3406425131607,4.83794140834484,0,7.10855631094991,0.160988145569096,0.783014265262259,0.0354369624997698,3.40119738166216,0,6.96014120350768,13,0.653276935552752,15.6418556977605,1.95795015535624,1.699702188656,0,0,0,0,0,0,0
411300,2013,410000,47.2624907181258,82.03403155352,137.276408647526,3.8557169728272,4.40713418011308,4.92199647461311,0,7.41608727672163,0.158838599487617,0.823767951776889,0.0445137064479638,4.02535169073515,0,7.13360245724855,13,0.624469272584223,16.403661830023,2.08367335824703,1.9051025685476,0,0,0,0,0,0,0
411300,2014,410000,43.6775858472999,75.4636245529781,125.201912646537,3.77683506084561,4.32365074615467,4.82992773527884,0,7.53072833535674,0.158202133062468,0.851611192246893,0.0444299381968745,5.01063529409626,0,7.29655189022744,14,0.623247405753455,15.9934997711509,2.47335522887505,2.25648229424999,0,0,0,0,0,0,0
411300,2015,410000,36.0863411710864,62.0294181101128,103.863731882564,3.58591443283055,4.12760875815935,4.64307976962664,0,7.64111249924699,0.158342448464451,0.888256449036403,0.041881306078822,4.79579054559674,1,7.45410572292445,15,0.644432961441285,15.5342663036959,2.34605047699968,2.3416853164527,0,0,1,0,1,1,1
411300,2016,410000,33.4503011524951,58.0728158001198,99.0293763663329,3.51006078959784,4.06169766796418,4.59541653709172,0,7.74642909281944,0.1581589958159,0.926172904386065,0.0346214214028008,4.39444915467244,1,7.59401308752993,15,0.639385076208488,15.9285797649218,2.64408126181008,2.38395546253208,0,0,1,1,1,0,0
411300,2017,410000,31.1855869031075,54.0065433922351,93.2060464683989,3.43995602984613,3.98910521315359,4.53481259585755,0,7.81446478588125,0.158333333333333,0.940969067351499,0.0394555987197795,4.72738781871234,1,7.6473779196535,15,0.662400638008251,16.0235098397599,2.95321055535064,2.30503893205318,0,0,1,1,1,0,0
411300,2018,410000,29.5957127945663,51.3092959701797,91.9751211767837,3.38762951281857,3.93787194375624,4.52151811848694,0,7.85095197055898,0.163974151857835,0.940881091455992,0.0431347114455887,4.9416424226093,1,7.70464656946647,15,0.64831604213355,15.8643320096833,2.88743582330077,2.38867460212105,0,0,1,1,1,0,0
411300,2019,410000,29.0447231316234,50.4473036890231,83.0827395102284,3.36883681900531,3.92092930015875,4.41983697282908,0,7.88615360694324,0.164648910411622,0.97395643906845,0.046104189345424,4.51085950651685,1,7.79080017301936,15,0.638408562716316,16.1510623969795,1.82010120193634,2.27186463925733,0,0,1,1,1,0,0
411300,2020,410000,25.1432720813904,43.5520202034593,71.4213328985285,3.22459034908378,3.77395609036175,4.26859660481109,0,7.96401916532029,0.165587044534413,0.990847846437521,0.0363386205094657,4.75359019110636,1,7.83942985125478,15,0.672489625781608,15.9455169844098,2.89207166237416,2.1399621249707,0,0,1,1,1,0,0
411400,2011,410000,44.8756337923521,82.7770748950362,136.54570022513,3.80389497021516,4.41615114980638,4.91665935877604,0,17.0299976652406,0.193461372464394,0.633660239286728,0.00958429307122928,2.484906649788,0,6.25069012118192,6,0.652403301527711,14.6743216099572,2.05429412866331,1.92809894851838,0,0,0,0,0,0,0
411400,2012,410000,45.7807163745987,84.7311391938939,138.525452595283,3.82386296260205,4.43948317510871,4.9310540819943,0,17.5350270666468,0.193876458623274,0.650168495689533,0.009729108425947,3.66356164612965,0,6.44039989811233,8,0.635436345930813,14.9716995947955,1.93288292416489,1.96718471746994,0,0,0,0,0,0,0
411400,2013,410000,49.3460007455806,91.3597997010957,150.090599443628,3.89885672400563,4.51480555349172,5.01123910805476,0,18.3400776801454,0.194462126034373,0.682085275107055,0.0101574979160327,2.99573227355399,0,6.61634100741252,8,0.626108844669498,15.6086767758942,2.03240329937616,2.22544737872565,0,0,0,0,0,0,0
411400,2014,410000,45.8588081030887,84.544139196413,139.452773636285,3.82556728718989,4.43727375533602,4.93772600370205,0,18.525874759199,0.190060018953354,0.722877420780164,0.0123235123087984,3.36729582998647,0,6.78689437039476,8,0.605034987334491,16.1110212627321,2.44340764683458,2.12762744532863,0,0,0,0,0,0,0
411400,2015,410000,39.920587916943,71.6269281275333,116.529139281807,3.68689217871315,4.27147109442871,4.75814136432093,0,18.9087853962605,0.189222653445567,0.750710703782204,0.0103328564676187,2.70805020110221,1,6.9262645297205,9,0.62177162064987,15.134938158081,2.32801206705941,2.36007879625965,0,0,0,0,0,0,0
411400,2016,410000,37.4017439000538,66.6764875509979,111.393882250305,3.6217173316771,4.19985238029536,4.71307240902204,0,19.1756222529058,0.188331627430911,0.784355009348327,0.00966446436541897,3.17805383034795,1,7.06028741270299,9,0.623473276086405,15.6263237395843,2.6169675107054,2.47158777802826,0,0,1,0,1,1,1
411400,2017,410000,35.9347622145207,64.2087809942403,111.348368511375,3.58170513379877,4.1621399769542,4.71266374169999,0,19.4217010214846,0.188449848024316,0.808590037075417,0.0090098448449343,3.66356164612965,1,7.13351813309802,9,0.641400386078828,16.0583578681219,2.63422997736316,2.36854097433292,0,0,1,1,1,0,0
411400,2018,410000,33.2367989268872,59.192872265457,105.376084076068,3.5036576635114,4.08080113371985,4.65753570406097,0,19.65781691669,0.188188188188188,0.831485999283536,0.00969678639568293,4.0943445622221,1,7.20527866397908,9,0.602836734178115,16.0436605364261,2.66025236529164,2.44446125885526,0,0,1,1,1,0,0
411400,2019,410000,32.202156602877,56.7762943047338,96.2530932561196,3.47203342555225,4.03911888482088,4.56698111037741,0,19.8058811892459,0.188059701492537,0.936351388010803,0.00969678639568298,4.4188406077966,1,7.29595453280369,9,0.606802723845657,16.3508912964241,1.8710154411853,2.26524680983318,0,0,1,1,1,0,0
411400,2020,410000,29.4100554415503,51.1428815138232,84.5196712836866,3.38133663768994,3.93462331387254,4.43698430352693,0,20.0880701191232,0.188894397620228,0.9343769796133,0.00969678639568296,4.20469261939097,1,7.34930860271925,9,0.636073856734905,16.2003385062914,2.38674873116488,2.1839819981633,0,0,1,1,1,0,0
411500,2011,410000,39.3352942473137,71.1270354225717,115.301510588322,3.67212218830016,4.26446750957757,4.74755052856232,0,8.00158568995716,0.170088980150582,0.641284261123093,0.0337950814037103,1.79175946922805,0,6.49185010597921,8,0.632658577103412,15.8749342019283,2.29487558700347,1.95265527803776,0,0,0,0,0,0,0
411500,2012,410000,39.180726815612,71.0260526465468,113.614893303249,3.66818496302356,4.26304674841954,4.73281460071536,0,8.12237319536752,0.17422825070159,0.693343643070133,0.0313113406451911,2.56494935746154,0,6.59742452361797,10,0.648066741619331,16.0326893026393,2.82129981722433,1.89873507231471,0,0,0,0,0,0,0
411500,2013,410000,41.0926649370088,75.543710165843,122.329656849752,3.71582963688884,4.32471143132632,4.80671950593556,0,8.23322872316504,0.173877645964178,0.742943284874255,0.0267312521032858,2.19722457733622,0,6.76545469179707,10,0.641203530967005,16.9088864817235,2.71152427625773,2.19721021471868,0,0,0,0,0,0,0
411500,2014,410000,39.2466577688986,71.276699752647,115.720612684653,3.669866288218,4.26656948232423,4.7511787746381,0,8.346463737693,0.169811320754717,0.775070262388921,0.0264358147609798,2.19722457733622,0,6.9296765320372,10,0.652621621215666,16.7095592892582,3.28446241623144,2.16956774610535,0,0,0,0,0,0,0
411500,2015,410000,33.1243065433084,59.0241724723811,92.6254137196,3.50026734954562,4.07794706292211,4.52856355021464,0,8.40170114265332,0.170720299345182,0.806683200334659,0.0213308958233401,2.39789527279837,1,7.09055681673867,10,0.645048540071171,16.3812382828629,3.68972071809653,2.21123116944646,0,0,0,0,0,0,0
411500,2016,410000,29.7048175748873,53.27700524002,85.1677315162278,3.39130924056304,3.97550481669482,4.44462262402345,0,8.50539917436569,0.170704845814978,0.838475743529766,0.015685498753969,2.99573227355399,1,7.16803562982877,10,0.664530609335218,16.7130813375744,4.23848468215489,2.2657029454113,0,0,0,0,0,0,0
411500,2017,410000,29.105859433713,52.0081045159879,84.9831441970739,3.37093950901864,3.95139956251382,4.44245293326173,0,8.57138710037413,0.171240395170143,0.860010754158044,0.0165157091230442,2.99573227355399,1,7.2118253163949,10,0.66471042458155,16.979423191886,4.38898373328435,2.12827266898691,0,0,0,0,0,0,0
411500,2018,410000,27.3257616191711,48.8747228375886,82.4902866146966,3.30782990628793,3.88926034744727,4.4126805484053,0,8.64853006017484,0.172149122807018,0.883641148379717,0.019868766198232,3.61091791264422,1,7.27000593202648,10,0.643303364170104,16.7978715025779,3.61111788683494,2.2081493680594,0,0,0,0,0,0,0
411500,2019,410000,25.6892275986673,45.5901409173951,74.3512822495283,3.24607174444431,3.81969148519217,4.30880091888426,0,8.68557390959426,0.173245614035088,0.962781849497078,0.0198687661982321,3.63758615972639,1,7.35796892821641,10,0.642779369842132,17.1277867043622,2.23089765239902,2.10250514189298,0,0,0,0,0,0,0
411500,2020,410000,22.4591755021188,39.2091355970901,63.0081747124818,3.11169923902468,3.66890977059044,4.14326447531476,0,8.75180930222265,0.173984632272228,0.97088893685387,0.019868766198232,4.17438726989564,1,7.40943739093857,10,0.660274681667564,17.0072224966133,4.31342165198047,1.97539114662535,0,0,0,0,0,0,0
411600,2011,410000,45.6548111582853,84.6582810227734,137.806063644933,3.82110899378301,4.43862293040723,4.92584736084028,0,15.0611256724516,0.0496568429551877,0.537681008768371,0.0209302425155082,2.30258509299405,0,6.27977410581652,9,0.644572283693416,15.2035353236772,2.0302759239868,1.59793489169194,0,0,0,0,0,0,0
411600,2012,410000,46.8221981486334,86.7163701064538,140.357421499784,3.84635740988495,4.46264267918675,4.94419217992632,0,15.4325394864979,0.0476732834363814,0.579067014043517,0.0224687123117197,1.6094379124341,0,6.34591204742075,9,0.630897345835577,15.4736510315868,2.06415876037748,1.65251294635586,0,0,0,0,0,0,0
411600,2013,410000,49.9859255888464,92.6931874988527,151.475661292773,3.91174147757983,4.52929498010704,5.02042496051073,0,15.8150293937557,0.047134771842943,0.667324199842541,0.0268128755349971,2.484906649788,0,6.53687762002608,9,0.623718563846485,16.1118079977058,1.98093396374005,1.88803524651815,0,0,0,0,0,0,0
411600,2014,410000,46.5693748573294,85.9122386066342,139.834429271412,3.84094313318354,4.45332629388973,4.94045907466788,0,15.91010483338,0.04826582585496,0.670571634457736,0.0244317955499148,2.484906649788,0,6.70428459416896,9,0.606708299970912,16.4017637835208,2.41998209086218,1.95652138294788,0,0,0,0,0,0,0
411600,2015,410000,40.1605488805112,72.1219836502084,115.086646683111,3.69288514263348,4.27835890281278,4.74568529408109,0,16.1222800690553,0.0481777634909792,0.691244539062243,0.0232941791628936,2.89037175789616,1,6.8600961082016,10,0.626879383882363,15.6597201349137,2.4200729997346,2.17168558913505,0,0,0,0,0,0,0
411600,2016,410000,36.8621385273976,66.0564675335064,109.015434509596,3.60718496812241,4.19050994492565,4.69148947321014,0,16.351900339524,0.0508339952343129,0.71874871400804,0.0230428387244479,3.2188758248682,1,6.99329674118633,10,0.615516678480331,16.0813173967067,2.73189450143586,2.25921765359907,0,0,0,0,0,0,0
411600,2017,410000,35.5229515824852,63.2853793371472,108.901566352092,3.57017901102541,4.1476543283348,4.69044441323393,0,16.6185161148133,0.0508744038155803,0.744022867916856,0.0310693477690582,3.09104245335832,1,7.04662643366301,10,0.641686054760824,16.385257127391,3.11307581195861,2.17995017035159,0,0,0,0,0,0,0
411600,2018,410000,33.280394849921,59.3135046155905,106.084320138475,3.50496848036342,4.08283701389736,4.66423425089558,0,16.8033206924506,0.0508339952343129,0.768884916730527,0.0238629873564042,3.43398720448515,1,7.10480790443765,10,0.611949529833422,16.419377057225,2.7331090867122,2.28623846349606,0,0,0,0,0,0,0
411600,2019,410000,31.8238703956232,56.3299063660291,94.906161444573,3.4602166495676,4.03122559066539,4.55288862916239,0,16.9481896753517,0.050914876690533,0.859516645589046,0.0238629873564042,3.66356164612965,1,7.18551078961273,10,0.5917869954409,16.7751387061312,1.6796202220352,2.16011007327146,0,0,0,0,0,0,0
411600,2020,410000,28.9927392714188,50.6072039852912,82.2087695587149,3.36704542868761,3.92409393741041,4.40926198200076,0,17.2250468891706,0.110934393638171,0.86879488533848,0.0238629873564042,3.55534806148941,1,7.23603253390436,10,0.63368947812897,16.6557844262126,2.82048760316325,2.0753570866186,0,0,0,0,0,0,0
411700,2011,410000,43.9186511880532,81.1319134030767,131.53390941653,3.78233908607517,4.39607639053755,4.87926468466142,0,10.9341268163136,0.103015357022755,0.628199391709828,0.0142408016746966,3.73766961828337,0,6.14880066910756,10,0.608535714728652,15.6228492446451,2.04563882910152,1.560925208559,0,0,0,0,0,0,0
411700,2012,410000,44.4287931097767,82.0773144199883,132.085214752001,3.79388775272059,4.40766166183246,4.88344728060112,0,11.1156806161398,0.0906361209964413,0.660238273356144,0.0125046154263782,2.83321334405622,0,6.21576402719906,10,0.630738545279458,15.8556572633714,2.12153063073363,1.54646647627345,0,0,0,0,0,0,0
411700,2013,410000,47.1915993689851,87.7103509917002,143.000009754062,3.85421589728063,4.47403991968485,4.96284469847013,0,11.3576131361185,0.0899553571428571,0.708727818821093,0.0162482956123636,2.77258872223978,0,6.41055884453884,10,0.613107141880494,16.6784589159055,2.17320202351467,1.84767741534685,0,0,0,0,0,0,0
411700,2014,410000,44.1873752557221,81.7265378896096,132.500478028199,3.7884391205857,4.40337877029323,4.88658625317976,0,11.4478948350659,0.0904844666521833,0.737061288553363,0.0145516843327586,2.94443897916644,0,6.57977751080133,10,0.612632751043113,16.1700281870804,3.03508073628088,2.23923118759085,0,0,0,0,0,0,0
411700,2015,410000,37.2324482084902,67.4290749047681,108.578539487875,3.61718064474731,4.21107630331037,4.6874737773634,0,11.5711044150925,0.0905702131316604,0.766200424662517,0.0152663581908884,2.94443897916644,1,6.75695217639192,10,0.611844339038966,15.826343215069,2.70510758569175,2.27641170896844,0,0,1,0,0,1,0
411700,2016,410000,34.0351794339007,62.0953818403077,102.765820216073,3.52739467892658,4.12867161967343,4.63245280956412,0,11.7398665176848,0.0906217070600632,0.795779837376522,0.0154241723297096,2.89037175789616,1,6.89789580195377,10,0.614517520480561,16.1773953187589,3.19164949963709,2.26000831264559,0,0,1,1,0,0,0
411700,2017,410000,32.5581810998861,58.9187382225499,100.219803398338,3.48302867654833,4.07615917626923,4.60736580782878,0,11.860188419791,0.0884495317377731,0.819002164790101,0.0100525811954069,2.89037175789616,1,6.97045168414211,10,0.634109166011495,16.435431002035,3.63895957114569,2.17191080513045,0,0,1,1,0,0,0
411700,2018,410000,31.4226876642029,57.1130212522573,99.9108196232506,3.44753016908649,4.04503213361084,4.60427798432704,0,12.011630421138,0.0881742738589212,0.847278601534142,0.014995288430231,3.71357206670431,1,7.04221357414657,10,0.602112532505449,16.2366975028087,3.30020313110648,2.24065557522575,0,0,1,1,0,0,0
411700,2019,410000,29.3763091330833,52.9961046828441,87.9560666203668,3.3801885377039,3.97021841430101,4.47683744686457,0,12.1170127664002,0.0892116182572614,0.925351946240688,0.0179638166013107,3.58351893845611,1,7.14007331226407,10,0.588437333421887,16.5771977306683,1.80568741922589,2.1079136161666,0,0,1,1,0,0,0
411700,2020,410000,26.1444842510551,46.5856882752402,75.2332790822679,3.26363824096073,3.84129337540396,4.32059367405102,0,12.3237323213255,0.0895908855515277,0.946818220232257,0.0137990533232915,4.38202663467388,1,7.19813607695158,10,0.623514823053243,16.5254054230152,3.27360384235613,2.06678999541618,0,0,1,1,0,0,0
420100,2011,420000,43.5206575320408,72.3533348386024,115.719654624968,3.77323571116611,4.28156154515418,4.75117049552837,0,10.4927095403631,0.622823984526112,1.81186638385172,0.218509800975344,6.4150969591716,0,7.88834873368721,18,0.569090906417731,16.7639031430017,3.30866651310726,2.37805281281811,0,0,0,0,0,0,0
420100,2012,420000,42.524523686358,71.1996050138603,112.651476109161,3.75008093742809,4.2654872708444,4.72429877029139,0,10.8851621408299,0.624315443592552,1.94073170222279,0.160509104017434,6.59714570188665,0,8.02982052415988,18,0.58660317641316,16.7198540471259,4.22559546071968,2.24417955135652,1,0,0,0,0,0,0
420100,2013,420000,47.1275967972576,80.5033843979958,124.059593073054,3.85285874870107,4.3882992257519,4.82076203945781,0,11.4273494046719,0.623525118598711,2.02792432632048,0.148896381992783,6.7945865808765,1,8.18327419270196,18,0.572128426245969,17.6922297392967,4.13601279711034,2.53434828152607,1,0,0,0,0,0,0
420100,2014,420000,43.798104840436,72.6375355868238,114.69209565041,3.7795905479631,4.28548180732468,4.74225110851231,0,11.6093904814684,0.622386075184335,2.10656813793454,0.16124449294625,7.08506429395255,1,8.32605382828076,18,0.579542570342921,17.5439417656604,3.89893962265281,2.36733704829203,1,0,0,0,0,0,0
420100,2015,420000,37.640384875443,62.4539043989028,98.0039544248523,3.62807753983608,4.13442875501603,4.58500782913048,0,11.9782797622046,0.622016954670976,2.17488223516345,0.160175558682894,7.23056315340929,1,8.42427578147069,18,0.56980952259266,17.2800139809068,4.75921193815592,2.30682745464668,1,0,0,0,0,0,0
420100,2016,420000,31.8310909980292,53.6876463506007,86.3973621297504,3.46044351648509,3.98318292571237,4.45895714443827,0,12.3890057433624,0.621103117505995,2.23597253560312,0.132642911387239,7.62705741701893,1,8.3231433472165,19,0.57950360847242,17.5229789902032,5.64085148092556,2.54815917802879,1,0,0,0,0,0,0
420100,2017,420000,30.6820823031287,51.4568780948682,83.6440783976918,3.42367884587543,3.94074413837646,4.42657063470224,0,12.7440299259409,1,2.28164956367467,0.144424730042662,7.87663846097546,1,8.38643717968392,19,0.606304472745067,17.7760668062956,3.88827390600832,2.48518498235951,1,0,0,0,0,0,0
420100,2018,420000,26.9327761055663,45.2701866424069,75.6544996528672,3.29334398749515,3.81264868431118,4.32617691834478,0,13.1451416528121,1,2.31325296344824,0.144904768109458,8.1056094022999,1,8.45278760164632,19,0.585229437459599,17.8738558251813,3.35419405591072,2.65263280132028,1,0,0,0,0,0,0
420100,2019,420000,25.7264439962167,43.3399016530392,71.8076718879898,3.24751941216486,3.7690737269095,4.2739913211537,0,13.3588803802039,1,2.35954372165334,0.15038501918612,8.21283958467648,1,8.53349392950166,19,0.56819336161469,17.9723157304997,2.53868477252123,2.51154955023884,1,0,0,0,0,0,0
420100,2020,420000,21.326790960423,35.6117727414383,57.6524419224395,3.05996407392739,3.57267627817467,4.05443260353595,0,13.7365442423632,1,2.30682552344303,0.173009694778566,8.24117615049496,1,8.4030177763635,19,0.605720055223715,17.567266499866,4.70704989830299,2.39270869917944,1,0,0,0,0,0,0
420200,2011,420000,37.2978497066541,65.2416259783082,101.776614811109,3.61893567637285,4.17809770046965,4.62278036074422,0,5.1325868321224,0.274894271434064,1.1726370480863,0.15417321942258,2.30258509299405,0,5.92512499371891,7,0.648162228576208,15.9104786268169,3.54852617144486,2.32312748868846,0,0,0,0,0,0,0
420200,2012,420000,35.2350349936933,62.7302298914652,96.3792921227774,3.56204089993,4.138843466879,4.56829136653671,0,5.31599207787123,0.273804971319312,1.23467236535317,0.125601445707323,3.36729582998647,0,6.11120080597196,7,0.653997577347998,15.6988591878039,5.95588557420492,2.19606931491266,0,0,0,0,0,0,0
420200,2013,420000,38.0552181283181,67.3692460965786,105.108903082667,3.63903821362562,4.21018862441832,4.65499698488191,0,5.75215865391629,0.239420510865421,1.28351765519336,0.154762397187042,3.80666248977032,0,6.34203564864135,7,0.638641645847741,16.7730279348856,4.27071791358311,2.57083226871682,0,0,0,0,0,0,0
420200,2014,420000,35.1797260729617,61.7628156552869,98.7701159025495,3.56046995283685,4.12330149495074,4.59279508837839,0,5.89475460602866,0.31686156167484,1.31550962280173,0.143956487275168,4.15888308335967,0,6.52483797946061,7,0.649980628894547,16.5956345474173,4.95431771607976,2.36525774477577,0,0,0,0,0,0,0
420200,2015,420000,30.4723803587852,53.5338909437239,82.9998642011423,3.41682071133735,3.98031492892462,4.41883897166444,0,6.12559326264191,0.315818934955405,1.31335934502494,0.153817601098101,3.93182563272433,1,6.6870735567411,7,0.648883778665025,16.3557123034833,6.14462107823993,2.47749011914211,0,0,0,0,0,0,0
420200,2016,420000,27.5508928674311,48.8000694239987,76.3859969342059,3.31603494405493,3.88773173548101,4.33579939317201,0,6.37330764647875,0.314814814814815,1.3424885374528,0.123616144576347,4.84418708645859,1,6.67228422538087,7,0.646951571864597,16.6052756523782,6.49209287813935,2.59216416525818,0,0,0,0,0,0,0
420200,2017,420000,27.0504351906153,47.3680327862844,72.9803676299696,3.29770309354072,3.85794758739028,4.29019046840271,0,6.64448244549791,0.494464944649447,1.38515736811995,0.157608651109687,4.7361984483945,1,6.76165808914473,7,0.673610171019021,16.7189812550211,5.540021001293,2.49301270982844,0,0,0,0,0,0,0
420200,2018,420000,22.2182154836591,38.8077124292297,63.7095663415484,3.10091246971989,3.65861900082552,4.15433472934881,0,6.88348296083845,0.494505494505495,1.42378363701935,0.157771737333477,5.01063529409626,1,6.832519588003,7,0.652653750221608,16.6939343423978,4.62970271195474,2.53476680761651,0,0,0,0,0,0,0
420200,2019,420000,21.9731582838009,38.0854927412159,62.0985823057332,3.08982163044814,3.63983344167504,4.1287231594636,0,7.04163375965574,0.227106227106227,1.4962880843938,0.15838068859775,4.52178857704904,1,6.93840720786615,7,0.625973366579767,16.7285779035654,3.66702178890523,2.47475855645406,0,0,0,0,0,0,0
420200,2020,420000,18.8835015067791,32.4477122579613,52.6656529450578,2.93828860468571,3.47962994013974,3.96396349629496,0,7.191859275361,0.225274725274725,1.43561478343833,0.154467808304811,4.46590811865458,1,6.73015144736308,7,0.668309924461074,16.5688780202563,5.70652539716974,2.46565214631066,0,0,0,0,0,0,0
420300,2011,420000,32.4579715953667,57.4981314508079,96.4458080488331,3.47994607077367,4.05175245076759,4.56898127597936,0,0.87020419367343,0.153846153846154,0.928550718269033,0.021698365166609,2.07944154167984,0,5.72055066042788,10,0.743529360992777,15.16622433771,2.62998823095026,1.54798827980102,0,0,0,0,0,0,0
420300,2012,420000,32.6956699062364,57.8189615713028,94.6770489637613,3.48724265036554,4.05731677674693,4.55047161563195,1,0.904414143034122,0.155780346820809,0.989963632054057,0.0292168644590325,2.07944154167984,0,5.99245044727927,11,0.769462750367592,15.0689171713339,2.21647884641428,1.46519453786863,0,0,0,0,0,0,0
420300,2013,420000,34.4191070574959,60.9736310832731,104.618975108819,3.53861184789882,4.11044149339114,4.65032494157274,0,0.977847044992198,0.156619555811941,1.05358089446737,0.029003825311781,3.2188758248682,0,6.23737894010497,11,0.765392637325942,15.9865205852897,2.21424055775543,1.64750146840454,0,0,0,0,0,0,0
420300,2014,420000,32.4550859057743,57.4769625916043,96.8699440756142,3.47985716140149,4.05138421694062,4.57336929612435,0,1.00453369176813,0.339769452449568,1.11604983946941,0.0289398607970338,3.17805383034795,0,6.42503927237291,11,0.765996934811762,15.7326250185481,2.9461109244586,1.73499247915523,0,0,0,0,0,0,0
420300,2015,420000,24.1658052321859,42.9971622174731,70.293981198656,3.18493862699248,3.76113411857331,4.25268617920053,0,1.00499321706483,0.340868358674915,1.17229572836336,0.0316058988861192,3.3322045101752,1,6.5888974394961,11,0.774403593840043,15.6365471669917,2.58057976725305,1.82333485727858,0,0,0,0,0,0,0
420300,2016,420000,23.0139786013096,41.2416266704777,68.4987706339055,3.13610179658896,3.71944810236887,4.22681579815685,0,1.03799548837304,0.341954022988506,1.22446281368076,0.0241296154601189,4.06044301054642,1,6.65207894972225,11,0.778792727030128,16.0352935517561,2.75341507354529,1.82594732126685,0,0,0,0,0,0,0
420300,2017,420000,21.2280897322154,37.9862583346222,62.6457304143641,3.05532529202546,3.637224471552,4.13749552920914,0,1.05938430218292,0.341040462427746,1.27439874101974,0.0251286802609981,4.7361984483945,1,6.7640972413219,11,0.777915864268695,15.8301543893022,3.61518381687388,1.74242787857879,0,0,0,0,0,0,0
420300,2018,420000,19.5900569597952,35.2295264267054,64.121097054368,2.97502213954769,3.56188454993255,4.16077343698937,0,1.07268395167905,0.342939481268012,1.31674008848703,0.0255412532272375,4.15888308335967,1,6.84034604911189,11,0.777127517695807,15.7571671348131,2.52011458878546,1.85931557679353,0,0,0,0,0,0,0
420300,2019,420000,19.0608613312166,33.9948252485823,55.5098628471108,2.94763708772003,3.52620831446167,4.01656071392097,0,1.08976993771078,0.34393063583815,1.41455085062984,0.0255412532272376,4.49980967033027,1,6.93910268315291,11,0.784223049330565,15.7309603381498,2.19382631188601,1.800629310976,0,0,0,0,0,0,0
420300,2020,420000,16.0157536371785,28.8192441071922,48.4309629538954,2.77357284016051,3.3610433621633,3.88013933963467,0,1.11182715195222,0.345481049562682,1.37984201427006,0.0255412532272375,4.26267987704132,1,6.69719660597301,11,0.784528921169737,15.6583189056624,2.76145062926034,1.7215833925728,0,0,0,0,0,0,0
420500,2011,420000,31.5746786104523,60.7115083372535,96.3533528513098,3.45235548957675,4.1061332737893,4.56802219291926,0,1.20136881023754,0.312437311935807,1.47319928662083,0.0690791305230672,3.93182563272433,0,6.5865825428596,16,0.733003966510296,16.9344224359353,2.93420954829201,1.46657076196565,0,0,0,0,0,0,0
420500,2012,420000,30.0775907785366,57.8755717120282,90.1592795519951,3.40378040207531,4.05829539075118,4.50157787892758,0,1.26718678130868,0.314035087719298,1.57896094820178,0.0550885260719338,4.14313472639153,0,6.8599519324821,16,0.745873018271393,16.6555661432136,2.83952175099733,1.42459606828606,0,0,0,0,0,0,0
420500,2013,420000,30.9819127444758,59.9885863788889,95.5104211641634,3.43340357435059,4.09415431710813,4.55923536367113,0,1.41001856389089,0.318420394901275,1.6527167899034,0.0516638219231901,4.35670882668959,0,7.10080498401856,16,0.743211804785662,17.7873006747718,3.69049948233644,1.58195616568032,0,1,0,0,0,0,0
420500,2014,420000,30.5964395658906,59.1394205454384,92.4947430591112,3.42088364813281,4.0798977163621,4.52715181111,0,1.45402160949876,0.31968031968032,1.7299427456324,0.0528921665158679,5.15329159449778,1,7.29015002889319,16,0.735849205921921,16.9241136185092,3.20224573872749,1.88544396664184,0,1,0,0,0,0,0
420500,2015,420000,23.3793906372817,45.9536690888756,72.7116889815918,3.15185489228603,3.82763369520857,4.28650215540595,0,1.51816444535255,0.322165854638606,1.79884205170212,0.0567860936082092,5.37063802812766,1,7.45759646298705,16,0.740667659685843,16.8432421363974,3.54502368105196,1.90719180373207,0,1,0,0,0,0,0
420500,2016,420000,21.4124345256063,42.3005617328731,67.5319962308929,3.06397180588053,3.74480036570101,4.21260150380278,0,1.57643370582403,0.322335025380711,1.87292375008519,0.0478925598849363,5.6937321388027,1,7.53194636043599,16,0.752308531250391,17.0826031942112,3.97224274872615,1.95876889090916,0,1,0,0,0,0,0
420500,2017,420000,20.2581320702158,39.8608982772831,63.6983522759421,3.00855629665375,3.68539585033812,4.15415869530388,1,1.61209924298307,0.321428571428571,1.88169242496901,0.0473239970587681,5.8171111599632,1,7.27869312335096,16,0.748396329788698,17.054984480808,3.89194746044036,1.87720581776575,0,1,0,0,0,0,0
420500,2018,420000,18.107449100634,35.9628493706307,59.749269311486,2.89632340612849,3.58248644368986,4.09015696164038,0,1.64494461578887,0.323979591836735,1.89037465761221,0.0499829380470545,5.68697535633982,1,7.35135263308105,16,0.749106150120497,17.0539352206567,2.98582226090187,1.91437724958983,0,1,0,0,0,0,0
420500,2019,420000,17.4870197953015,34.8130786189562,54.2346741405588,2.86145887973188,3.54999313856068,3.99332044818721,0,1.66996562283266,0.327365728900256,1.96121365700295,0.0567860936082092,5.67675380226828,1,7.45278816059098,16,0.75316418790155,17.1367846727942,2.53446091192068,1.8521744804471,0,1,0,0,0,0,0
420500,2020,420000,14.6438246497641,29.2075321958591,45.6107958859698,2.68401872098281,3.37442662792334,3.82014444038434,0,1.70572021781338,0.328626444159178,1.92101372683477,0.0567860936082093,5.39816270151775,1,7.21846517092653,16,0.75193055646701,16.7641525745598,4.42647830204018,1.76923439063364,0,1,0,0,0,0,0
420600,2011,420000,40.0393812929797,71.1129575533511,114.972295399204,3.68986350210435,4.2642695642744,4.74469118976774,0,4.25160618931579,0.379548517520216,1.17882403096526,0.0303984630380022,4.11087386417331,0,6.53366117425849,14,0.676675945191699,16.2370111512038,2.09691412397987,1.68930740047647,0,0,0,0,0,0,0
420600,2012,420000,40.0496232806194,70.8415378625397,112.707653563566,3.6901192672434,4.26044552163636,4.72479732968546,0,4.33289803040256,0.38013468013468,1.27505831957855,0.0317380186980195,4.27666611901606,0,6.84780417675932,14,0.69467226854142,16.1881716091828,2.17581310415019,1.62376318336602,0,0,0,0,0,0,0
420600,2013,420000,41.5969916987526,73.870200866675,119.953197298594,3.72802784971854,4.30230951072843,4.78710164419177,0,4.59829225064942,0.38094437909595,1.34388220083208,0.0356630071522246,4.52178857704904,0,6.92441858374467,14,0.688321428921293,16.9090045057505,2.40686959106572,1.87294922884178,0,0,0,0,0,0,0
420600,2014,420000,39.4854520400918,69.7284626448476,112.665910247688,3.67593230128446,4.244608593734,4.72442689301445,0,4.70698563080451,0.382031905961377,1.41515130178037,0.0385991167480973,4.49980967033027,0,7.28090073592556,14,0.680189073743189,16.6262498092635,2.7222204902649,1.94888024305762,0,0,0,0,0,0,0
420600,2015,420000,31.7065252617267,56.6187581654087,89.2755675240407,3.45652250391873,4.03634034665285,4.49172785049241,0,4.84703287061974,0.379728861692417,1.47965066867797,0.0444305056234305,5.14749447681345,1,7.457733375206,14,0.68140178524396,16.3382218530973,2.52836432345063,1.92133613989633,0,0,0,0,0,0,0
420600,2016,420000,28.6599374465823,51.8101186419987,82.9747661458041,3.3555002397941,3.94758547076808,4.41853653923273,0,4.9649133424045,0.38047138047138,1.53436131904801,0.0348184443344557,5.4249500174814,1,7.53115950063982,14,0.691670166876386,16.6143288163034,3.04973878216135,2.0792481771533,0,0,0,0,0,0,0
420600,2017,420000,26.9238656364189,48.5080506149536,77.5431199166974,3.29301309165982,3.88172977622918,4.35083416765589,0,5.03939130976892,0.383445945945946,1.56737595977165,0.0378290333158285,5.23110861685459,1,7.63174966998448,14,0.701756301719476,16.6857382076241,3.45318908384009,1.99230322774761,0,0,0,0,0,0,0
420600,2018,420000,25.1500314496158,45.5473587892879,77.8403901220545,3.22485914702671,3.81875263715734,4.3546604497107,0,5.0975214568564,0.385135135135135,1.59889081999497,0.0437589369585971,5.58724865840025,1,7.70620464724108,14,0.678522058050422,16.7421516104055,2.56819858113882,2.06657253957058,0,0,0,0,0,0,0
420600,2019,420000,24.7333630329211,44.8164261009406,69.7549387034755,3.20815306229646,3.80257472625863,4.24498822397946,0,5.12597268846066,0.386440677966102,1.68030760409816,0.0473668616928436,5.20948615284142,1,7.80764182601852,14,0.67957090334419,16.8974574709326,1.90892659597466,1.97158087282152,0,0,0,0,0,0,0
420600,2020,420000,20.9752510894895,37.877779573976,58.5918012766347,3.04334322317504,3.63436464922853,4.07059477683962,0,5.18624329554531,0.388275276125743,1.64207484155437,0.0472065264152511,5.19295685089021,1,7.57205744207213,14,0.705394434249576,16.5643569826058,3.33637273177027,1.85950293346701,0,0,0,0,0,0,0
420700,2011,420000,42.6447410507304,71.6739029509726,113.928962890381,3.75290396154559,4.2721267057712,4.73557512162621,0,6.77947072702313,1,1.33798749608058,0.04491524472812,1.09861228866811,0,5.32809321885257,2,0.573624996468425,16.4610740218225,3.40777607952064,2.29286623602256,0,0,0,0,0,0,0
420700,2012,420000,40.721305666846,69.1629176717624,108.777032148663,3.70675143623818,4.23646484719768,4.68930021056198,0,7.11730454204466,1,1.41979773450018,0.0477860232182386,1.6094379124341,0,5.60240821791638,3,0.585089284926653,16.3561140475059,4.78963622343818,2.16677521835163,0,0,0,0,0,0,0
420700,2013,420000,45.3918782778968,77.9067258111012,121.263916371189,3.81533319648678,4.35551228818823,4.79796929742691,0,7.4679531342053,1,1.49150072863265,0.0481449329875622,2.07944154167984,0,5.82869900925412,3,0.579374991357327,17.2933385779456,4.17811678819558,2.52248770290138,0,0,0,0,0,0,0
420700,2014,420000,41.9517983869611,70.8579241604049,112.618776445859,3.73652130176695,4.26067680406615,4.72400845531939,0,7.6119776206361,1,1.54672503083511,0.0463996405889814,2.30258509299405,0,6.0102063690262,3,0.596017856150866,17.122810235644,4.32723558890494,2.35986792545356,0,0,0,0,0,0,0
420700,2015,420000,37.1939421881055,62.5120515277319,97.2388830984957,3.61614590361275,4.13535936259782,4.5771706633525,0,7.83164331371992,1,1.59461413581898,0.0464922580071037,3.25809653802148,1,6.1701342925768,3,0.590991072356701,16.8675517013957,5.23556049049063,2.36852117831986,0,0,0,0,0,0,0
420700,2016,420000,31.9879499732575,54.2793616156445,86.3759002634752,3.46535926854625,3.9941440739477,4.4587087047655,0,8.09599061912951,1,1.64952941584062,0.0404022095788678,4.24849524204936,1,6.21287169171326,3,0.5774642881006,17.1066278541783,6.13350904438752,2.54216841438094,0,0,0,0,0,0,0
420700,2017,420000,31.0866183180625,52.3932098256605,84.6278976968696,3.43677744742657,3.95877699945057,4.43826397226357,0,8.40433910622033,1,1.71529299101646,0.0417470600395749,4.04305126783455,1,6.31379714078824,3,0.617401782423258,17.3027021407635,4.58251933491895,2.45762322477614,0,0,0,0,0,0,0
420700,2018,420000,25.9870176772462,43.8005334724599,73.7480707689227,3.25759709321377,3.77964599704476,4.30065483581232,0,8.68252183473587,1,1.77680562849448,0.0464459492980426,4.11087386417331,1,6.38195239222826,3,0.604625001549721,17.3416903635361,3.97641153296599,2.57398277914459,0,0,0,0,0,0,0
420700,2019,420000,24.8105862677177,41.8623176579786,73.319841699816,3.2112704277235,3.73438608237428,4.29483126393775,0,8.98446293325713,1,1.86394437496806,0.0464459492980425,3.71357206670431,1,6.48428146558564,3,0.587241072207689,17.4264916229663,3.02984281334918,2.46640723787633,0,0,0,0,0,0,0
420700,2020,420000,21.5661122529072,35.9782297385834,60.9232364989788,3.07112320553338,3.58291402604969,4.10961465365088,0,9.3541068809116,1,1.7544539827482,0.0464459492980425,3.52636052461616,1,6.29062285577192,3,0.614901781082153,17.134407802955,5.22207440329209,2.39690007065476,0,0,0,0,0,0,0
420800,2011,420000,35.2757474171107,75.5299281259227,119.89920903191,3.56319568580954,4.32452897672849,4.78665146511354,0,1.9964017776347,0.221927790659159,1.08389992411866,0.0367400971003064,2.70805020110221,0,5.86183969152036,5,0.652213424982795,16.8686014427587,2.30155321252747,2.15620769557099,0,0,0,0,0,0,0
420800,2012,420000,34.9050649825628,74.0240629333976,115.758753376972,3.55263194711846,4.30439021512195,4.75150831323425,0,2.07778059416669,0.233873635461462,1.1625418375042,0.0372792093940746,2.77258872223978,0,6.14437305750569,5,0.65630723051278,16.7647583894303,2.42488042884078,2.03041655456091,0,0,0,0,0,0,0
420800,2013,420000,36.7545477364113,79.3062504616083,124.286110972674,3.60426196593226,4.37331694598367,4.82258625432238,0,2.26751140837987,0.224401595744681,1.22261003797634,0.0400294386354598,2.63905732961526,0,6.37403017902221,6,0.65679776094046,17.8721579294084,3.4109314217443,2.20772251405882,0,0,0,0,0,0,0
420800,2014,420000,34.7140504459736,74.3361270012767,118.894979120793,3.54714451698579,4.3085970650626,4.77824057505737,0,2.34941510843693,0.225108225108225,1.27782647532434,0.0453387583063455,2.30258509299405,0,6.55959026383943,6,0.651407057980457,17.5020335200666,2.70899966293439,2.14425710066491,0,0,0,0,0,0,0
420800,2015,420000,29.0362593756481,62.0747632001689,96.6717686092201,3.36854537228145,4.12833951664944,4.57132141163573,1,2.43285700882439,0.200040121702498,1.32277545885905,0.0527008281891941,3.63758615972639,1,6.72527868132081,6,0.651797762836318,17.2306316156576,3.2554572177752,2.05608606250645,0,0,0,0,0,0,0
420800,2016,420000,25.8330389181481,55.4477564701747,88.2532553186642,3.2516542509094,4.01544125256619,4.4802105825967,0,2.54806165252725,0.2,1.37771039345554,0.0463933954955457,4.43081679884331,1,6.79778653580174,6,0.657021512647709,17.0554025729989,4.12662031572004,2.70069078165963,0,0,0,0,0,0,0
420800,2017,420000,23.8798518764064,50.5022950954556,81.7375536714472,3.17303508567461,3.92201878268338,4.40351354951905,0,2.63711689061333,0.200680272108844,1.43875521447816,0.0538804121985849,4.74493212836325,1,6.91248149848116,6,0.663844232997262,17.2223178998493,3.4784313902354,2.58068570383195,0,0,0,0,0,0,0
420800,2018,420000,22.5005593660298,47.6227523075527,79.8388218395145,3.11354016961379,3.86331063669118,4.38000987537522,0,2.71224813518725,0.221843003412969,1.48609463704501,0.0589585616101614,5.08140436498446,1,6.986935812863,6,0.647317556731672,17.7632761605587,2.72742436962946,2.6643934960633,0,0,0,0,0,0,0
420800,2019,420000,22.3192561950983,46.8452285331854,73.5819471051495,3.10544981236546,3.84684915788811,4.29839971175039,1,2.75368477347157,0.223367697594502,1.5564482185565,0.0396241308428834,4.27666611901606,1,7.08747992852877,6,0.658038727669831,17.9767915095654,2.29826477140091,2.49615661203772,0,0,0,0,0,0,0
420800,2020,420000,18.8659773503085,38.7428340428106,58.9911904945289,2.93736015967083,3.65694581077061,4.07738811910527,1,2.85608809120201,0.21317157712305,1.50840563906456,0.0396241308428833,5.33271879326537,1,6.84304237683675,6,0.670654906027288,17.1889397081322,4.10010730093605,2.33670535737167,0,0,0,0,0,0,0
420900,2011,420000,41.1955575895306,72.4075242085889,116.298228742426,3.71833042504506,4.28231021952478,4.75615782933492,0,3.94752724012979,0.180752505199471,0.758489953068584,0.03419012370127,3.17805383034795,0,6.12538917957329,8,0.59569657538548,16.6053628583055,2.9006989222437,2.29902507454428,0,0,0,0,0,0,0
420900,2012,420000,41.3015348395432,72.5912969840653,114.581353793578,3.72089966246152,4.28484503839247,4.74128508418012,0,4.05121018143252,0.181628392484342,0.82602437635411,0.0445883186259572,3.04452243772342,0,6.35562503766159,9,0.618552536511224,16.6224269713959,3.52459020065629,2.17335169260588,0,0,0,0,0,0,0
420900,2013,420000,44.3048530327187,78.8453879156976,123.209126995259,3.79109422032231,4.36748881982386,4.81388313110915,0,4.22723381690087,0.182025028441411,0.878730649607454,0.0512466674077458,2.89037175789616,0,6.59080086021933,9,0.606713106070668,17.6166497855454,3.75016964795406,2.43990672518426,0,0,0,0,0,0,0
420900,2014,420000,41.5883189535139,72.7383310265973,116.24810385444,3.72781933345041,4.28686849492659,4.75572673340489,0,4.2913930027903,0.184325661023397,0.927679520818285,0.054235287542707,3.36729582998647,0,6.77953077466293,9,0.618579693077024,17.4329785560237,3.52637574010619,2.29998633645862,0,0,0,0,0,0,0
420900,2015,420000,35.5043529742413,61.9832510003174,96.3368765371501,3.56965530795699,4.12686420339315,4.56785117943039,0,4.43414517126877,0.184888314845768,0.971491947638702,0.0507276218421127,4.0943445622221,1,6.95218850130819,9,0.610563162683455,17.142770411616,4.13428061609945,2.2359529443533,0,0,0,0,0,0,0
420900,2016,420000,29.8716367738896,52.6964098440517,84.2736605756931,3.39690942730825,3.96454732882545,4.43406936749863,0,4.62994583538502,0.183556405353728,1.01650487474614,0.0473254006968317,4.31748811353631,1,7.01311884820031,9,0.613891383340536,17.3187299241104,5.00781886374922,2.53783860207792,0,0,0,0,0,0,0
420900,2017,420000,28.5384549346838,50.0875916853817,81.1728538469836,3.35125247374665,3.91377330646484,4.39658087904357,0,4.78104112217972,0.184971098265896,1.06012272754074,0.0426878120646967,5.35658627467201,1,7.0435934451674,9,0.629698937096872,17.5803927216348,3.72860294016611,2.46124879288165,0,0,0,0,0,0,0
420900,2018,420000,26.1817958259584,46.1734212433208,77.2909446967731,3.26506435346757,3.83240433477682,4.34757680379959,1,4.88842089314799,0.185328185328185,1.09941809772821,0.0477978609394312,5.35658627467201,1,7.11714972471904,9,0.610847697524,17.7244470068436,3.01357242427143,2.61608930372422,0,0,0,0,0,0,0
420900,2019,420000,25.219295842214,44.3536030535264,72.541592385119,3.22760940953691,3.79219394679789,4.28416008543515,1,4.93421713823971,0.186407766990291,1.22140041325295,0.0426878120646968,4.30406509320417,1,7.22037093634125,9,0.604822905595638,17.8979759838443,2.2221624859126,2.45898984752483,0,0,0,0,0,0,0
420900,2020,420000,21.002523102977,36.4786484844034,57.9675462120229,3.04464257826707,3.59672711639493,4.05988330587241,1,5.06091940961832,0.186457311089303,1.19211112078315,0.0426878120646967,4.61512051684126,1,6.98226301108685,9,0.637110983044648,17.447221002436,4.1937293169712,2.32305815457213,0,0,0,0,0,0,0
421000,2011,420000,40.2886385197201,78.5340048893564,123.725244586908,3.6960695066174,4.36353171429546,4.81806333769522,0,3.0694692044859,0.170061868115286,0.686221632468456,0.0607164648316845,2.07944154167984,0,6.18365950941776,10,0.586704082050166,17.219833598021,2.66130506901973,2.16488052977002,0,0,0,0,0,0,0
421000,2012,420000,37.7069106395672,73.5125242662661,115.333322221793,3.62984338374477,4.29745578988316,4.74782639004677,0,3.14676611034788,0.170360319614051,0.743842302123159,0.0606612429656339,1.79175946922805,0,6.4126525757913,10,0.60904552419107,16.8234362691199,3.75528534301084,2.11906513480799,0,0,0,0,0,0,0
421000,2013,420000,40.7549461571915,80.4829353817458,125.609217903568,3.70757721041174,4.38804517911753,4.83317564229309,0,3.40788116645363,0.16928895612708,0.79314222293812,0.0633986949546532,2.30258509299405,0,6.64839343970258,10,0.58549999994236,18.1662522612871,3.47694192098579,2.43732470730339,0,1,0,0,0,0,0
421000,2014,420000,37.65022831157,73.0636164644394,122.563510619321,3.62833901827984,4.29133052006595,4.8086293496692,0,3.49166953010663,0.169020501138952,0.847433544242357,0.0685259990226047,2.56494935746154,1,6.83728056022345,10,0.597098902686612,17.6914219625914,3.46835189194634,2.33986653507125,0,1,0,0,0,0,0
421000,2015,420000,30.9821227693442,59.6392150367928,94.4007524066757,3.43341035327861,4.08831332811966,4.54754904352939,1,3.59304105502034,0.152194530387599,0.902960688319833,0.0472983735741298,3.29583686600433,1,7.00282648981631,10,0.573175038773935,17.5355770729814,4.59912669623555,2.36599281493279,0,1,0,0,0,0,0
421000,2016,420000,27.9834651952807,54.9578891005909,86.0436757044888,3.33161380700446,4.0065672392542,4.45485502436671,0,3.73610230639706,0.168730650154799,0.941422082634369,0.0433281137162711,3.78418963391826,1,7.0655468391783,10,0.590584773119989,17.6732251230655,4.0300072263673,2.48878025779505,0,1,0,0,0,0,0
421000,2017,420000,26.6929160281292,51.7394425076187,82.2524287301359,3.28439821290481,3.94622040181809,4.40979291784339,0,3.89613974217412,0.168224299065421,0.98013981322286,0.0504578996946735,4.40671924726425,1,7.13314191036973,10,0.599564363668253,17.8077773351197,4.20006978320916,2.3702027385746,0,1,0,0,0,0,0
421000,2018,420000,24.1076308338387,46.442385472719,76.7735603743963,3.18252842248873,3.83821252227875,4.34086031492212,0,4.00974664274709,0.173166926677067,1.0157298212368,0.0578607902292897,4.46590811865458,1,7.20310172655287,10,0.574280222693642,17.9633930456553,3.33676022446815,2.44146846586438,0,1,0,0,0,0,0
421000,2019,420000,23.6393890302738,45.6276479215877,72.7264350479088,3.16291434746085,3.82051384685613,4.28670493671197,1,4.11287520594086,0.169544740973312,1.13607395914045,0.0466233614740043,4.53259949315326,1,7.30096387918869,10,0.573999215449606,17.9172087607632,3.21297909996046,2.29365812259156,0,1,0,0,0,0,0
421000,2020,420000,19.9445619786394,37.5706773025607,58.4441224475507,2.99295652365416,3.6262238871732,4.06807112593376,1,4.27866294881626,0.1699604743083,1.09704838280487,0.0505687293362766,4.14313472639153,1,7.04244744960188,10,0.580496859746975,17.5842283392987,4.47174223046375,2.17339392056669,0,1,0,0,0,0,0
421100,2011,420000,34.284432987435,60.2407913944632,96.8153599387697,3.53469140238854,4.09834972076363,4.57280565874807,0,2.93283411815356,0.0483719683773282,0.629889307786819,0.0212346404418376,2.07944154167984,0,6.20165456550604,12,0.652002440303819,15.8678987136959,3.30648689441426,2.32139970801575,0,0,0,0,0,0,0
421100,2012,420000,32.8297309763741,58.338077083808,91.9118027880063,3.49133453703503,4.0662550033857,4.52082945188776,0,3.01543898483048,0.0475808607324245,0.68115594952433,0.0226869966203442,2.30258509299405,0,6.47575195242157,12,0.666956044287763,15.8008268309941,4.5355601448977,2.21891759529069,0,0,0,0,0,0,0
421100,2013,420000,36.0905907372587,64.0704680952683,101.853400245402,3.58603218696791,4.15998354162187,4.62353452695013,0,3.20328478494962,0.0474540122633964,0.724897407313479,0.0249062464691449,2.77258872223978,0,6.70734068295743,12,0.654896825042545,16.5924288267582,4.14124961079714,2.66472380852512,0,0,0,0,0,0,0
421100,2014,420000,33.4215466134496,59.1372879782274,95.743242990039,3.50920080017693,4.07986165571689,4.56167005627599,0,3.2956874292139,0.0473428648502833,0.773552877504743,0.0257601940607337,3.2188758248682,0,6.89087565448581,12,0.66461782819695,16.4019056364624,4.41820390628276,2.46671180345248,0,0,0,0,0,0,0
421100,2015,420000,28.3511692333787,49.9503803959007,78.3496816145607,3.34466827212325,3.91103012059911,4.36118190516341,0,3.42476205028562,0.0467746702130518,0.818199737388781,0.0254704615881802,3.61091791264422,1,7.0576681689445,12,0.663272283652909,16.1310847551317,5.27064628697772,2.52955338047928,0,0,0,0,0,0,0
421100,2016,420000,26.1403961548812,46.2127286984333,72.8009280402442,3.26348186320294,3.83325527309407,4.28772870292694,0,3.56347958417778,0.0468540829986613,0.855162521913579,0.0272142710475729,3.80666248977032,1,7.08532331150097,12,0.664236264351087,16.4005600836965,6.33649280390867,2.65133056544047,0,0,0,0,0,0,0
421100,2017,420000,25.35866601581,44.6705932117742,70.6915599045099,3.23312052628526,3.79931541514543,4.2583261867736,0,3.73352626041853,0.0472972972972973,0.886374325630751,0.0289683265004125,4.39444915467244,1,7.10583153046416,13,0.683650183626729,16.5777759860043,4.62867258793163,2.54189420147473,0,0,0,0,0,0,0
421100,2018,420000,21.3544931135796,37.6024040062071,63.1959837056421,3.06126216781784,3.6270679846873,4.14624075017213,0,3.86888322886844,0.0472334682860999,0.912000191843463,0.0306127802352908,4.69134788222914,1,7.1757935527704,13,0.666992063705738,16.5362152376702,4.28473979713987,2.61774750787174,0,0,0,0,0,0,0
421100,2019,420000,21.4077005060231,37.4106302397618,60.7304847137109,3.06375069403215,3.62195489504418,4.10644579133179,0,3.95766719974561,0.0474254742547425,0.987728182106203,0.0306037887251945,4.91265488573605,1,7.27006609523895,13,0.654435285645672,16.6307437504974,3.09709492271032,2.54210991761956,0,0,0,0,0,0,0
421100,2020,420000,18.2980693344037,31.6378794598437,51.0902560253397,2.90679555342951,3.45435511978884,3.93359379459145,0,4.03756193300137,0.0478468899521531,0.94792278541398,0.0301048357187535,4.64439089914137,1,7.01797189806966,13,0.680847984093886,16.4958845866973,5.54708072526897,2.49288654376952,0,0,0,0,0,0,0
421200,2011,420000,33.9383355506482,60.9097769285967,94.6366476158276,3.52454521766801,4.10939370253003,4.55004479655571,0,1.87291426716806,0.205892312902133,0.86851931225824,0.0291752306641974,1.09861228866811,0,5.84181557352669,6,0.680797340795975,17.0794955652288,3.33655473476754,2.01344940986824,0,0,0,0,0,0,0
421200,2012,420000,31.7464225247035,58.3769523696585,89.8842604545159,3.45778004260295,4.06692116073442,4.49852284777933,0,1.94424885986177,0.207116482040953,0.941588185766452,0.0246225689735315,2.484906649788,0,6.11513922222688,6,0.700048725272334,16.7546492380401,5.63138558278849,1.85830164863884,0,0,0,0,0,0,0
421200,2013,420000,33.8915454461435,61.5868149229091,94.6464019070011,3.52316558641291,4.12044780416964,4.55014786221539,0,2.0117482593999,0.20765391014975,1.00770149608155,0.0255088118671305,2.484906649788,0,6.34763153168714,6,0.686607969361682,18.036060969745,3.70701273793808,2.21947474189951,0,0,0,0,0,0,0
421200,2014,420000,31.5515215860191,57.0060310033394,92.1747227621574,3.45162181559036,4.04315706931351,4.52368593638211,0,2.0719469297985,0.20539629005059,1.07469879204163,0.029756711369779,3.04452243772342,0,6.52418530892727,6,0.695262459128402,17.7768503856544,4.60085858494221,2.1469562169021,0,0,0,0,0,0,0
421200,2015,420000,25.9290141652538,47.4817805614934,74.692433996015,3.25536257974776,3.86034607033345,4.31337880181517,0,2.18861997459161,0.204686927865251,1.10989167605813,0.029261162034857,3.29583686600433,1,6.68536342695415,6,0.688673313504966,17.5987638851861,5.69317087526982,2.23859965191488,0,0,0,0,0,0,0
421200,2016,420000,23.4958540096783,43.7952914389231,68.3929860081087,3.1568239804653,3.77952631020926,4.22527027562943,0,2.29010935106037,0.203947368421053,1.14165149887595,0.0257879601298108,3.76120011569356,1,6.73501991498802,6,0.702370987613072,17.7404827142542,5.79872534598749,2.33898287953046,0,0,0,0,0,0,0
421200,2017,420000,22.7422760113425,41.8312230099328,63.8413023296682,3.12422557176341,3.73364302265359,4.1564003528343,0,2.36653597129316,0.203947368421053,1.18792613114236,0.0276610057983176,3.68887945411394,1,6.84656123357804,7,0.717386488766633,17.8998752636825,5.75065709627656,2.22970328245879,0,0,0,0,0,0,0
421200,2018,420000,18.9850387832385,35.2342542088932,57.0079580519484,2.94365123651752,3.56201874035357,4.04319087303575,0,2.45412623810894,0.20655737704918,1.23027301176065,0.0256773850149318,3.93182563272433,1,6.91922350993603,7,0.711101880600286,17.9746193837512,4.15583732308745,2.2751075355877,0,0,0,0,0,0,0
421200,2019,420000,18.9043740722361,34.6568589602329,53.7883412252834,2.9393933276827,3.54549565583671,3.98505673783388,0,2.49633184567885,0.20655737704918,1.334903873672,0.0256773850149319,3.78418963391826,1,7.01708510735112,7,0.684662238340969,18.0031089459941,3.64080128796697,2.16345074045873,0,0,0,0,0,0,0
421200,2020,420000,16.079766442614,29.2600848966184,45.9509805037346,2.77756173893228,3.37622429704431,3.82757518706663,0,2.59114891019983,0.206896551724138,1.2996515688375,0.0256773850149318,4.0943445622221,1,6.7675493114053,7,0.71573753943739,17.7643734323897,5.0043658010997,2.1193788341901,0,0,0,0,0,0,0
421300,2011,420000,36.6812717706215,70.9452536094089,114.735516209963,3.6022663188325,4.26190850368555,4.74262962058171,0,1.91066927121541,0.25520431765613,0.811431541383314,0.118712309130252,1.6094379124341,0,5.48436066527077,3,0.667867112067319,16.233134922588,2.20784994751069,1.93076940447725,0,0,0,0,0,0,0
421300,2012,420000,37.1643074985312,71.4313565670943,113.463793525375,3.61534882484157,4.26873694054603,4.73148378625377,0,1.9758454101757,0.17633320358116,0.878540933059809,0.0877293685956307,1.6094379124341,0,5.70328092149523,3,0.686282391696013,16.3376656748879,2.58575772805572,1.85170440172287,0,0,0,0,0,0,0
421300,2013,420000,38.3564818518502,74.8444237668975,119.634276785971,3.64692353183246,4.31541160931822,4.7844393956564,0,2.0544762412328,0.193711180124224,0.932162860439476,0.118553758968303,2.39789527279837,0,5.93148633248459,3,0.68575747623,17.3274209291915,2.7694556997109,2.0972037163569,0,0,0,0,0,0,0
421300,2014,420000,36.3341499058139,70.5004741596575,113.734077145071,3.59275806778043,4.25561943546451,4.73386306689055,0,2.10257419064222,0.194865810968495,0.981764723114691,0.121479414051141,2.30258509299405,0,6.12259950011294,3,0.68516168483468,17.0477176507269,3.0646977229399,2.10680767629895,0,0,0,0,0,0,0
421300,2015,420000,30.8441916453738,59.1166394125513,92.2907368515719,3.42894845532756,4.07951243152888,4.52494377733459,0,2.1630968974716,0.209427421604176,1.04944992713684,0.11150254787225,1.94591014905531,1,6.28867917362204,4,0.696750829848208,16.6982176821753,3.00590759797846,2.06453088456286,0,0,0,0,0,0,0
421300,2016,420000,27.7632251801611,53.3928263904668,85.1403166097754,3.32371230973167,3.97767639968492,4.44430067908907,0,2.25758872255236,0.21031746031746,1.09131316119315,0.109236469279436,2.19722457733622,1,6.34549409502815,4,0.714293465595837,16.8487715012118,3.87827014340269,2.33497999281782,0,0,0,0,0,0,0
421300,2017,420000,25.3845592062012,48.6099797537347,78.3529216790399,3.2341410839075,3.88382885455316,4.361223258203,0,2.3210233356045,0.212,1.12866082930683,0.0945987044466177,3.63758615972639,1,6.45541965724599,4,0.719850497652394,17.1069021266065,3.75410745214659,2.24345694872618,0,0,0,0,0,0,0
421300,2018,420000,24.0178050139371,46.0364503636081,77.8022074386856,3.178795430875,3.82943348191546,4.35416980402972,0,2.36510453977416,0.262948207171315,1.15829421003243,0.0655151115020129,3.09104245335832,1,6.52717927792595,4,0.692384275817132,17.1961931281563,2.86408445307013,2.34083104971796,0,0,0,0,0,0,0
421300,2019,420000,23.087416335715,44.1020595742874,70.1505687757701,3.13928772172735,3.78650648372707,4.25064391450947,0,2.38494482686751,0.265060240963855,1.2522805725397,0.0530911171589208,2.94443897916644,1,6.62145281685205,4,0.688215947428415,17.4913270022034,1.96005351118023,2.17876925623941,0,0,0,0,0,0,0
421300,2020,420000,19.7537083701927,37.1726163210989,58.258530173582,2.98334123930076,3.61557236980888,4.0648905224726,0,2.41047784381115,0.267206477732794,1.21372704857428,0.0721529631545879,3.09104245335832,1,6.35127245443395,4,0.71826689049255,17.0847777184589,3.65607087928444,2.03939064868077,0,0,0,0,0,0,0
430100,2011,430000,34.7499567870197,64.0360025828064,97.9982725541511,3.54817832847103,4.15944546554951,4.58494985151676,0,4.32807593366298,0.452025586353945,1.85035669767042,0.0861171949128522,5.91350300563827,0,7.69590078075724,13,0.661775235533714,17.4555996105215,2.89935311234917,2.44232806954274,0,0,0,0,0,0,0
430100,2012,430000,31.9989737332736,60.2882053809812,91.8251024580681,3.46570383145025,4.09913648561246,4.5198857075022,0,4.54948007530254,0.450953678474114,1.93610191866634,0.0857357086520963,6.16331480403464,0,7.80645167195338,19,0.673956189751625,17.0834351417652,5.18454217772487,2.41689601988185,1,0,0,0,0,0,0
430100,2013,430000,34.6874326379838,64.7972190546239,96.4368191753037,3.54637744953673,4.17126268661361,4.56888807034788,0,4.82048026765571,0.45156910078455,2.01060920921321,0.0856851279037439,6.35262939631957,1,7.92038707262739,19,0.661818093657494,18.5003465438453,3.54971272900942,2.51342432966851,1,0,0,0,0,0,0
430100,2014,430000,32.8546785105524,61.1287530601413,93.5001419278974,3.49209415520235,4.11298234566706,4.53796295423892,0,4.96562086747171,0.452040512362228,2.06854301852863,0.0986614263527555,6.72142570079064,1,8.07850841977254,20,0.676475239396095,18.2733828642501,4.54343025273486,2.35409119435128,1,0,0,0,0,0,0
430100,2015,430000,26.5087242909894,48.9727232465834,75.3080056582037,3.27747389733955,3.89126347467615,4.32158644599663,0,5.17063006097885,0.468134517020401,2.13060698734419,0.0948698821741859,6.88243747099785,1,8.23608589480691,20,0.683598095575968,17.6976457088357,5.18063964625916,2.70150908445847,1,0,0,0,0,0,0
430100,2016,430000,24.5224332385927,45.4344399351602,70.2630608504919,3.19958834099744,3.81627040634437,4.25224621051291,0,5.37278365506674,0.471264367816092,2.18202913128678,0.0798210740761963,7.47250074473756,1,8.27267502115848,21,0.688805715243022,17.7875400867555,5.33557153075964,2.88114288907447,1,0,0,0,0,0,0
430100,2017,430000,23.5659385957026,43.0740484986281,67.6505805225316,3.15980238965687,3.76292069275918,4.2143559358443,0,5.60408720802638,0.479548660084626,2.20367441110394,0.0921914209945977,7.78696700261487,1,8.35400790644779,21,0.694970475037893,18.0503399194645,5.27679149475016,2.81768428973968,1,0,0,0,0,0,0
430100,2018,430000,20.1017117818364,36.5360459769129,59.7780947414891,3.00080497471429,3.59829933428219,4.09063928517843,0,5.85441286058415,0.488340192043896,2.21751727563382,0.116523349290016,7.70120018085745,1,8.42846290223235,21,0.68933523674806,18.0615304623497,3.72819944331441,2.90708195528842,1,0,0,0,0,0,0
430100,2019,430000,20.689687920303,37.5431549905246,54.6676592867857,3.02963540804306,3.62549107106124,4.00127229667634,0,5.96202707656525,0.493224932249323,2.24027292127266,0.173019834058793,7.743269700829,1,8.51189747187791,21,0.678471429347992,17.9585637837181,4.2371304507734,2.77092871231469,1,0,0,0,0,0,0
430100,2020,430000,17.4722839973675,31.1677906100993,46.3775064606655,2.86061585385848,3.43938520933243,3.83681456713641,0,6.13177913590932,0.501335113484646,2.2655841236427,0.193475396318687,7.71601526664259,1,8.56713862241713,21,0.693437142968178,17.9435070026709,4.29990135224721,2.74142967041501,1,0,0,0,0,0,0
430200,2011,430000,30.0777731342286,53.2813212540972,81.5766752637168,3.40378646489931,3.9755858242373,4.40154337875294,0,2.42957759131108,0.238119570771589,1.25391445617611,0.0769766687275648,4.64439089914137,0,6.27657445679995,7,0.701251986126105,16.2231453024818,3.41830917852928,2.81214028073218,0,0,0,0,0,0,0
430200,2012,430000,28.0657048970035,50.7792632897498,77.3266519329308,3.33454836466537,3.92748806828925,4.34803868184673,0,2.51978375115333,0.241536129358262,1.31496377029582,0.0770275883294627,4.89034912822175,0,6.46925175685856,9,0.713404759764671,16.0222597351181,5.44821359065417,2.83951904314663,0,0,0,0,0,0,0
430200,2013,430000,30.4867777133057,54.4779410734786,82.4982508463921,3.41729307202091,3.99779586879008,4.41277709125396,0,2.63256340961238,0.237987987987988,1.36702962361272,0.0815639539116347,5.17614973257383,0,6.80478090233407,9,0.709812501238452,17.3519808681563,3.92075586420749,3.03444622386348,0,1,0,0,0,0,0
430200,2014,430000,30.30402324608,54.3052899628591,82.4174332658238,3.41128048409947,3.9946216432419,4.41179698329791,0,2.67995418226563,0.308507952537238,1.44368366734896,0.0795760911336502,5.5834963087817,1,6.99369915557227,9,0.717250993268357,17.324212838736,4.99779467356576,2.79740341693114,0,1,0,0,0,0,0
430200,2015,430000,22.6648015686453,40.6507223763169,63.0244633814675,3.12081312938627,3.70501660647103,4.14352295866197,0,2.75315236472769,0.239327906284126,1.49018085256411,0.066309433555509,5.55682806169954,1,7.04931536651009,9,0.732489086687565,16.8741915061538,5.5325617636068,3.09574671916199,0,1,0,0,0,0,0
430200,2016,430000,21.4915079515016,38.6802595578841,60.5008298517091,3.06765787810894,3.65532938095255,4.1026570814999,0,2.86010299807522,0.257425742574257,1.52674352946299,0.0469636899927114,5.90536184805457,1,7.22419150214218,9,0.727637896935145,16.846872279477,6.23466425919708,3.44299751151672,0,1,0,0,0,0,0
430200,2017,430000,21.3457122570599,37.9391290803381,58.79352926007,3.06085088845432,3.6359830090599,4.07403180225156,0,2.95890896619844,0.240694789081886,1.5184305756348,0.0577902985171189,6.21060007702465,1,7.29430234910945,9,0.740977180086904,17.0159320737952,5.01935583688339,3.26919534786873,0,1,0,0,0,0,0
430200,2018,430000,18.1967225578733,32.4739739693058,52.165565589829,2.90124149862881,3.4804389675789,3.95442261418511,0,3.07304606886155,0.327543424317618,1.51309644404613,0.0690329779617211,6.12905021006055,1,7.32756311384222,9,0.729896826462613,16.9525453743154,4.08969470314681,3.31208756955817,0,1,0,0,0,0,0
430200,2019,430000,17.3132417683979,30.7867870487114,46.1943298668054,2.85147162885774,3.42708560601121,3.8328570604,0,3.11614092985727,0.328358208955224,1.609270627658,0.0674922759783214,6.33682573114644,1,7.42988981200239,9,0.721705355577999,17.013726905328,5.201951230365,3.24019870593036,0,1,0,0,0,0,0
430200,2020,430000,15.2741691951858,26.9136608882877,41.2085862778251,2.72616311373794,3.29263399741414,3.7186466394438,0,3.17824799467562,0.330413016270338,1.6374065818844,0.0640442525117422,6.30809844150953,1,7.51755725949059,9,0.733957338250346,17.0201400884269,4.46809479928971,3.49181092150786,0,1,0,0,0,0,0
430300,2011,430000,36.2970451933483,68.0032016421356,103.957604479411,3.5917363383254,4.21955478704032,4.6439831667934,0,3.08251705486213,0.304168101963486,1.23144991659567,0.142392557114442,3.8286413964891,0,6.00970726212101,9,0.650323527700761,15.3586982084753,3.43363657703043,3.2379071008569,0,0,0,0,0,0,0
430300,2012,430000,33.7065030077356,64.3272331492833,97.7140251203213,3.51769078633106,4.1639830742272,4.58204510166638,0,3.1922474196317,0.304318026045236,1.30583767733962,0.10143931698466,3.80666248977032,0,6.30496677511174,10,0.665699580574737,15.1465361870673,5.17479738126943,3.24716471364365,0,0,0,0,0,0,0
430300,2013,430000,36.8012237890954,69.950246120442,104.121750391118,3.60553109976041,4.24778421962484,4.64556089127125,0,3.4335106664554,0.302518109692998,1.38208958146148,0.113131734857766,4.02535169073515,0,6.59044699006953,11,0.650783613762435,16.5969625193514,3.88818175092246,3.47095574005379,0,1,0,0,0,0,0
430300,2014,430000,34.9283742037686,65.8811061468797,100.337567739568,3.5532995133258,4.18785169549756,4.60854017857463,0,3.55018553673042,0.300857632933105,1.43413460364224,0.089204708155067,4.46590811865458,1,6.79320686549903,11,0.669058822095394,16.4557376003157,5.15489910799996,3.1498595487698,0,1,0,0,0,0,0
430300,2015,430000,28.5483085715523,53.2014683584655,81.3219745961005,3.35159768991801,3.97408599668974,4.39841627026688,0,3.68848347970329,0.301081959279616,1.50236376377675,0.0804360594226283,4.46590811865458,1,6.97632252949055,11,0.678071423926774,15.726323584806,5.28800722260946,3.71128060730794,0,1,0,0,0,0,0
430300,2016,430000,26.3772527338581,49.2030378482412,75.7800667767033,3.27250199985912,3.89595536647508,4.32783528678172,0,3.80519423889566,0.303448275862069,1.561419963241,0.0765201987540017,4.79579054559674,1,7.03333503315454,11,0.674224790843094,15.818572995814,5.92282123940042,3.84293197308886,0,1,0,0,0,0,0
430300,2017,430000,24.9996538679307,45.9868535890513,73.4219134890978,3.21886197948958,3.82835556410055,4.29622243996141,0,3.92077449719178,0.302083333333333,1.59427757477152,0.0918720706027999,5.31320597904179,1,7.12078255192972,11,0.678928571588853,16.0023679524667,5.18479815084688,3.61677947254732,0,1,0,0,0,0,0
430300,2018,430000,21.1357321367913,38.3562991620082,63.2925815426763,3.05096507438358,3.64691876887537,4.14776812706385,0,4.02680830347525,0.301038062283737,1.62043386884138,0.10453948086666,5.41164605185504,1,7.18260123488463,11,0.67128991642419,15.9404667899354,3.93040040860341,3.68164910777744,0,1,0,0,0,0,0
430300,2019,430000,22.1886469245783,40.3749294428742,57.709580914808,3.09958075827499,3.69820903399638,4.05542320678017,0,4.06302022107214,0.29757785467128,1.64534339219385,0.106182244744416,5.74620319054015,1,7.27597730340232,11,0.6627331888851,15.9499042102285,4.56122031855114,3.61937382436203,0,1,0,0,0,0,0
430300,2020,430000,18.2635552073516,32.4605590526396,47.9762543181813,2.90490755541318,3.48002578475513,3.87070618679808,0,4.13619772353008,0.297723292469352,1.68118584031968,0.113283826061377,5.90808293816893,1,7.34987709783215,11,0.678489494849654,15.8109459910069,4.37521028564957,3.72902717058213,0,1,0,0,0,0,0
430400,2011,430000,34.1841663353187,61.9154955725977,93.4513193226537,3.53176256421213,4.12577048071478,4.53744065175434,0,3.03131347918037,0.124529249309566,0.860380550940842,0.0468442866189574,2.83321334405622,0,6.2205542510085,11,0.647076583400215,14.846492843851,3.65213765942081,3.28434051459486,0,0,0,0,0,0,0
430400,2012,430000,32.1787563300956,59.4341594726735,89.3809836026878,3.47130649352392,4.0848691363737,4.49290794817386,0,3.08633918480197,0.124718820294926,0.915460682707893,0.0650176454520848,3.09104245335832,0,6.30262923026041,14,0.67106995601015,14.6583330797612,5.21259352630062,3.29461192911493,0,0,0,0,0,0,0
430400,2013,430000,33.8358378286649,62.0157175483447,92.8044126973371,3.52152053156661,4.12738786176142,4.53049418927952,0,3.20189022562892,0.118462908767019,0.976199973695225,0.0517962206408028,4.06044301054642,0,6.75853511264125,14,0.656550810048261,15.997753126086,4.18327841264722,3.65852530213817,0,0,0,0,0,0,0
430400,2014,430000,33.5684498405801,61.2985305524201,92.8169386958028,3.51358663299934,4.11575587124245,4.53062915218535,0,3.26183912907042,0.118509159823121,1.02822115024941,0.0754528311905221,4.06044301054642,0,6.95479976687062,15,0.677622976376838,16.0409177698252,5.08834019116918,3.33486313679694,0,0,1,0,0,1,0
430400,2015,430000,26.2302542346611,47.7702046774152,71.6573256525557,3.26691348634653,3.86640211203609,4.27189539123281,0,3.35910316628674,0.125577089093798,1.07529130835201,0.075000598715014,4.76217393479776,1,7.1397497093043,15,0.688108982345493,15.6342732383213,5.39524622446712,3.6818316668568,0,0,1,1,0,0,0
430400,2016,430000,24.5284717269836,44.5165772622593,67.7179303732143,3.19983455412748,3.79586164255022,4.2153509952683,0,3.51611612041424,0.125156445556946,1.12777653449819,0.062245486904171,4.65396035015752,1,7.19669613354312,15,0.674857879575995,15.5595909524958,6.07157802710076,4.0940666620729,0,0,1,1,0,0,0
430400,2017,430000,24.1433212362557,43.3884110799328,65.5968108376282,3.1840077884865,3.77019237964062,4.18352707948822,0,3.60364551916944,0.12625,1.12140261630327,0.102810638877451,4.36944785246702,1,7.29169855878198,15,0.682357144570842,15.6470318593224,4.88134825697129,3.8071015988711,0,0,1,1,0,0,0
430400,2018,430000,20.8287977137137,37.2825295410865,58.5020468292891,3.0363365346303,3.61852484001247,4.06906174216058,0,3.69038673571692,0.126092384519351,1.11907608139255,0.0914018475071364,4.91265488573605,1,7.35533242684258,15,0.671635495479574,15.5314123622514,4.39174935648718,3.80242813371139,0,0,1,1,0,0,0
430400,2019,430000,20.1482872441071,36.0123255767112,52.8566590961465,3.00311928448751,3.5838612569893,3.96758370430601,0,3.72424916086534,0.1267252195734,1.18346696507336,0.109379683616158,5.44241771052179,1,7.45409103174452,15,0.669722386242188,15.6419849700633,5.10934998838208,3.77856177840534,0,0,1,1,0,0,0
430400,2020,430000,17.5358721919225,30.679373493901,45.779880088185,2.86424862241346,3.4235905556224,3.82384469521529,0,3.7921975255196,0.128318584070796,1.21291341613603,0.0871996212912547,5.76519110278484,1,7.53901874272246,15,0.686412372693573,15.5541710420166,4.32384146570934,4.16089934534228,0,0,1,1,0,0,0
430500,2011,430000,29.4689745109625,54.8459834762028,84.8343090661177,3.38333799841637,4.00452895662344,4.44070004901802,0,1.11113330858171,0.0872727272727273,0.538098534818728,0.0279596787854031,2.07944154167984,0,5.86414263961581,5,0.701065733704878,17.3266271861099,2.91085069920705,1.65768107954538,0,0,0,0,0,0,0
430500,2012,430000,27.8959446593944,53.1436914871252,81.1184960551963,3.32848132555271,3.97299940512114,4.39591099991751,0,1.13454875727749,0.0862348683389492,0.579868782252807,0.0290162597405047,2.30258509299405,0,6.14484454159264,9,0.716657868545988,16.8734827730021,4.28408941424598,1.53513885670203,0,0,0,0,0,0,0
430500,2013,430000,29.1770758062357,55.0778708797057,83.1869881426597,3.37338332581246,4.00874801806078,4.42109094308047,0,1.20339839238999,0.0854880613633552,0.608597990211234,0.0323904826865207,2.484906649788,0,6.42531785252275,9,0.711070911823839,18.1122063051964,3.64379169135296,1.9032705502647,0,0,0,0,0,0,0
430500,2014,430000,28.5811418212456,53.6693952339691,81.6320324989536,3.35274712346174,3.98284291789289,4.40222174007469,0,1.23106451256646,0.0851037851037851,0.649071399535062,0.0409765039680338,2.56494935746154,0,6.62277036578913,11,0.727043480112933,17.9763541675904,4.13524202116712,1.86096035077016,0,0,0,0,0,0,0
430500,2015,430000,21.6691743438692,40.8580994884992,63.5472861802786,3.0758907134781,3.71010507554461,4.15178429303014,0,1.26867625268759,0.0852965167951106,0.694002022584506,0.0514174596151665,2.77258872223978,1,6.80595975549861,11,0.732154760563719,17.7521608992149,4.63558184536585,1.8889210611018,0,0,0,0,0,0,0
430500,2016,430000,20.4467316420515,38.4845415566298,59.9484602476281,3.01782304781136,3.65025664265418,4.09348519720087,0,1.3324579458109,0.0843373493975904,0.731648696380906,0.0566687630747889,3.04452243772342,1,6.85869611994324,11,0.730371119427508,17.9580788240153,4.42332059572001,1.96071120367457,0,0,0,0,0,0,0
430500,2017,430000,19.7837515883171,36.8573098436223,57.9822549544652,2.98486097394928,3.60705396649696,4.06013701467351,0,1.37326525686207,0.0847457627118644,0.753988970045596,0.0691497632985338,3.91202300542815,1,6.93976633634146,11,0.730796066855175,17.990353392065,4.23427581716691,1.84473281595697,0,0,0,0,0,0,0
430500,2018,430000,17.3414400934728,32.2853874369275,51.8643908576712,2.85309901827719,3.47461472653074,3.94863244404805,0,1.39272407849291,0.0845410628019324,0.773538108910436,0.0848425181005702,3.68887945411394,1,7.000677527731,11,0.731530537099942,17.9403814489338,3.96512484783208,1.90213574979359,0,0,0,0,0,0,0
430500,2019,430000,16.3695895895683,30.51993080526,44.7358875526003,2.79542532018106,3.41837993922037,3.80077603303076,0,1.41086402443544,0.0835351089588378,0.873286547549841,0.120598701212642,4.04305126783455,1,7.08047328599768,11,0.723773292657258,17.8220510381291,4.7131474113091,1.85128041126021,0,0,0,0,0,0,0
430500,2020,430000,14.2971032572508,26.448746748156,39.4861823671056,2.66005694732288,3.27520877525948,3.67595079721707,0,1.4589316380462,0.0839926962872794,0.900053864537349,0.116626645627892,4.89034912822175,1,7.15805844590426,11,0.740465321510598,17.8760786458928,3.89210736566294,1.82014380937546,0,0,0,0,0,0,0
430600,2011,430000,35.7247003435011,65.5840402663284,101.816360420936,3.57584233591514,4.18333237772752,4.62317080260781,0,2.2354904737123,0.198172874209417,1.12844633927674,0.0401200779880079,3.61091791264422,0,6.33927607032429,11,0.656988761900516,17.5848309021188,2.76020934583325,2.46315486877918,0,0,0,0,0,0,0
430600,2012,430000,32.7630411497465,61.2155491279057,94.6922237413414,3.48930108586516,4.1144012279652,4.55063188215667,0,2.28572172456188,0.194240837696335,1.20916403968769,0.0166601947251287,3.2188758248682,0,6.481132000952,15,0.676337079218264,17.0427524989002,4.84142476798627,2.36020870761309,0,0,0,0,0,0,0
430600,2013,430000,35.5786567971512,66.1065027414492,101.475316868457,3.5717459298992,4.19126711934794,4.61981558534592,0,2.32923206311118,0.19375,1.28272171218656,0.016388669357128,3.66356164612965,0,6.79141919378597,15,0.660913325092766,18.5835193175704,3.38566505876121,2.65529050408244,0,1,0,0,0,0,0
430600,2014,430000,32.3498955087975,59.4334919428323,100.741855932356,3.47661079091998,4.08485790489342,4.61256136314121,0,2.39193030353396,0.194745251198296,1.33788345507405,0.0182243076829635,3.25809653802148,1,6.96779915715338,16,0.668188602569398,18.2580520176729,4.23842945830358,2.47663007383104,0,1,0,0,0,0,0
430600,2015,430000,26.5723051927468,48.910451225189,78.0866305480131,3.27986951523857,3.88999110013106,4.35781885842779,0,2.47610518893786,0.192792218147026,1.39466927744392,0.0244600482594054,3.46573590279973,1,7.15319649934323,16,0.672516050968277,17.9711093256161,5.43603927385133,2.65864354555389,0,1,0,0,0,0,0
430600,2016,430000,24.4912916653149,45.695578832311,70.7184097307225,3.19831761213407,3.82200154994476,4.25870593123722,0,2.56569313343766,0.192644483362522,1.42953381095274,0.0294533297591381,4.06044301054642,1,7.15291535412314,16,0.678707060519229,18.0652217268193,4.54980992439561,2.73003820819015,0,1,0,0,0,0,0
430600,2017,430000,23.645578456999,43.4662620215083,67.3238676119858,3.16317614003846,3.77198505145998,4.20951481883078,0,2.65822980252325,0.194003527336861,1.4404834961754,0.0471915608310317,3.71357206670431,1,7.29844221218173,16,0.688256821773025,18.2760601394749,5.26157475630157,2.63773745994788,0,1,0,0,0,0,0
430600,2018,430000,20.595728586243,37.8425907763635,61.7478539564235,3.02508370411314,3.63343520844575,4.12305922116203,0,2.75410270825519,0.193321616871705,1.44705857869724,0.0605297195929285,4.17438726989564,1,7.36479439716257,16,0.676811395066508,18.3603059532087,3.83501202872434,2.6717573458056,0,1,0,0,0,0,0
430600,2019,430000,20.9620348975466,38.3636268127427,57.749122651704,3.04271293954703,3.64710979228067,4.05610815710821,0,2.79743745540205,0.194736842105263,1.51517841240242,0.0874138972879763,4.40671924726425,1,7.45906662023862,16,0.66037319617325,18.2022726163584,3.95040960072001,2.53037090601767,0,1,0,0,0,0,0
430600,2020,430000,17.7943546741216,32.0835216013879,48.7709992655047,2.87888125385511,3.46834255257777,3.88713585886011,0,2.89929863344477,0.195229681978799,1.56166496511559,0.10429107847765,5.27299955856375,1,7.5384943729816,16,0.680441412530588,18.071592908743,4.64055679657675,2.493734480514,0,1,0,0,0,0,0
430700,2011,430000,37.146209987311,72.5488108344914,112.559448153775,3.61486174677537,4.28425958821711,4.7234815101091,0,1.50399614881973,0.228064567684194,1.03447411945157,0.0127435623905004,2.89037175789616,0,6.10007400624425,8,0.668613343938323,17.4534348561681,2.53742114899023,1.48534887857895,0,0,0,0,0,0,0
430700,2012,430000,34.0602601168717,67.1346279987715,102.979897733036,3.52813131222451,4.20669997641706,4.63453380154153,0,1.56519519586244,0.222734499205087,1.09335887329962,0.0186334072824074,2.99573227355399,0,6.37287499741103,11,0.69589492370767,16.4738224910438,4.34047639071019,2.38771611235349,0,0,0,0,0,0,0
430700,2013,430000,36.4776772460324,71.8156312253578,110.335470065978,3.59670049119522,4.27410215744841,4.70352545267833,0,1.76240587126842,0.229249011857707,1.17417796913434,0.0153763111799145,2.77258872223978,0,6.64587356716261,11,0.680783944065906,18.0633044890329,3.856586452851,2.53743762571395,0,1,0,0,0,0,0
430700,2014,430000,33.4301476791706,64.8770840132121,100.385415186679,3.50945811798643,4.17249446448782,4.6090169296404,0,1.82365440407731,0.230162641695416,1.23839831807745,0.0185135206629407,3.2188758248682,1,6.82229379449358,11,0.685541321177128,17.3896587877192,3.78547530664974,2.40098413221674,0,1,0,0,0,0,0
430700,2015,430000,26.2530704264616,50.8757228687472,80.3966460548238,3.26778295082444,3.92938585238412,4.38697245957877,0,1.88142903609992,0.231081125447323,1.29142778046099,0.0179253545540197,3.63758615972639,1,6.93741194881063,11,0.684713696891611,17.3026966227039,4.21568028141238,2.4178545608533,0,1,0,0,0,0,0
430700,2016,430000,24.689547800585,48.6401795001018,74.6150720498997,3.20637998810573,3.88444992803148,4.31234252500516,0,1.95220357889968,0.230769230769231,1.34234071197643,0.016497573610024,4.23410650459726,1,7.06817119831562,11,0.701939195640816,17.4039900417097,4.89113465802077,2.44731150022535,0,1,0,0,0,0,0
430700,2017,430000,23.2039784629671,44.7639615587559,71.0886147871589,3.14432374944303,3.80140338620186,4.26392719441126,0,2.02867393338751,0.231023102310231,1.37104355808811,0.0241416355496823,4.8283137373023,1,7.16128230012907,12,0.70528866609266,17.5386479853755,4.35921632132385,2.3025226955376,0,1,0,0,0,0,0
430700,2018,430000,20.9120845443338,39.8406291385453,64.3303096576602,3.04032719973587,3.68488722422186,4.16403089899224,0,2.07585861144623,0.233057851239669,1.39676656394551,0.0297678631057916,5.03043792139244,1,7.22763437257346,12,0.691977567047127,17.5055855711415,4.07947636480179,2.3283697230899,0,1,0,0,0,0,0
430700,2019,430000,21.2565123271312,41.0553538494266,61.1794534020683,3.05666331087363,3.71492125003547,4.1138114044244,1,2.14493084388918,0.233443708609272,1.43796500509956,0.0364513576780102,5.08759633523238,1,7.30742832844636,12,0.687218417682924,17.4741040768726,4.22218698517005,2.20271177059798,0,1,0,0,0,0,0
430700,2020,430000,18.2239265372619,34.2513526213822,50.7016669523278,2.90273537559825,3.53372605652352,3.92595878880078,1,2.22634482641902,0.229096989966555,1.46803363920424,0.0419655163824025,6.0913098820777,1,7.39418326829317,12,0.692337070861139,17.1503739593541,4.49767215689624,2.01855667794963,0,1,0,0,0,0,0
430800,2011,430000,29.1277173137239,58.6106837289934,90.7296399911777,3.37169020585913,4.07091699615982,4.50788409525983,0,0.645254375640093,0.307600950118765,0.746158706370513,0.00726836512583482,0.693147180559945,0,4.5103252283322,1,0.743725714683533,16.7303975836256,3.05479277509837,1.38917765696725,0,0,0,0,0,0,0
430800,2012,430000,27.0705356310067,55.2500496266812,84.3825441210763,3.29844589031655,4.01186923861793,4.43536055700105,0,0.663169184487854,0.30570252792475,0.79758219437456,0.00719673965675225,2.19722457733622,0,4.34229579225621,3,0.764120000839233,16.2105862624529,4.28278850281862,1.53327897779299,0,0,0,0,0,0,0
430800,2013,430000,27.9158619015214,56.551754172158,86.6937806615353,3.32919505421336,4.03515622192467,4.46238214720582,0,0.740044123720653,0.307782328847279,0.825159986714518,0.00776260400914758,1.94591014905531,0,4.83909406015899,3,0.76003771352768,17.643242047739,3.96118422567967,1.72202930069817,0,1,0,0,0,0,0
430800,2014,430000,26.6014009065081,53.8963095549325,82.6341346249551,3.28096388005907,3.98706200720229,4.41442284727989,0,0.756267608315382,0.309122603137711,0.880968931041706,0.0135123914334462,2.19722457733622,1,5.00280211729467,3,0.759124567508698,17.086938974993,3.90697004707415,1.70762254990693,0,1,0,0,0,0,0
430800,2015,430000,20.9762461789331,43.0607216412284,67.1583554031096,3.04339066317163,3.76261125076533,4.20705334416546,0,0.779190248750333,0.3087015355651,0.940983516300379,0.00918056477986128,2.63905732961526,1,5.05742810639321,3,0.77179428768158,17.2004305975041,4.53445115959504,1.72630017851471,0,1,0,0,0,0,0
430800,2016,430000,19.2849856923219,39.736174914648,61.545728942934,2.95932684975283,3.68226197971423,4.11978045855636,0,0.800705027097566,0.309941520467836,0.988365267494256,0.0107769849024941,2.77258872223978,1,5.18642704158955,3,0.778745142936706,17.2798477502445,5.3222058249502,1.75561846619964,0,1,0,0,0,0,0
430800,2017,430000,17.8144721602815,36.4297695207537,57.9724034533126,2.8800111696703,3.59538628436729,4.05996709478738,0,0.827870151273364,0.311764705882353,1.01867089817936,0.0131821682306673,2.83321334405622,1,5.28408014002056,3,0.77241828584671,17.3581842221581,4.43332112816354,1.64146662683012,0,1,0,0,0,0,0
430800,2018,430000,15.1311043694903,31.008273205971,51.5136040739431,2.71675251717153,3.43425404649162,3.94184592956203,0,0.850225867377691,0.311764705882353,1.04610400745382,0.0125696392309906,3.17805383034795,1,5.34680874051316,3,0.773942858695984,17.2601492348652,4.29562761661664,1.63868226590386,0,1,0,0,0,0,0
430800,2019,430000,14.7105311391771,30.124568939416,47.0501473310546,2.68856364131548,3.40534108264341,3.85121399739853,0,0.86617533854595,0.319526627218935,1.01109432173958,0.0194154403716547,3.29583686600433,1,5.40913141012011,3,0.772244572162628,17.247582110229,3.84620363962935,1.56653215127101,0,1,0,0,0,0,0
430800,2020,430000,12.1701988826524,24.7234940503503,39.4706554187132,2.49899024890801,3.20775396768011,3.67555749502747,0,0.897176650692314,0.320474777448071,1.01445043018632,0.0182524053131741,3.52636052461616,1,5.46248543257825,3,0.772678856372833,16.8854514362115,4.9929938547782,1.3506782137379,0,1,0,0,0,0,0
430900,2011,430000,36.5848551989738,69.1207939018162,106.617426583786,3.59963436239387,4.23585561027787,4.66924697476668,0,1.55329065281454,0.279924796323376,0.768501313999531,0.0356859917160262,2.56494935746154,0,5.70777727330056,9,0.690153918343206,17.3511871626164,2.66427930428254,1.98777892923183,0,0,0,0,0,0,0
430900,2012,430000,33.6132291698793,64.7817384983193,99.3168826118455,3.51491971477372,4.17102375034386,4.59831557283209,0,1.61109382985761,0.27993359618178,0.831296619176991,0.02185948304815,2.07944154167984,0,5.94739371730354,9,0.709954838406655,16.6067184287595,4.69193517349573,2.45010802188827,0,0,0,0,0,0,0
430900,2013,430000,36.2368886858863,69.3459040262406,105.546810971982,3.59007762445074,4.23910708266966,4.65915456040333,0,1.75233857214472,0.282291666666667,0.876419649454192,0.0267634126081804,2.39789527279837,0,6.22423757622999,9,0.692091246381883,18.174663126771,3.69521544465567,2.65064579121169,0,0,0,0,0,0,0
430900,2014,430000,33.3305592770388,62.7101729382871,99.9384179174188,3.50647467216803,4.13852368229769,4.60455417546675,0,1.80152018413502,0.281870860927152,0.93153118532945,0.0285207682049839,2.77258872223978,0,6.41569088274064,9,0.7054221205173,17.7338326889268,4.24265193928084,2.44786566312928,0,0,0,0,0,0,0
430900,2015,430000,26.4851830035089,49.5866081472326,80.1872219559698,3.27658544467656,3.90372080024352,4.38436417494624,0,1.85289186345456,0.283578054157481,0.982448219723802,0.0278330985817865,4.00733318523247,1,6.58750112765494,9,0.704973272546645,17.376193704854,4.6858749567139,2.64723850274947,0,0,0,0,0,0,0
430900,2016,430000,24.7293242701658,46.7690707806956,73.3531401199173,3.20798975686425,3.84522210369128,4.29528531376015,0,1.93231100503723,0.283057851239669,1.03129267895329,0.0284359565839268,3.78418963391826,1,6.64591864927737,9,0.711609218197484,17.4533553005115,4.99517707650242,2.7236413994494,0,0,0,0,0,0,0
430900,2017,430000,23.2318715498289,43.2157679782526,69.7926443791859,3.14552510960803,3.76620542815054,4.2455286228283,0,2.02181175655883,0.2839248434238,1.06637700007538,0.0328416197233327,3.97029191355212,1,6.73547456938837,9,0.718710597676616,17.6435686821195,4.66361193695354,2.5875916423912,0,0,0,0,0,0,0
430900,2018,430000,20.3904502598718,37.4225980891907,62.4721192502464,3.01506666672959,3.62227474893257,4.13472036521766,0,2.07268702061707,0.284518828451883,1.09684264452253,0.0444945241996296,4.90527477843843,1,6.79910657089058,9,0.706296774264305,17.6250487252521,4.01945607530032,2.62539033553915,0,0,0,0,0,0,0
430900,2019,430000,21.5469393280959,40.0041022577819,58.5740275055669,3.07023377992456,3.68898200529993,4.07029138170489,1,2.13040259496698,0.285412262156448,1.10797761054992,0.0825847696817244,4.93447393313069,1,6.86236077220776,9,0.694006451675969,17.5194451012588,4.31468189749004,2.50140745413402,0,0,0,0,0,0,0
430900,2020,430000,18.0689667306536,32.8296094322414,48.9333830203384,2.89419592148906,3.49133083477022,3.8904598429138,1,2.18919860253264,0.28525641025641,1.1343936936827,0.0981573999777264,4.9272536851572,1,6.94453865845632,9,0.708428568847768,17.3337829039691,4.43776875822284,2.37237881881745,0,0,0,0,0,0,0
431000,2011,430000,26.2608377243474,45.8445005128358,69.8445563444246,3.26807876952147,3.82525524631405,4.2462721491574,0,1.69453111857589,0.143336623889437,0.9803809779565,0.0740749131039662,3.49650756146648,0,6.45119587359163,10,0.709230856180191,18.1743915014129,3.20963043268991,1.75955607685804,0,0,0,0,0,0,0
431000,2012,430000,24.6655609175587,43.9958140462523,66.4937128442878,3.20540797586473,3.78409449408016,4.19710739949735,0,1.73408722992993,0.143781875245194,1.03752963671332,0.115557740959717,3.46573590279973,0,6.51102634746475,12,0.722613713979721,17.9180178271504,5.33021974227128,1.79346190273262,0,0,0,0,0,0,0
431000,2013,430000,26.3581111088943,46.3902833811063,70.1160292019134,3.27177604958933,3.83709002741295,4.25015142984024,0,1.79839733047916,0.143917203671158,1.0894186697254,0.13924366275633,3.8286413964891,0,6.78378925756799,12,0.725627427816391,19.1696465331868,4.47788771810657,2.06796260337265,0,0,0,0,0,0,0
431000,2014,430000,27.2433331627066,47.8072403989578,71.7448827143187,3.30480883659687,3.86717710080811,4.27311653104147,0,1.82608847032915,0.145528141865844,1.14456501124353,0.149365510841831,4.23410650459726,0,6.98135392832439,12,0.735810855865479,19.443274369167,3.88726994938224,1.95379463668808,0,0,0,0,0,0,0
431000,2015,430000,20.2082299995225,36.0014552058433,55.7574202062471,3.00608994715077,3.58355936002368,4.0210104993534,0,1.87961350262617,0.14549378158896,1.18153987435136,0.0871380575410079,4.48863636973214,1,7.15979736657177,13,0.744439998865128,19.0806481693828,5.47471376010852,2.04602732781327,0,0,0,0,0,0,0
431000,2016,430000,18.8555780187339,33.5851563079774,52.5037947830307,2.93680878623269,3.51408419280886,3.96088544856693,0,1.95530913487368,0.145794392523364,1.22671491000903,0.0817506495041632,4.67282883446191,1,7.21629958502096,14,0.743658287286758,18.2726021553003,6.17095350270226,3.37376100533998,0,0,0,0,0,0,0
431000,2017,430000,18.6022955727954,32.7799187396437,51.3739347209456,2.92328499099602,3.48981609435116,3.9391309372427,0,2.00965805887577,0.146067415730337,1.22821504867874,0.114321713102822,5.03695260241363,1,7.29637061792933,14,0.750198858261108,18.4191908189998,4.50099351794668,3.31981013902447,0,0,0,0,0,0,0
431000,2018,430000,16.1006252672166,28.6128260606842,45.881439833691,2.77885810770938,3.35385508095632,3.82606067436881,0,2.06194958099288,0.149532710280374,1.23088024118537,0.130636706851944,5.23644196282995,1,7.36542934287888,14,0.745809715747833,18.2978885590928,4.56746073221746,3.23600648466999,0,0,0,0,0,0,0
431000,2019,430000,14.642923769411,26.1366908312513,40.0846421148032,2.68395719961892,3.2633401061216,3.69099327129747,0,2.0819510649289,0.149812734082397,1.22879424431606,0.133237732241308,4.93447393313069,1,7.46150054353618,14,0.748129143953323,18.339666062664,5.19399008399666,3.14183363831427,0,0,0,0,0,0,0
431000,2020,430000,13.303600664404,23.6127319707261,37.2430459779882,2.58803472523478,3.161786056844,3.61746524224305,0,2.13463824125467,0.150801131008483,1.25661737691746,0.135139327253759,4.60517018598809,1,7.53816827477212,14,0.749801144957542,18.5811672200886,4.14371224013245,3.54526259168284,0,0,0,0,0,0,0
431100,2011,430000,29.3131689050216,52.3328519790187,79.1946926070018,3.37803686573365,3.95762431878475,4.37190928403708,0,1.7454193095719,0.1845690747782,0.661872585601784,0.0130938590946541,1.6094379124341,0,5.91810901233959,10,0.713550740069356,18.2422950358807,3.20754936041013,2.12784714075902,0,0,0,0,0,0,0
431100,2012,430000,27.7005067485313,50.5922858620238,76.1414643426607,3.32145070719676,3.92379911135154,4.33259298300819,0,1.76095425662393,0.186845074963727,0.715826357291571,0.017259806394479,2.70805020110221,0,5.8573397106723,14,0.727734976390312,17.8904737996942,4.94885057144936,2.05611021909663,0,0,0,0,0,0,0
431100,2013,430000,28.9749751510164,52.3517873042929,78.0349163406918,3.36643253162463,3.957986078172,4.35715637191977,0,1.79776348424525,0.184227433344041,0.756809222642735,0.0237005507034444,2.63905732961526,0,6.10590697944448,14,0.726604926175085,19.1411219678295,4.82375893428424,2.21418953775159,0,0,0,0,0,0,0
431100,2014,430000,29.4348864295769,53.0060377458966,78.8098573050579,3.38218058412649,3.97040582679766,4.36703808174417,0,1.82349361868449,0.183388809637026,0.799153581271997,0.0442071871270254,3.46573590279973,0,6.57658571602821,14,0.740345319386186,19.2074207640676,4.11468097347561,2.14442123764722,0,0,0,0,0,0,0
431100,2015,430000,22.2263758143551,40.3240761409494,61.2962013716251,3.10127968339199,3.69694871341899,4.11571787318562,0,1.85696499200287,0.183179070646014,0.843397365040989,0.0393459881837505,2.94443897916644,1,6.7583927363226,14,0.746467980023088,18.9550539595535,5.71754929005757,2.21084937456774,0,0,0,0,0,0,0
431100,2016,430000,20.6190707224066,37.2826758491905,57.56362501711,3.02621641076467,3.6185287643121,4.05289085809572,0,1.94565020675323,0.182945736434109,0.8838023320016,0.0433830466902042,5.13579843705026,1,6.81525032796478,14,0.734933006352392,18.971192952597,4.9998215018753,2.45564209769283,0,0,0,0,0,0,0
431100,2017,430000,20.418766960366,36.5320900044679,56.1596083857864,3.01645442699394,3.59819105254226,4.02819778650568,0,1.99624675033447,0.182242990654206,0.9056809062755,0.0544184637099281,4.02535169073515,1,6.95416912801747,14,0.74706797949199,19.0798745949292,4.59846306893753,2.37285702574394,0,0,0,0,0,0,0
431100,2018,430000,18.1760599427524,32.676368744832,51.206201666008,2.90010534044001,3.4866521482988,3.93586065099948,0,2.02464878265588,0.182945736434109,0.923457137341391,0.0714399204075496,4.43081679884331,1,7.01052619089641,14,0.743884727256051,18.9168796903004,4.92341099308294,2.36787451788477,0,0,0,0,0,0,0
431100,2019,430000,16.4715273698611,29.6554612094847,44.0934913010242,2.80163327637194,3.38964629767303,3.78631218201446,0,2.04741238394801,0.18167701863354,0.984591274358633,0.0889232796141698,4.81218435537242,1,7.09305099842752,14,0.735373890810999,18.9199375560263,5.02131340837045,2.30426090485292,0,0,0,0,0,0,0
431100,2020,430000,14.7783019988172,26.2781671430879,40.1415360282121,2.69316002386053,3.26873844777052,3.69241160940764,0,2.10140732332499,0.182173573103987,1.0137976924656,0.101972258202035,5.06259503302697,1,7.16971561284989,14,0.747197043484655,19.150438075609,4.14079312673468,2.39359482751826,0,0,0,0,0,0,0
431200,2011,430000,29.7484621547692,56.7243119070515,87.3409073167561,3.39277743837888,4.0382029002627,4.46981893633362,0,0.629913945698264,0.0708860759493671,0.708916668806402,0.00414523919966677,2.70805020110221,0,5.54453676157858,3,0.742398389292435,16.9949387230121,2.9169705190732,1.51341769458225,0,0,0,0,0,0,0
431200,2012,430000,27.3268645050555,53.1806351923918,81.2530609391828,3.3078702661375,3.97369432994045,4.39756849359787,0,0.658159976668425,0.0712487899322362,0.782386431809145,0.00447401439505817,2.19722457733622,0,5.80609662325031,13,0.750447887601987,16.4444893710113,4.29105463345261,1.47916087651418,0,0,0,0,0,0,0
431200,2013,430000,29.0154485401091,55.8233258425773,84.014180753137,3.36782839642741,4.02219180789144,4.4309856030848,0,0.730043216558123,0.0720388349514563,0.83318126338874,0.00462065052108524,2.83321334405622,0,5.88651856033291,13,0.749490543150566,17.8506705963543,3.67699502252903,1.68541479276948,0,0,0,0,0,0,0
431200,2014,430000,28.2095551415521,54.0385981159739,81.6415876225605,3.33966075535933,3.98969857115621,4.40233878437873,0,0.758799127281969,0.0711703139866793,0.847321007626321,0.0054919933357112,2.56494935746154,0,6.22458365853315,13,0.763099395221388,17.589900881132,4.4204295188884,1.66685679585904,0,0,0,0,0,0,0
431200,2015,430000,21.2588614529961,41.0269183997373,64.8262079775073,3.05677381799886,3.71422839760711,4.1717099656901,0,0.792248546507685,0.0735671679246376,0.89935548732221,0.00217210467786551,2.89037175789616,1,6.39350852525781,13,0.773022133867506,17.583142792528,4.57265753193415,1.68667983933969,0,0,0,0,0,0,0
431200,2016,430000,19.5681257405751,37.8700026584505,60.3864905564579,2.97390200475078,3.63415931211308,4.10076541363993,0,0.82345580220117,0.0745697896749522,0.942453071180774,0.00302763479001152,3.2188758248682,1,6.45026527558058,13,0.777351710494135,17.699923199551,4.56987105660029,1.7712020522203,0,0,0,0,0,0,0
431200,2017,430000,18.4625228287723,35.472066448743,57.1242393116048,2.91574288435083,3.56874552614529,4.04522853291748,0,0.845383900069582,0.0747126436781609,0.942446822691917,0.00428707812970626,3.55534806148941,1,6.54177944720106,13,0.779542052745819,17.7510634327751,4.39032853098945,1.68099044891502,0,0,0,0,0,0,0
431200,2018,430000,16.0257942896599,30.713812831526,50.7653743397638,2.7741995672358,3.42471248277095,3.92721451469948,0,0.862415844918635,0.0763358778625954,0.942327724852473,0.00356983977799661,4.48863636973214,1,6.61533443309579,13,0.783204425724459,17.6927838957768,3.98655789397077,1.70869326800119,0,0,0,0,0,0,0
431200,2019,430000,15.660286929223,30.1731822258981,44.8177267271773,2.75112801282284,3.40695352410517,3.80260374703242,0,0.876408122005335,0.0763358778625954,0.975326388596289,0.00639707052756147,4.82028156560504,1,6.70330554322949,13,0.771783098032777,17.5263639327945,4.37219631589939,1.62954546679181,0,0,0,0,0,0,0
431200,2020,430000,13.2257559718902,25.2384754392309,38.5592478476044,2.5821661384464,3.22836963328257,3.65219596352524,0,0.903353305911608,0.0776605944391179,0.996210887325829,0.00863000379490012,5.19295685089021,1,6.78640135582982,13,0.782841448380914,17.4264276880802,4.67920125805394,1.50085802325577,0,0,0,0,0,0,0
431300,2011,430000,33.7146251998993,63.5096402789019,98.1218299121559,3.51793172540814,4.15119170979163,4.58620986895299,0,2.3742680347556,0.107847636530519,0.796648757330498,0.17066090091977,3.17805383034795,0,5.58513126714385,6,0.671087914647964,16.6473863474806,2.92749127948432,2.134414253343,0,0,0,0,0,0,0
431300,2012,430000,31.4811174705687,60.7482987957979,92.6222506523983,3.4493879207136,4.10673907846721,4.52852940061051,0,2.45633072652289,0.108040201005025,0.876393999816807,0.106091511271722,2.77258872223978,0,5.8757322896093,7,0.691252749126691,16.1913859052031,4.61554247962032,2.25023020536563,0,0,0,0,0,0,0
431300,2013,430000,33.1118583494375,63.0143323307605,95.0252597200374,3.499891476515,4.1433621978316,4.55414274804745,0,2.64394382218781,0.108527131782946,0.927378458238789,0.0792062846067835,2.39789527279837,0,6.15697208434423,7,0.683640112670568,17.4269688203644,3.67455623814444,2.64553241233655,0,0,0,0,0,0,0
431300,2014,430000,31.6129292942015,59.8170479455041,91.5436838099682,3.45356619179163,4.09129070302897,4.51681627704161,0,2.71954628311396,0.109013261407058,0.961051475965233,0.0784366459377582,2.70805020110221,0,6.32250508459668,7,0.706890113938313,17.1827745934067,4.58661333799943,2.4738737709145,0,0,0,0,0,0,0
431300,2015,430000,25.1154281475646,47.2888443229544,73.667845447681,3.22348232454086,3.85627441827204,4.29956641427385,0,2.7841152913664,0.109470627652446,0.997487493179552,0.0472786000190925,3.3322045101752,1,6.48844886756091,7,0.71003708587243,16.8304500209895,4.71963065454586,2.64686386013028,0,0,0,0,0,0,0
431300,2016,430000,23.1279998834259,43.5844199961123,67.4159901439119,3.14104399967366,3.77469974695529,4.21088223227199,0,2.88705718281099,0.108167770419426,1.03248752150728,0.0423951913798322,3.04452243772342,1,6.55381989494189,7,0.710504120932176,16.9769889510153,5.20708980173076,2.73355246442927,0,0,0,0,0,0,0
431300,2017,430000,21.8571596300056,40.6901448488264,64.8295944663283,3.0845285397227,3.70598592182113,4.17176220382766,0,2.93958263356749,0.134361233480176,1.03585049341321,0.0556006705848519,3.78418963391826,1,6.64952273689377,7,0.710256869403216,17.1096558370285,4.3505726317877,2.53549230228204,0,0,0,0,0,0,0
431300,2018,430000,18.6938037738559,34.3149567156228,57.2281277890138,2.92819211996067,3.53558131497623,4.0470455220822,0,2.96681106355602,0.136263736263736,1.04231354641731,0.0668088051157303,3.89182029811063,1,6.70587784633181,7,0.71152747135896,17.0392641508389,4.0303155726268,2.56289440519509,0,0,0,0,0,0,0
431300,2019,430000,18.9236137727442,34.9644913370019,51.6679722003969,2.94041054817277,3.55433301327372,3.94483809632668,0,2.99720300864716,0.136263736263736,1.07527510625636,0.0774486792762121,3.89182029811063,1,6.7929368426828,7,0.697618132886978,16.9698771360721,4.56724823320679,2.50111917201498,0,0,0,0,0,0,0
431300,2020,430000,16.160882620305,29.3373075546271,44.0693109924053,2.78259366919459,3.37886000144969,3.78576364434106,0,3.10263131196188,0.136212624584718,1.09267708967411,0.0890405590017078,4.93447393313069,1,6.87052705966255,7,0.716723902007708,16.8750451029339,4.2594187682092,2.51276786930578,0,0,0,0,0,0,0
440100,2011,440000,27.7032398685266,45.5883295698453,69.391554576355,3.32154936911638,3.8196517532787,4.23976516812433,0,15.7960060476172,0.824085440707095,2.35663546344309,0.604192534895887,6.55819780281227,0,7.6675736141073,16,0.687675322998654,22.3804442355079,4.40371219765673,2.79847950091682,0,0,0,0,0,0,0
440100,2012,440000,25.6749171298308,42.868665617811,64.5275216363902,3.24551452814946,3.75814115387892,4.16709182483162,0,16.0067351304932,0.824516599781102,2.40604132777398,0.545778096154829,6.88448665204278,0,7.74116244620541,16,0.707419912923466,22.5799319201092,5.37320841547142,2.62141340800703,1,0,0,0,0,0,0
440100,2013,440000,27.9568880735439,46.547866331026,68.7704675606877,3.33066361194192,3.84048116660439,4.2307744022135,0,16.4267682686352,0.824942929232248,2.49348558500127,0.477718701076335,7.21744343169653,1,7.8896948047861,16,0.712818182779081,22.6638928866998,6.28903608185409,2.72228174864622,1,0,0,0,0,0,0
440100,2014,440000,27.5038453765324,44.9349084132878,66.3287932880712,3.31432582677087,3.80521496290392,4.19462409082066,0,16.65602271044,0.825023741690408,2.54665825534597,0.480203496210716,7.37148929521428,1,7.9726009630097,16,0.706690479408611,23.0207714899712,5.89271563146677,2.57898006109524,1,0,0,0,0,0,0
440100,2015,440000,22.006660970745,36.4657591491478,56.125946886858,3.09134517892981,3.59637371478929,4.02759821695544,0,16.9729163502543,1,2.60786932001849,0.460574812985887,7.66762609158499,1,8.07304055443751,16,0.715831165512403,23.3579495980042,6.51584943634091,2.71883060109699,1,0,0,0,0,0,0
440100,2016,440000,19.8763703478491,33.0789742823482,51.4251445726381,2.98953160648302,3.4988978624906,3.94012724686493,0,17.2574968640017,1,2.64924482958412,0.43954111818009,8.05959232888755,1,8.11266080818258,16,0.718194803956783,22.7958872415285,8.13546645568899,2.82257945147427,1,0,0,0,0,0,0
440100,2017,440000,20.5843630934209,34.1162283406849,53.5805033534501,3.02453171441874,3.52977317550179,3.9811852585003,0,17.6013535262246,1,2.65685280422884,0.456620079686039,8.43728380818794,1,8.10841719854792,16,0.722577924529711,23.2260435020447,5.8144367566121,2.77178559454764,1,0,0,0,0,0,0
440100,2018,440000,18.6718593003206,31.8485473508082,50.8856501739527,2.92701754018594,3.46099177189824,3.92958096188275,0,17.9206097118132,1,2.66423600025928,0.429804331222827,8.73165920153676,1,8.15283000567706,16,0.718207793705391,23.0754837645806,5.68745566271306,2.73113262531084,1,0,0,0,0,0,0
440100,2019,440000,16.997411769771,28.1995613714292,48.0606577437535,2.83306108362819,3.33930642361846,3.87246391610218,0,18.0988006642629,1,2.65744415575715,0.423991845907932,8.72518249495877,1,8.29276510654386,16,0.716261907508879,23.6356538558281,6.47228634014084,2.66083451730931,1,0,0,0,0,0,0
440100,2020,440000,13.7408267013095,22.7705422839431,40.3010301194404,2.62037145247399,3.125467695512,3.69637702990239,0,18.557472051021,1,2.6781987250213,0.379564182758729,8.85907931788153,1,8.3831634096297,16,0.726694801991636,23.5224514995938,5.00101672338135,3.01085423599883,1,0,0,0,0,0,0
440200,2011,440000,25.0845289225883,41.6810255572791,63.4879046611047,3.22225127851286,3.73004600264334,4.15084940997757,0,1.58468748181442,0.283591143463755,0.936959398898984,0.14075491081165,2.70805020110221,0,5.63147201260031,10,0.743055926485265,19.8464255964671,4.01712440348657,2.08591466983723,0,0,0,0,0,0,0
440200,2012,440000,23.2612427819483,39.5333769849153,59.2999248111926,3.14678857566956,3.67714530206646,4.08260803806346,0,1.61616596304249,0.28208269525268,0.993203196280968,0.141599157801601,2.83321334405622,0,5.73880482366977,10,0.759873555061665,19.9113193464871,5.57235161103554,1.92214108964134,0,0,0,0,0,0,0
440200,2013,440000,25.2742516644155,42.2631090962559,63.6425139351769,3.22978615672996,3.74391458014561,4.15328170512774,0,1.6690147973802,0.281707317073171,1.04575709245214,0.142097016823628,3.17805383034795,0,5.94931758047806,10,0.76196899769154,20.4318311900518,5.41925561916488,2.04155049755651,0,1,0,0,0,0,0
440200,2014,440000,25.8960930401887,43.183371131533,64.1597402467317,3.25409210945765,3.76545549363564,4.16137591502656,0,1.70032701041475,0.281677301731996,1.10094767358132,0.129791797534551,2.70805020110221,1,6.09347537920615,10,0.762451671032195,20.9020925137383,4.3849823323877,1.97923076667842,0,1,0,0,0,0,0
440200,2015,440000,19.2264685606254,32.8291770386596,50.4318444854922,2.95628790054323,3.491317663842,3.92062281058322,0,1.73114530910969,0.280639592986281,1.12033486095798,0.129424019011911,3.09104245335832,1,6.03124685948502,11,0.769823099450862,20.9494577117854,6.14960769459823,2.00454166827279,0,1,0,0,0,0,0
440200,2016,440000,17.3939346247428,29.9158228589489,46.1744918709443,2.85612156066579,3.3983875330306,3.83242752160557,0,1.78936362805023,0.275449101796407,1.14228142144704,0.128537460476181,3.55534806148941,1,6.01787702625027,11,0.770857750608566,20.5822479880723,7.26281215591773,2.27776845202377,0,1,0,0,0,0,0
440200,2017,440000,18.1892376232772,30.85638208483,47.4150218146954,2.90083007979229,3.42934360366663,3.85893909441563,0,1.83392839415733,0.274626865671642,1.1462222394641,0.129330182119004,4.11087386417331,1,5.96312441249022,11,0.774740425069281,20.8258461781289,4.46755398184643,2.25447105210485,0,1,0,0,0,0,0
440200,2018,440000,16.2815690850006,27.9975670887925,43.8367695948984,2.79003373707257,3.33211761671409,3.78047295367704,0,1.8687028978101,0.27299703264095,1.15132634476985,0.116164013190725,4.46590811865458,1,5.99169981665186,11,0.775925836664565,20.6885074625638,4.93174238905164,2.18277752536597,0,1,0,0,0,0,0
440200,2019,440000,14.250532503099,24.7050834323515,38.6380974035928,2.656794274655,3.20700902943637,3.65423876909458,0,1.89212226189294,0.27299703264095,1.12938485388662,0.138624240664715,4.39444915467244,1,6.01428241500912,11,0.783482675603095,20.7004695008121,5.74824803365549,2.38788161798153,0,1,0,0,0,0,0
440200,2020,440000,12.7217596707414,22.1267785779439,37.1978657617154,2.5433138872388,3.09678857536675,3.61625138763637,0,1.9727427747912,0.27299703264095,1.14384682599993,0.137538973132542,4.9416424226093,1,6.03698517864448,11,0.789623707659701,20.9310255338199,4.57547059076718,2.59447869043716,0,1,0,0,0,0,0
440300,2011,440000,24.8840230255559,40.869292555855,65.1451003855416,3.21422595196805,3.71037898780697,4.17661709560914,0,36.8078321221617,1,3.32891986991987,2.32553105070438,7.3864708488299,0,7.19933385824976,7,0.693750008940697,22.6721647212392,4.07231230606549,2.72072224861216,0,0,0,0,0,0,0
440300,2012,440000,22.3488388990883,37.4220404465543,58.8911622995696,3.1067743688863,3.62225984759435,4.07569103355182,0,37.2163444812387,1,3.35233149921725,2.27550109672193,7.5522372875608,0,7.25633520891175,7,0.713803574442863,23.048161279091,4.25216193986168,2.80325453759489,1,0,0,0,0,0,0
440300,2013,440000,24.4980740468833,40.8828902960499,64.6375648822731,3.19859450412943,3.71071164535435,4.1687957415087,0,37.8368731884041,1,3.36685640016076,2.29655754964003,7.74716496652033,1,7.31246340935433,7,0.724107146263123,22.9610617636078,6.25437652718883,2.90143898975004,1,0,0,0,0,0,0
440300,2014,440000,22.0352978249785,36.5286693464933,59.7048734410964,3.09264561419891,3.59809741382272,4.089413649246,0,38.1536399462152,1,3.38687531973071,1.87253788909697,7.67275789664251,1,7.38519381499696,8,0.712017856538296,23.2048560623748,5.14136566588215,2.70471161970209,1,0,0,0,0,0,0
440300,2015,440000,19.2085556392292,31.9696889774658,52.9040233968675,2.95535578599063,3.4647882344497,3.96847939262365,0,38.4200486683598,1,3.40943396400883,1.57426019024365,8.02355239240435,1,7.5789505716901,8,0.725928567349911,23.8365012258777,4.3453461940894,2.75520455716636,1,0,0,0,0,0,0
440300,2016,440000,17.5559777068011,29.3729749501258,47.1252698838879,2.86539450199157,3.38007503221994,3.85280937273083,0,38.7548512919138,1,3.42156326492716,1.35816587184307,8.52813313145457,1,7.77721091333859,8,0.723964288830757,23.1765214410579,6.65725560712998,2.7221320577803,1,0,0,0,0,0,0
440300,2017,440000,18.214391326364,30.3228900325872,49.0100290703706,2.90221201383654,3.4119028739292,3.8920249520731,0,39.1060285830502,1,3.37414545654867,1.28063050016222,8.77493138749495,1,7.96858565715766,8,0.740589283406734,23.6337828780378,5.8845808216195,2.69502914601044,1,0,0,0,0,0,0
440300,2018,440000,16.3830598009882,27.5735414672506,46.5947316048165,2.79624786201691,3.3168566704406,3.84148747904969,0,39.523748726217,1,3.39672940118292,1.23930966125587,9.11954000764969,1,8.12149610211728,8,0.713428571820259,23.4024766015131,5.21737316384199,2.68434167661051,1,0,0,0,0,0,0
440300,2019,440000,15.4838529494937,25.7826632610461,44.7634002015544,2.73979773573758,3.24970229943069,3.8013908457407,0,39.684030617306,1,3.30183075177808,1.10699299988007,9.14676139033331,1,8.28098212981355,8,0.73144643753767,24.1483334947818,5.26977934071394,2.80010622724969,1,0,0,0,0,0,0
440300,2020,440000,12.2021531675085,20.2294621524324,36.8421536918402,2.50161242530688,3.00714006419411,3.60664267036891,0,40.0682894832392,1,3.25585591791565,1.09958526547183,9.13443077787583,1,8.35488093261796,8,0.729535721242428,24.0372926775502,4.11519651555394,3.10204664193432,1,0,0,0,0,0,0
440400,2011,440000,24.1637093889342,39.0780982635766,61.3720232523698,3.18485189559162,3.66556216333895,4.11695408395876,0,14.740190509278,1,2.23046921335281,2.37451874614052,4.60517018598809,0,5.98983652807882,6,0.544120882566159,22.7197947242079,3.8016277737573,4.51600860171155,0,0,0,0,0,0,0
440400,2012,440000,21.7737014215532,35.9017593633833,56.1255003596,3.08070288475145,3.58078630163,4.02759026111578,0,15.1665367730939,1,2.26561379248523,1.91752050970367,4.93447393313069,0,6.17842969375554,7,0.548890106953107,23.2566099866096,4.35148410916348,4.61446832261291,1,0,0,0,0,0,0
440400,2013,440000,24.5137493536055,40.2234220527631,63.699521403995,3.19923415824426,3.69444946408572,4.15417704926881,0,15.7639111936005,1,2.31980990930485,2.01890603820143,5.39816270151775,1,6.35587758120168,7,0.558098912239075,23.2232007785409,6.20058145808703,4.57478836522295,1,0,0,0,0,0,0
440400,2014,440000,22.1366910377948,35.8943252959888,58.5060759040473,3.09723645982329,3.58057921325028,4.06913061045221,0,16.3229878980383,1,2.40251071394387,1.80953416842611,5.39816270151775,1,6.51218761706601,7,0.555593410363564,23.52961398715,4.85033673257127,4.28300511804026,1,0,0,0,0,0,0
440400,2015,440000,19.2246206765362,31.4522786525418,52.1521190548782,2.95619178445771,3.44847143370282,3.95416481446359,0,17.0634104087013,1,2.45827257408693,1.46542268699484,5.7037824746562,1,6.13838967545638,7,0.56742856823481,24.0725635012901,4.33669266002009,4.34473454308626,1,0,0,0,0,0,0
440400,2016,440000,17.2641091144723,28.4418069792213,45.4555562947103,2.8486297288429,3.34786013945751,3.81673506386018,0,17.652041058416,1,2.5116233091122,1.24496059980383,6.20455776256869,1,6.70068888188836,7,0.570703293268497,23.4714617654314,6.54092873893065,4.54162472923173,1,0,0,0,0,0,0
440400,2017,440000,18.7510795212097,30.5984816349191,46.9401286191506,2.93125132522359,3.42095038795335,3.84887293049476,0,18.2874800277702,1,2.57436873497969,1.16346530962412,6.51619307604296,1,6.83814319633574,7,0.575307687887779,23.8067023812765,5.26391925506693,4.41211314948832,1,0,0,0,0,0,0
440400,2018,440000,16.6186254487621,27.4642689489156,44.5284579678786,2.8105240813598,3.31288584888765,3.79612848967222,0,19.0285437482913,1,2.59859188937068,1.11974803130678,7.02731451403978,1,6.99188307722739,7,0.566307693719864,23.5832636434734,5.07294383452919,4.43283903288168,1,0,0,0,0,0,0
440400,2019,440000,15.7910474347268,25.824380909701,42.7876107012339,2.75944316138898,3.25131904219952,3.756248591086,0,19.4849685836315,1,2.69669345094857,0.848883289633032,7.23201033166476,1,7.03831016913035,7,0.575670327131565,24.3724744948615,5.91495917176856,4.21289390735282,1,0,0,0,0,0,0
440400,2020,440000,12.2718627138389,19.953797360976,35.1637098005921,2.5073090576196,2.99341946913134,3.56001457921321,0,20.3539245249364,1,2.65342343986094,0.782082861401351,7.26961674960817,1,7.1564977161955,7,0.553725279294528,24.0941167246775,4.72172722163135,4.53263314324773,1,0,0,0,0,0,0
440500,2011,440000,24.3780811371826,37.9794974004529,59.4388052545797,3.1936844145234,3.63704647202783,4.0849473001836,0,18.6537586713176,0.986021911598036,0.920216442115822,0.445112793162441,3.63758615972639,0,5.6163726315621,6,0.62373016277949,21.969381853662,3.32765278056193,2.79195866513243,0,0,0,0,0,0,0
440500,2012,440000,23.2857895787624,36.7145261979566,57.0670170436433,3.14784328519001,3.60317248595735,4.04422631480415,0,18.9722364683155,0.985926064927754,0.96973762357003,0.389917749191109,4.0943445622221,0,5.92601314541093,6,0.660888890425364,22.260274780514,3.84660734546045,2.22436232048147,0,0,0,0,0,0,0
440500,2013,440000,25.8616679271104,40.4259053246789,63.3815952935141,3.25276186960525,3.69947080038071,4.14917352424443,0,19.3347564249191,0.986111111111111,1.00718231628707,0.36534206072669,4.07753744390572,0,6.0782870553759,6,0.642333322101169,22.3957486782918,6.04105740937371,2.26730722471188,0,1,0,0,0,0,0
440500,2014,440000,25.7038808081497,40.1887789017628,61.8821719349149,3.24664198470935,3.6935878248635,4.12523212423103,0,19.6949169801152,0.986278814489572,1.05180460829837,0.342156067837569,3.8286413964891,1,6.38823719455779,6,0.6474127040969,22.7604263422112,4.47607538340405,2.16884774649776,0,1,0,0,0,0,0
440500,2015,440000,21.3517570615628,33.9816471873995,53.497378856897,3.06113403425381,3.52582059027195,3.97963265937272,0,20.0587201199404,0.986247865421647,1.10296411576621,0.309525697793887,4.00733318523247,1,6.62795305861288,6,0.635873006449805,23.1572472611653,5.05617630387181,2.15035556391984,0,1,0,0,0,0,0
440500,2016,440000,19.2943894666843,30.9093869793896,50.1825387331598,2.95981435244099,3.43105992351092,3.9156671321886,0,20.5194242894994,0.987477638640429,1.15614518159238,0.272264935988592,3.66356164612965,1,6.82869234146888,6,0.659126977125804,22.9457783646642,7.15801629345362,2.1166512760011,0,1,0,0,0,0,0
440500,2017,440000,18.8681178400513,29.9106454384158,50.3679608953643,2.93747361090025,3.39821445176094,3.91935527641607,0,20.9517742491619,0.987610619469027,1.18819072473101,0.259253522861657,4.34380542185368,1,7.02645153773701,7,0.6405079431004,23.1850707697023,4.67220430114245,2.15178181740853,0,1,0,0,0,0,0
440500,2018,440000,16.8573679246387,27.0797591586981,46.6019934187651,2.82478782678284,3.298786554308,3.8416433174434,0,21.2428912684349,0.987697715289982,1.22198359664629,0.221978555654493,4.30406509320417,1,7.16768561971535,7,0.628730164633857,23.1032192317827,4.71087496951422,2.04115995865013,0,1,0,0,0,0,0
440500,2019,440000,15.45034111315,24.8122709331302,42.5207139001695,2.73763108162106,3.21133832649065,3.74999134308279,0,21.4252274649225,0.986013986013986,1.25885816107422,0.223541645240548,4.27666611901606,1,7.27623287741739,7,0.664507925510406,23.4866427884532,4.43759041822148,2.05213865324461,0,1,0,0,0,0,0
440500,2020,440000,12.6893552146035,20.5781335765677,36.4828533818726,2.54076346992346,3.02422903516434,3.59684237985213,0,21.9408601549671,0.986086956521739,1.26136323467067,0.247829774195247,4.48863636973214,1,7.20518006530623,7,0.651476191149818,23.5509615837856,3.40229506992607,2.2554509316332,0,1,0,0,0,0,0
440600,2011,440000,28.3569831551017,47.844794428456,73.0675609679325,3.34487331924606,3.86796232260701,4.29138450585547,0,27.4880303753365,1,2.48491232719974,0.597975127917392,5.01063529409626,0,7.09978608384258,9,0.591942858695984,22.522799663338,4.03056093305321,2.68381044231551,0,0,0,0,0,0,0
440600,2012,440000,26.8203064771779,45.8659204085299,69.3031169519167,3.28915930497608,3.82572236653591,4.23848988284553,0,27.9347083809409,1,2.46129785200057,0.582814875029478,5.34710753071747,0,7.17250940663758,9,0.603434286117554,22.7016382132286,5.34194374880117,2.51067237059717,1,0,0,0,0,0,0
440600,2013,440000,29.49666613443,50.6518455499115,77.9910646716438,3.38427724456719,3.92497566734403,4.35659426463586,0,28.8679670902261,1,2.48569762876333,0.565073549213574,5.69035945432406,1,7.26440168541082,9,0.616531426906586,22.8818387874516,5.7975091616498,2.59627914532812,1,0,0,0,0,0,0
440600,2014,440000,27.5749935484806,46.1568742143747,68.3916657909926,3.31690933117691,3.83204590358062,4.22525097204385,0,29.2312617261566,1,2.52154259322284,0.568125374235438,6.04973345523196,1,7.34579939259131,9,0.616634285449982,23.1637966133277,5.66475828564086,2.44975120641313,1,0,0,0,0,0,0
440600,2015,440000,22.6409951721133,38.2814164350644,58.4572568384146,3.11976220873436,3.64496456786113,4.06829583484651,0,29.7835017982279,1,2.58070985893051,0.511275484084959,6.60665018619822,1,7.49592309987566,9,0.638696435838938,23.5775571814092,5.74979094754925,2.54287461141402,1,0,0,0,0,0,0
440600,2016,440000,21.2140206172513,36.203990911258,55.2024331323498,3.05466231295286,3.58916935892241,4.01100703079622,0,30.217834610425,1,2.61159687018509,0.478771958019561,7.12849594568004,1,7.62776207226657,9,0.624371428489685,22.8436025233301,7.13004773356581,2.81776619486486,1,0,0,0,0,0,0
440600,2017,440000,22.3409132075199,38.1046195169654,60.2141029939655,3.10641967049224,3.64033552194726,4.09790659388083,0,30.7632267729096,1,2.595566415887,0.467873594629224,7.61184239958042,1,7.7807368586764,9,0.633560005426407,23.1952461613687,5.08482351744774,2.7086181413554,1,0,0,0,0,0,0
440600,2018,440000,19.3930859189113,33.6734087058643,55.8126544988882,2.96491660661275,3.5167084667141,4.02200062681005,0,31.2259938117645,1,2.5899198878931,0.464547336913293,7.78821155784708,1,7.80082511430071,9,0.639541666954756,23.0598481570218,5.45486382034404,2.8103339420337,1,0,0,0,0,0,0
440600,2019,440000,17.6671498812883,29.6670405546086,53.1818810791617,2.871706976281,3.39003668394895,3.97371775711788,0,31.5241740686488,1,2.60157643558771,0.450237012827361,7.09007683577609,1,7.84063428398374,9,0.628662852048874,23.6923652462936,5.74140760876244,2.68619247819643,1,0,0,0,0,0,0
440600,2020,440000,13.8951081572806,23.084285711584,41.8855159631288,2.63153684706346,3.13915211381181,3.73494008609571,0,32.1542765313845,1,2.57981527106217,0.467277965357879,7.3065313989395,1,7.84368888351914,9,0.631222851276398,23.5534462100191,4.05379713017028,2.96784713012429,1,0,0,0,0,0,0
440700,2011,440000,24.7336542347303,40.3529695212844,61.8625610975115,3.20816483587107,3.69766498609192,4.12491516791157,0,5.17664952660289,0.353060706121412,1.3643846332668,0.624384730107242,3.95124371858143,0,6.14173485918762,5,0.680205444211052,22.4536228043854,4.51590115816356,3.96058833706903,0,0,0,0,0,0,0
440700,2012,440000,22.0807095174607,36.755613729587,55.9367436069705,3.09470435483558,3.60429096853964,4.02422147383362,0,5.28110637782182,0.354772843287392,1.3708017322437,0.630160914544223,3.91202300542815,0,6.25513625504444,5,0.691326531342098,22.9236637469086,5.93436371908276,3.89369136861412,1,0,0,0,0,0,0
440700,2013,440000,25.3038104724424,42.1742675973819,64.0605179346521,3.23095499595168,3.74181026248117,4.15982822929744,0,5.45019320922127,0.354961832061069,1.3987567446893,0.611244699463286,4.71849887129509,1,6.39660840646364,5,0.708844895022256,22.9987881467464,6.94306971726091,3.8936176870558,1,0,0,0,0,0,0
440700,2014,440000,23.2587263485561,37.9863228463206,58.8048686375983,3.14668038843549,3.63722616984098,4.07422465143601,0,5.55775644133005,0.355617691916624,1.42081477185448,0.60095179870868,5.26785815906333,1,6.49135631232285,5,0.705367347172328,23.2643841288498,5.47528126213122,3.65226096960421,1,0,0,0,0,0,0
440700,2015,440000,19.5161421986726,32.0679332584144,50.0747002812533,2.9712419281882,3.46785656692665,3.91351589613713,0,5.66554018813163,0.358677601492042,1.48044258410031,0.551310978158552,5.23644196282995,1,6.65394021532509,8,0.715644898301079,23.8154284603316,5.94422240269445,3.68227585447052,1,0,0,0,0,0,0
440700,2016,440000,18.037656624386,29.9046398644261,46.6084262352723,2.89246160732693,3.3980136477698,3.84178134528495,0,5.77719732345018,0.360406091370558,1.52413455871161,0.524393137370992,5.47227067367148,1,6.78880715937926,8,0.716216325192224,23.1592013329964,6.89187478167683,3.93313168373807,1,0,0,0,0,0,0
440700,2017,440000,19.9238224969462,32.8287025518145,50.7020079832806,2.99191612616444,3.49130321053196,3.92596551500578,0,5.96170100815482,0.361111111111111,1.56218326922875,0.519360023733879,5.70044357339069,1,6.90381410997335,8,0.720340138106119,23.3914025340712,5.80349071727133,3.77387148416043,1,0,0,0,0,0,0
440700,2018,440000,17.2112744169739,28.6443994329525,46.6983781429435,2.84556465843904,3.35495794178118,3.84370943479862,0,6.08974334390781,0.363408521303258,1.5976999368035,0.509104538678358,5.73657229747919,1,6.96017007656144,8,0.707963265407653,23.2469363462218,6.21426902895209,3.75822294416358,1,0,0,0,0,0,0
440700,2019,440000,16.1581133294564,26.4849402778425,44.497765204998,2.78242229686238,3.27657628005124,3.79543896779872,0,6.1569427996392,0.365,1.65094186157028,0.454170972684973,5.25227342804663,1,7.02711749446095,8,0.714359181835538,24.0504999792315,6.80305317636411,3.57198563178879,1,0,0,0,0,0,0
440700,2020,440000,12.7452045214864,20.721526837349,35.7917315084203,2.54515508489324,3.03117310373762,3.57771690327854,0,6.34248194464046,0.367372353673724,1.65770146844077,0.445133335191919,5.75890177387728,1,7.08892958185135,8,0.721510203963234,23.7586859478801,5.00052756184065,3.84510384230395,1,0,0,0,0,0,0
440800,2011,440000,23.2318560545759,36.8398882339465,57.2416783877135,3.14552444262525,3.60658117755912,4.04728227619606,0,4.15691558710879,0.196944830198207,0.852226096572523,0.167364068464539,2.83321334405622,0,5.73620842381593,8,0.650521180547517,22.650591946998,4.42643364535814,2.86807436717437,0,0,0,0,0,0,0
440800,2012,440000,19.3989975831837,31.3025122750668,49.6429061178195,2.96522139376438,3.44369835870423,3.90485550249505,0,4.22351702186605,0.207972491085074,0.896303963980848,0.159001362795436,3.46573590279973,0,5.85903963290624,8,0.664912700239155,23.5223057469971,5.80639418384326,2.86986005811772,0,0,0,0,0,0,0
440800,2013,440000,22.3159797400319,35.6505911352482,56.407367200056,3.10530300211551,3.57376572835672,4.03259977408789,0,4.3645686884143,0.197960706291967,0.930254018454381,0.165809667793027,2.99573227355399,0,6.16707986069636,8,0.674488097429276,23.3953888864753,6.13054108725052,3.16018112671451,0,1,0,0,0,0,0
440800,2014,440000,20.0290256865806,31.8660549746572,51.6049211031935,2.99718250578772,3.46154133584907,3.943617038157,0,4.54470141383895,0.197191697191697,0.969318642619229,0.171760485454842,2.83321334405622,1,6.40605836212717,8,0.646006847897621,23.7024279466507,5.03714371417886,2.95570985801008,0,1,0,0,0,0,0
440800,2015,440000,18.7750519268069,30.056204804954,48.1248273601014,2.93252896338842,3.40306912236058,3.87379820527895,0,4.66731407435942,0.197773889374939,0.99900065655788,0.134625679225347,3.46573590279973,1,6.658380326985,11,0.632963547213324,24.4858281670432,4.02603320750316,3.14198860832878,0,1,0,0,0,0,0
440800,2016,440000,17.5092130836195,28.2333649385949,44.2628030081611,2.86272720431812,3.34050443242002,3.79014466312283,0,4.74029796952046,0.197604790419162,1.03338576033257,0.118363663372708,3.43398720448515,1,6.79787794765792,11,0.673905755082766,23.7175947376863,5.63000981291413,3.10973528619313,0,1,0,0,0,0,0
440800,2017,440000,18.2561390731974,29.0295318301415,45.6531029312438,2.90450141103535,3.36831365080148,3.82107157693785,0,4.84814809121577,0.197854588796186,1.05450605332982,0.12333632510284,3.73766961828337,1,6.82573820004015,11,0.685916990847201,23.9237167094863,5.31055893372217,3.03077003237054,0,1,0,0,0,0,0
440800,2018,440000,16.0481071501663,25.7848269840661,43.1064862212852,2.77559090805212,3.24978621753533,3.76367347816007,0,4.90657487635488,0.19811320754717,1.07284033759722,0.126273181341711,4.24849524204936,1,6.91178761134863,11,0.669827170305319,23.7092568880883,5.52792185610721,2.76771417088169,0,1,0,0,0,0,0
440800,2019,440000,15.7218747347229,25.1096348772342,41.516233176792,2.75505303782443,3.22325163213324,3.72608451163973,0,4.93967724868212,0.199063231850117,1.07205495518195,0.135336524561673,4.18965474202643,1,6.87573292375368,11,0.678608109620777,24.7773676205978,4.31936675714057,2.71246473079248,0,1,0,0,0,0,0
440800,2020,440000,13.2998502353251,21.0823527576551,35.9856145874851,2.58775277466244,3.04843632833958,3.58311926380476,0,5.1044878188866,0.2,1.07168700663268,0.143553322425416,4.82028156560504,1,6.8078818385377,11,0.662032287823011,24.4815583160102,4.11480987775026,2.90302422212268,0,1,0,0,0,0,0
440900,2011,440000,23.4367511111017,38.0031045401246,58.123133649188,3.15430535062714,3.63766785481358,4.06256375413072,0,2.11419148563683,0.178379088401419,0.890511397881036,0.0341711131722834,2.63905732961526,0,4.91366174191073,8,0.712716370603464,22.5486396358762,4.24547657759161,2.2697149738808,0,0,0,0,0,0,0
440900,2012,440000,19.9875367282087,33.0344914346616,50.8630463438284,2.99510891571729,3.49755221062025,3.92913665485436,0,2.13755774153711,0.179329683535853,0.948927437042297,0.033910990075704,2.70805020110221,0,5.56705962187159,8,0.724697600968563,22.6892389394627,6.2924762977333,2.43640881504954,0,0,0,0,0,0,0
440900,2013,440000,23.149040142063,37.8493509083553,57.8783906794195,3.14195331712677,3.63361383068371,4.05834409694376,0,2.18628290866316,0.179490563547578,0.996427595789903,0.035105409759548,3.89182029811063,0,5.9810529952751,8,0.7374900947087,22.7221283097465,6.97163611496062,2.54637830796766,0,1,0,0,0,0,0
440900,2014,440000,21.7393311292424,35.4100880625639,54.5652771939593,3.07912311439558,3.56699675306124,3.99939773162105,0,2.24643421446127,0.368979803210772,1.03105016828468,0.036132012406909,3.40119738166216,1,6.22364118572987,8,0.728644424328839,22.9593680916667,4.88824258336596,2.43020042195155,0,1,0,0,0,0,0
440900,2015,440000,19.0457326900138,31.1836862293987,48.4844430381412,2.94684307070612,3.43989508080459,3.88124298438809,0,2.29233645320953,0.369324544436527,1.04595910556572,0.0416184461136779,4.00733318523247,1,6.3982887484308,8,0.734732011808966,23.5150253516474,5.5702950489666,2.53428942572059,0,1,0,0,0,0,0
440900,2016,440000,17.3381090572109,28.5903883685196,44.3571006719402,2.85290691449535,3.3530705903105,3.7922728012826,0,2.35161794914332,0.370463078848561,1.07515306861518,0.0397460073628513,3.95124371858143,1,6.6048648085955,8,0.732443168650578,23.0432819297106,6.95193254476921,2.50492755531194,0,1,0,0,0,0,0
440900,2017,440000,18.7718626315564,30.6406309495957,47.2434052198172,2.93235908017454,3.4223269370101,3.8553130721313,0,2.44702027653311,0.370646766169154,1.09844090910097,0.0475915470813574,4.49980967033027,1,6.67775476540461,8,0.745745568597404,23.167015337208,5.54230971977526,2.37091907549711,0,1,0,0,0,0,0
440900,2018,440000,16.5262564166094,27.1429683374503,44.3218436377124,2.80495041410981,3.30111801973969,3.79147763989768,0,2.50072708197294,0.3711467324291,1.12084778973904,0.0485440567350881,4.59511985013459,1,6.66119351639571,8,0.730281542469985,23.0907506171228,5.40060798358477,2.34188903491438,0,1,0,0,0,0,0
440900,2019,440000,15.6633174393966,25.6160430521553,41.9409318873999,2.7513215097236,3.24321883692734,3.73626224476436,0,2.5226462905535,0.372860635696822,1.14049643856754,0.0604089196641745,4.99721227376411,1,6.57476646287032,8,0.743370177101915,23.9233684488827,5.17772103436703,2.28981014157429,0,1,0,0,0,0,0
440900,2020,440000,13.1820370468783,21.4250440456934,36.1564120286188,2.57885507304065,3.06456052029006,3.5878543057286,0,2.62038128985212,0.372799028536733,1.13822140414512,0.0609832946762911,4.76217393479776,1,6.57682757128701,8,0.744974972340312,23.6901771266046,3.75295225272536,2.53913719488037,0,1,0,0,0,0,0
441200,2011,440000,26.4016164890211,43.9587975033129,65.7510334052164,3.27342523892249,3.78325277482354,4.18587538812396,0,1.9078015161391,0.127430311548372,1.07969598411109,0.278687488905541,2.19722457733622,0,6.09776831323032,5,0.745274255460596,21.6136729912272,3.77677804308467,2.14868554537513,0,0,0,0,0,0,0
441200,2012,440000,24.6065823305524,41.768472072809,61.9292009233562,3.20301398155937,3.7321417983047,4.12599181196597,0,1.95874107334257,0.128391019644528,1.1294325480486,0.27417615353981,3.3322045101752,0,6.25771168886288,5,0.755896866959047,21.7247165362859,5.34080711297463,1.99821707260834,1,0,0,0,0,0,0
441200,2013,440000,27.0773382218417,45.7297517315099,68.1260353421281,3.29869715007568,3.82274910864823,4.22135945055054,0,2.03482716560486,0.128199162401117,1.19838783406808,0.261871776602882,3.2188758248682,1,6.40351865092626,5,0.765408708928103,22.038209022175,5.73869591297189,2.02887436246739,1,0,0,0,0,0,0
441200,2014,440000,26.3361055812276,44.1812980515666,65.5038505102478,3.27094083349435,3.78830157853742,4.18210892732935,0,2.06893993277018,0.121512566290062,1.25947299166499,0.2611027756467,3.17805383034795,1,6.51542452055985,6,0.759799083286428,22.3119547712459,5.40498760629486,1.92681189336727,1,0,0,0,0,0,0
441200,2015,440000,21.276992949313,35.8806369344064,54.7780878802185,3.05762634571553,3.58019778882808,4.00329025778977,0,2.10927589337869,0.306774362835695,1.29922084860948,0.259435228954088,3.8286413964891,1,6.67074185397889,8,0.764241405668106,22.6697915736997,5.68563508319463,1.97772095064538,1,0,0,0,0,0,0
441200,2016,440000,19.6348126867573,33.106097792402,49.6312209199181,2.97730414822166,3.49971748875139,3.90462008973839,0,2.16465023115236,0.313063063063063,1.320610446168,0.222734639734644,4.33073334028633,1,6.68910195440126,8,0.763891517159773,22.0673878972883,6.35208033559677,2.21940915999737,1,0,0,0,0,0,0
441200,2017,440000,20.8915672719782,35.0862271404107,52.4174766963667,3.03934559774123,3.55780866430496,3.95924006045981,0,2.24456691044668,0.316143497757848,1.30738689546078,0.166436989543308,5.19295685089021,1,6.73393990571224,8,0.777936590705963,22.3281032406226,4.5218945308307,2.1248958362611,1,0,0,0,0,0,0
441200,2018,440000,18.5138474424274,31.2371414635452,48.4963130960738,2.91851896249156,3.44160781833754,3.88148777641622,0,2.30551191264232,0.32,1.29558329775894,0.177398390616065,5.53733426701854,1,6.7948541323578,8,0.776405654807779,22.2115459877951,4.89893855052649,2.23140922125879,1,0,0,0,0,0,0
441200,2019,440000,16.4308238249107,27.6056200068238,44.473268966658,2.79915907229613,3.31801937543031,3.79488831130277,0,2.34498991842662,0.3215859030837,1.2952749286074,0.180195470150558,5.08759633523238,1,6.88462059930243,8,0.777698244959275,22.6502762746323,5.13574995024201,2.13088438931513,1,0,0,0,0,0,0
441200,2020,440000,13.8505548119746,23.2899585050778,38.3292962793547,2.62832529045735,3.14802230223205,3.64621451969757,0,2.39891419170868,0.323464912280702,1.3082952007574,0.178766302118928,4.65396035015752,1,6.9939286916699,8,0.790488159114664,22.7515003507183,3.74330165266796,2.27109979612867,1,0,0,0,0,0,0
441300,2011,440000,24.8842586509602,39.89914175843,61.1503821767766,3.21423542086656,3.68635481385069,4.11333611193829,0,3.74521019904393,0.400874635568513,1.57346551157747,1.19818837226236,4.99721227376411,0,6.46511383920314,8,0.698200413005815,22.0046356024044,4.08394549242411,2.52639780321506,0,0,0,0,0,0,0
441300,2012,440000,22.3301422471487,36.5523316087254,55.3212342329921,3.10593743605787,3.59874497646553,4.01315681733929,0,3.88156250241537,0.403919274641708,1.65627766557345,1.31976646207729,5.43372200355424,0,6.60670062703643,8,0.72647995721522,22.3327913571803,4.67677630414874,2.45453249985295,1,0,0,0,0,0,0
441300,2013,440000,24.4101248926068,39.4629579976124,60.2826376485037,3.19499800084433,3.67536245971128,4.09904412941188,0,4.04754067441322,0.404193360512522,1.73594379385817,1.32767078093673,5.87773578177964,1,6.73316913626024,8,0.721454266592753,22.3867927492466,6.33494737689989,2.4876734067014,1,0,0,0,0,0,0
441300,2014,440000,23.8443204235265,38.4136867033518,58.764579504915,3.1715460515968,3.64841382065599,4.07353928402301,0,4.15165353064576,0.406599713055954,1.80943171064653,1.21650182667724,6.1463292576689,1,6.85969952422456,8,0.72268139715675,22.6980441411747,5.28023541759078,2.36289333040963,1,0,0,0,0,0,0
441300,2015,440000,19.5703410796708,31.9909956537841,50.2678223823376,2.97401520995671,3.46545447738406,3.91736515833251,0,4.23953510812844,0.407287086565659,1.82721911488749,1.07800487116914,6.36475075685191,1,7.00822751751882,9,0.730775953196793,23.2375428291159,5.35977165114576,2.37145389956696,1,0,0,0,0,0,0
441300,2016,440000,17.491912363441,28.9571570501446,45.2576882519118,2.86173862344442,3.36581739454072,3.81237256183312,0,4.38084364880102,0.412087912087912,1.86927330878137,0.898564853655488,6.46614472423762,1,7.08437264792506,9,0.73499486257704,22.6816569144905,7.47616416836483,2.36429445704441,1,0,0,0,0,0,0
441300,2017,440000,18.4582669490346,30.147804675007,47.9316193269793,2.91551234325016,3.40611210708956,3.86977539784972,0,4.55333983062577,0.420054200542005,1.90434526141691,0.906842757990211,6.71901315438526,1,7.13429700162948,9,0.741796508538637,23.1126274717393,5.6435460114075,2.32467418868083,1,0,0,0,0,0,0
441300,2018,440000,16.581575486918,27.5565200321878,45.1015836282905,2.80829216852915,3.31623916938434,3.80891735960148,0,4.72338976670864,0.430446194225722,1.92271232901014,0.815222330457406,6.20657592672493,1,7.13042666273269,9,0.730543678613018,22.95881915163,5.1423669403676,2.3014060672883,1,0,0,0,0,0,0
441300,2019,440000,15.2283662193681,25.1120744934759,42.4896253076441,2.72315988730962,3.2233487859846,3.7492599357222,0,4.81637100958155,0.438461538461538,1.90713417887283,0.650985405578235,6.1463292576689,1,7.26087566265558,9,0.745050359972947,23.5072324618714,5.73005776223659,2.38626900489686,1,0,0,0,0,0,0
441300,2020,440000,12.5932730322305,20.959869136061,36.6905422177557,2.53316278505847,3.04260961592481,3.60251901661056,0,5.00169603715361,0.445979899497487,1.89459749636916,0.588232944198273,6.34212141872115,1,7.4043828164364,9,0.746192189000493,23.4499395304427,4.48198441885155,2.56538190457446,1,0,0,0,0,0,0
441400,2011,440000,24.9336805525119,38.6918066208621,59.6534509940843,3.21621952211824,3.6556278623977,4.08855200092047,0,1.51539760324845,0.0618238021638331,0.618669312945418,0.124640849142155,1.79175946922805,0,4.8236078093602,6,0.707776210871823,21.2056665714544,3.65085788902307,1.76895700446268,0,0,0,0,0,0,0
441400,2012,440000,22.1674634199936,35.3592354140172,53.3989876170539,3.09862560210685,3.56555961462891,3.9777917873043,0,1.54241054403609,0.0615650172612198,0.629135766117533,0.127186762406849,2.99573227355399,0,4.94812169298003,6,0.741512315907502,21.5659462834086,4.37596326626162,1.56864780149564,0,0,0,0,0,0,0
441400,2013,440000,24.4671416618215,38.3227485659872,58.3822365326792,3.19733106073482,3.64604367720024,4.06701167460445,0,1.58266890578976,0.184190476190476,0.648799098581875,0.136517911695385,1.79175946922805,0,5.12459433514617,7,0.741249824392385,21.2839170824087,5.5287084682431,1.84849520144968,0,1,0,0,0,0,0
441400,2014,440000,24.4606178530205,38.2706880600794,58.5161973758961,3.19706438967101,3.64468427837396,4.06930359413456,0,1.62075942229535,0.181233446840711,0.690180962235175,0.151323794038537,2.30258509299405,1,5.48782601535747,7,0.738287122378796,21.7791544613251,3.8818261964779,1.74964358631925,0,1,0,0,0,0,0
441400,2015,440000,19.7278344432731,31.7328797847782,48.8771981887462,2.98203055441968,3.45735336053059,3.88931099302297,0,1.66967214007867,0.177954725169643,0.716372807453084,0.15922049538989,2.77258872223978,1,5.82001564432027,8,0.740828290361489,21.96295849267,5.3907871634602,1.65509193119364,0,1,0,0,0,0,0
441400,2016,440000,17.0772594092057,27.9898278769371,43.8838452248297,2.83774771935046,3.33184115405998,3.78154626203329,0,1.74549564887354,0.176043557168784,0.74670336832505,0.149277357182236,2.83321334405622,1,5.94133578378213,8,0.752477832615669,21.6029942469969,7.45414375277394,1.65097813800823,0,1,0,0,0,0,0
441400,2017,440000,17.5076057951395,28.2250825404337,44.9562575942454,2.86263540337603,3.34021103440465,3.80568996355876,0,1.81736936632635,0.176363636363636,0.741877884055898,0.122898991128256,3.36729582998647,1,6.11539280875058,8,0.753789584624943,22.0172821560182,4.50573958062041,1.74400809236095,0,1,0,0,0,0,0
441400,2018,440000,16.0220293257088,26.2553056969438,43.5050801739897,2.77396460813133,3.26786809040211,3.77287771688469,0,1.87337014357265,0.177007299270073,0.741244652093247,0.122443798609527,3.04452243772342,1,6.06587961625169,8,0.745487687182544,21.9007127176699,4.62966275324672,1.75385464166142,0,1,0,0,0,0,0
441400,2019,440000,14.6843512423851,24.1075989624234,39.0543340145563,2.68678238542377,3.1825271004411,3.66495385641543,1,1.90916229011626,0.177655677655678,0.771890233997836,0.102077063058672,3.13549421592915,1,6.0923157407304,8,0.759312456758152,22.2387124815764,5.00662476528134,1.76249580125855,0,1,0,0,0,0,0
441400,2020,440000,12.6134859561137,21.1132875914642,35.7158619104054,2.53476655555708,3.04990258594797,3.57559490132443,1,1.94267309166058,0.179227941176471,0.780687053648209,0.0815855778053149,4.43081679884331,1,6.08840304851007,8,0.759610837169469,22.3681666842536,3.42949014108105,1.8574882355033,0,1,0,0,0,0,0
441500,2011,440000,22.4774900561574,35.453970465763,55.1755399935943,3.11251436648574,3.56823524856149,4.01051973902004,0,3.42156700978588,0.152937788018433,0.689895242887691,0.293897951330547,0,0,5.18161841055874,4,0.680741241518057,22.1109449419773,3.77571059723771,2.37819726751789,0,0,0,0,0,0,0
441500,2012,440000,20.8602114839803,33.5058061955116,51.346925970938,3.03784358777532,3.51171874308197,3.93860507033605,0,3.48902364453975,0.150345622119816,0.730646403837368,0.293935185892331,1.09861228866811,0,5.31736376874318,4,0.716576820274569,22.4519993684209,4.24929243273487,2.25848618374299,0,0,0,0,0,0,0
441500,2013,440000,23.3138599365115,36.9160172863803,57.6628277119063,3.14904803078085,3.60864552966577,4.05461273214386,0,3.57275647893539,0.147517730496454,0.761780033141032,0.385004024517345,1.09861228866811,0,5.62377532146679,4,0.701150943085832,22.5967945522896,6.13154726997702,2.34260217610725,0,1,0,0,0,0,0
441500,2014,440000,22.3701701809803,35.4921530968227,54.7150305887602,3.10772838302698,3.56931163252241,4.00213845392645,0,3.67416541546493,0.146755778334726,0.781332859698171,0.33823314644607,1.94591014905531,1,5.69430185430982,4,0.706981130928363,22.8737650034256,5.51682059345651,2.38412208945631,0,1,0,0,0,0,0
441500,2015,440000,18.7069760524335,30.2301518368907,47.5552554250912,2.92889650522662,3.40883983150091,3.86189230707104,0,3.74684835285606,0.145392244261199,0.815081487121066,0.261664597862836,2.07944154167984,1,5.84973532813163,5,0.69852021730171,23.3940146561887,4.50598397128851,2.38701893485233,0,1,0,0,0,0,0
441500,2016,440000,16.7039241716368,27.3698718678027,43.6470636198859,2.81564367215669,3.30944284155835,3.77613600900073,0,3.87130901708926,0.143646408839779,0.849634783180426,0.258539713131678,2.39789527279837,1,5.94454270327737,5,0.719924527519154,22.9858835983726,7.36246010614445,2.33340966178245,0,1,0,0,0,0,0
441500,2017,440000,17.2765951495807,27.8774671432019,45.7986928257936,2.84935270400617,3.32781873324318,3.8242555497913,0,4.03414567497325,0.143250688705234,0.85521316344534,0.226630789777339,3.58351893845611,1,5.92863139934983,5,0.713938005127997,23.3338040061286,5.90783917786397,2.34297944898458,0,1,0,0,0,0,0
441500,2018,440000,15.3810236551391,25.2300829815175,43.1184495870758,2.73313451941395,3.22803705164944,3.76395097018149,0,4.22148995915271,0.146067415730337,0.876210828842945,0.193300363464346,3.29583686600433,1,6.04781178075601,5,0.702946091035627,23.1409975970853,5.20197417413612,2.30004384472937,0,1,0,0,0,0,0
441500,2019,440000,14.3833870649228,23.4988530676755,40.0510333762797,2.66607386453844,3.15695161432825,3.6901544753358,0,4.35647789012669,0.145658263305322,0.963004078635482,0.155688899780429,3.71357206670431,1,6.17565766130058,5,0.74085444999191,23.6064401294966,5.15145026521297,2.32338381366309,0,1,0,0,0,0,0
441500,2020,440000,11.7910970201619,19.4937589727667,34.0783623668676,2.46734475688414,2.97009436166328,3.52866264819116,0,4.47812008400908,0.14586255259467,0.985677897651497,0.150020470227669,3.04452243772342,1,6.30176828741164,5,0.721644203617888,23.5605306636638,4.67010312844986,2.39476904285881,0,1,0,0,0,0,0
441600,2011,440000,24.4903836472416,39.0596035100777,59.7893489560708,3.19828053630653,3.66508877460535,4.09082753399043,0,0.949464003445466,0.0842420937840785,0.687881963543306,0.311579920903004,1.6094379124341,0,5.00208962138843,7,0.730208122185644,20.7575867121895,4.15110037272236,1.99751447921984,0,0,0,0,0,0,0
441600,2012,440000,22.1165691359191,36.2008190451178,54.5059176679924,3.09632706227005,3.58908174413151,3.99830927683878,0,0.969238633612731,0.0816671360180231,0.723113820331219,0.300146973443759,2.07944154167984,0,5.13914689138716,7,0.756836837620905,21.1239447710396,5.11767069118317,1.80186125403406,0,0,0,0,0,0,0
441600,2013,440000,24.2269412130221,38.9388313931107,59.0176326118328,3.18746528719887,3.6619919890446,4.07783625708429,0,1.00086424161505,0.0839335180055402,0.755854246883777,0.294336260826679,2.56494935746154,0,5.32495644525577,7,0.754729515404871,21.2062033598162,6.03306272895007,1.88470808266974,0,1,0,0,0,0,0
441600,2014,440000,24.3147017426516,39.0067359787182,58.8629956082009,3.19108117738741,3.66373434861874,4.07521263529555,0,1.02989654976117,0.0840405146454968,0.810330292650292,0.315974956488194,2.56494935746154,1,5.59427890810337,7,0.754102972558307,21.6661051778131,4.56560156851832,1.77377180266142,0,1,0,0,0,0,0
441600,2015,440000,19.4816341831027,31.997084128038,48.8167233853293,2.96947218499881,3.46564477764914,3.88807294647582,0,1.06587499144671,0.0856963510821211,0.837892565359321,0.309850654844714,3.04452243772342,1,5.81307866118425,9,0.760686006037717,21.9726431937882,5.92492761687294,1.71688969907842,0,1,0,0,0,0,0
441600,2016,440000,17.0285428049582,28.4371734263764,43.8366282640896,2.83489092465764,3.34769721273759,3.78046972964758,0,1.11082935569436,0.0857908847184987,0.87939795089484,0.291101917309581,3.55534806148941,1,5.94430050942913,9,0.764207397318128,21.5538625061032,7.89209467517152,1.71912940257583,0,1,0,0,0,0,0
441600,2017,440000,17.6340611054691,28.9500493409667,45.4805155127245,2.86983232186633,3.36557190836873,3.81728400375047,0,1.15446119451646,0.0857908847184987,0.889094528720443,0.273157874658639,3.40119738166216,1,6.07968464218447,9,0.764081944063835,21.950930222837,4.58241154538199,1.72889608066546,0,1,0,0,0,0,0
441600,2018,440000,15.9119460278249,26.5949297478222,43.1310330664533,2.76707014962943,3.28072058663494,3.76424276275994,0,1.19554573436674,0.0884718498659517,0.901158988080905,0.26819683386605,4.91265488573605,1,6.11760601661181,9,0.762768673110129,21.8667091758011,4.60674213725252,1.70897415839305,0,1,0,0,0,0,0
441600,2019,440000,14.3292560303256,24.0141282406432,39.1996230822976,2.66230332355764,3.17864233383926,3.66866713150268,0,1.22200774309886,0.0857908847184987,0.936125721657813,0.280040981356652,3.76120011569356,1,6.28129221723202,9,0.773072514739738,21.9880775683071,5.76591288335645,2.06759611195468,0,1,0,0,0,0,0
441600,2020,440000,12.3759758596171,21.0198772544877,36.9035606723112,2.51575716268847,3.04546852596875,3.60830804157571,0,1.25738242317709,0.0885906040268456,0.94680040484155,0.265706442230332,3.73766961828337,1,6.3261264440306,9,0.77527338689959,22.0372572688113,3.97117031017239,2.18550591126589,0,1,0,0,0,0,0
441700,2011,440000,22.6426251891676,36.7196869462431,56.4854786566763,3.11983420019803,3.60331304028684,4.03398359019232,0,2.04292391683744,0.241742796907941,0.988853595268978,0.181170125548596,1.38629436111989,0,5.52556928614395,6,0.729163909272144,22.1944393987408,5.15315821406906,3.45180562650202,0,0,0,0,0,0,0
441700,2012,440000,19.4645224915421,32.3740092131959,49.5924401417948,2.96859344911713,3.477355916098,3.90383840561823,0,2.09249489846758,0.239646017699115,1.07243527380874,0.158206438283103,0,0,5.69082555155898,6,0.747154888040141,22.5312263780145,6.46876514670894,3.39882119963854,0,0,0,0,0,0,0
441700,2013,440000,22.5983598684619,37.2152218937023,56.7211990487048,3.1178773314528,3.61671786827434,4.03814802178719,0,2.18422352314111,0.240617327253595,1.15871034373807,0.141838482134802,1.94591014905531,0,5.88271398592519,6,0.75007969956649,22.6725949543282,7.71907350753326,3.4224127670973,0,1,0,0,0,0,0
441700,2014,440000,21.3024112369466,34.8035528463235,53.864979383983,3.05882026992085,3.54971947485442,3.98648053361115,0,2.24285525193282,0.24015203870076,1.22236073586473,0.14129462427951,1.94591014905531,1,5.97303780737053,6,0.756401505595759,22.8967718599566,5.15597092288346,3.2511861205098,0,1,0,0,0,0,0
441700,2015,440000,18.3323969181186,30.1670332139977,46.9391305664977,2.90866981806635,3.40674971270421,3.84885166802078,0,2.29918747292215,0.411680131452828,1.26366849876392,0.142234666205967,2.07944154167984,1,6.01610867511293,6,0.759681209137565,23.4414471956004,6.58157928209284,3.28204646369959,0,1,0,0,0,0,0
441700,2016,440000,16.6788733984366,27.6763769917073,42.7730820795949,2.81414285258938,3.32057923315484,3.75590898135853,0,2.37978464937826,0.408783783783784,1.25599872601086,0.109451292815496,2.07944154167984,1,5.68621733110936,6,0.762165410267679,22.9652888067249,6.91324830897317,3.29949569109317,0,1,0,0,0,0,0
441700,2017,440000,18.4160060700268,30.1790303460201,46.1807996083258,2.91322018158562,3.40714732379838,3.83256411881165,0,2.50312292608135,0.410774410774411,1.24600253382916,0.108508461419198,2.39789527279837,1,5.71431214014793,6,0.771190975841723,23.1053788142501,6.18251135439116,3.08786754698571,0,1,0,0,0,0,0
441700,2018,440000,16.1500859207502,26.7314839688246,42.7167340135778,2.7819253698248,3.28584204558792,3.75459074073638,0,2.58874241062322,0.41,1.23566142172247,0.102230378660091,3.09104245335832,1,5.72201427450733,6,0.761136843028821,22.9874807063591,6.81197147633963,2.98951094961149,0,1,0,0,0,0,0
441700,2019,440000,15.4029674207603,25.3153926756855,40.8515271620812,2.73456018051708,3.23141261688306,3.70994420523589,0,2.63007634937921,0.411960132890365,1.1932935867747,0.117699149964943,3.25809653802148,1,5.85159633125975,6,0.769601503171419,23.8546273836007,7.29274175608133,2.91111270790933,0,1,0,0,0,0,0
441700,2020,440000,12.382382501039,20.1923969404844,33.6927254449624,2.51627469632068,3.00530614447008,3.51728195188944,0,2.70352331500706,0.410596026490066,1.22349425567913,0.140475773366159,3.89182029811063,1,5.96535464053529,6,0.782294735783025,23.5607840959318,4.76863012595949,3.09925055585045,0,1,0,0,0,0,0
441800,2011,440000,25.7697955042354,43.3403292580955,65.3580818045286,3.24920308921313,3.76908359317431,4.17988110196515,0,1.64958493266433,0.158943577430972,0.919830583724699,0.292476947702556,2.63905732961526,0,5.71881167969809,2,0.734935329897414,20.3352841930622,4.23540685459238,2.33009184257709,0,0,0,0,0,0,0
441800,2012,440000,24.0685651161802,41.3958746434295,61.5918402065467,3.18090663706335,3.72318122957227,4.12052939758588,0,1.68204018785454,0.161449346807986,0.934894427220178,0.279400966063736,2.484906649788,0,5.59152809169367,2,0.747777775972468,20.4290839152026,5.59643916713393,2.16262704800103,0,0,0,0,0,0,0
441800,2013,440000,25.8887379387499,43.9314760989885,65.5488452605746,3.25380804552042,3.78263105858386,4.18279559389245,0,1.73784601064515,0.32747681795998,0.954932456617783,0.246493663853077,2.99573227355399,0,5.71448295343804,2,0.754596708120142,20.8928507340142,6.19902375002922,2.2024710648119,0,1,0,0,0,0,0
441800,2014,440000,26.0551909484592,44.0619842943644,65.1870448385481,3.26021701700288,3.78559737654631,4.17726075039411,0,1.7710485596739,0.328401649284502,1.00181636830517,0.225668750580442,2.77258872223978,1,5.86857834766656,2,0.752393297697782,21.3203966212593,5.06008697144046,2.12038171820858,0,1,0,0,0,0,0
441800,2015,440000,20.1458170236872,34.5411132476525,52.7627053535324,3.00299667496595,3.54215030287813,3.96580460313672,0,1.80370719230117,0.328283673030513,1.03363361353631,0.219132812379051,3.40119738166216,1,5.90852016778825,5,0.758158142184034,21.4574574713094,7.09748867777907,2.15441101060787,0,1,0,0,0,0,0
441800,2016,440000,18.1925206973023,31.2073199296279,47.6782541553366,2.9010105589217,3.44065268042718,3.8644754062171,0,1.84753739484381,0.328703703703704,1.05747883837538,0.211194320515152,3.29583686600433,1,5.89506351231488,5,0.755380953167692,21.1566517203878,7.23883718692873,2.25374542467856,0,1,0,0,0,0,0
441800,2017,440000,19.0177524764653,32.3562327306689,49.5352359654715,2.94537288380831,3.47680666794319,3.90268425402466,0,1.89776689209243,0.329519450800915,1.06337775723986,0.22293391711855,5.01063529409626,1,5.92410921500881,5,0.764585537184413,21.4673679585429,4.91867032215242,2.22038703107039,0,1,0,0,0,0,0
441800,2018,440000,17.261886571793,29.6442661920671,46.265469460816,2.84850098279876,3.38926872367594,3.83439588286265,0,1.93158903284806,0.331828442437923,1.07015458679985,0.264202761931318,4.91998092582813,1,6.01369631243882,5,0.767667841886787,21.2671182533776,5.01531865324276,2.17549996939858,0,1,0,0,0,0,0
441800,2019,440000,15.2406950002407,26.1958628189813,41.2325748881532,2.72396915290902,3.26560149062585,3.71922859657943,0,1.94798692992536,0.334080717488789,1.11125894272662,0.245733655243196,4.70953020131233,1,6.1178055940988,5,0.770084067627236,21.4906744474112,5.91994956150526,2.0917675326653,0,1,0,0,0,0,0
441800,2020,440000,13.3170083197028,22.9569592799532,37.7326492583766,2.58904203926283,3.1336211271389,3.63052574774167,0,1.9936427996938,0.33630289532294,1.134099302849,0.239424003853118,4.93447393313069,1,6.1907791155634,5,0.777052322287618,21.7372184762642,5.04258873223046,2.24590774018451,0,1,0,0,0,0,0
441900,2011,440000,27.5903215365789,45.9366644758076,71.60722717571,3.31746504225983,3.82726358852591,4.27119600708092,0,39.1604246038716,1,2.83643118392444,1.8451333031557,5.36597601502185,0,6.51696442504196,4,0.614775517157146,22.8335576038697,3.91150650635326,2.9822164944956,0,0,0,0,0,0,0
441900,2012,440000,25.0370655000263,42.210437900567,65.4159245844083,3.22035734687336,3.74266753407291,4.18076572399745,0,39.7395068724366,1,2.85670791922188,1.81950022783941,5.95583736946483,0,6.58298277666009,4,0.618163279124669,23.2296165311339,4.41762698886417,3.0580618076845,1,0,0,0,0,0,0
441900,2013,440000,27.0953170919291,45.5220792721043,69.5116429426753,3.29936091191801,3.81819746698453,4.24149426289515,0,40.6711492428335,1,2.91330845159638,1.72748907294877,6.11809719804135,1,6.72070326272077,4,0.628285710300718,23.1213030187359,6.11500890014915,3.17557256499177,1,0,0,0,0,0,0
441900,2014,440000,25.9633812891597,42.8240863687752,65.4849254461827,3.25668713332173,3.75710070992015,4.18181997029378,0,41.0790511549059,1,2.95633657843236,1.69774069043499,6.18620862390049,1,6.7411623345566,6,0.623020414795194,23.3822899638732,5.12666377216225,3.01012880431831,1,0,0,0,0,0,0
441900,2015,440000,21.5849245430422,36.0219900691009,56.7780114870641,3.07199513319601,3.584129587225,4.03914912906954,0,41.5442095639338,1,3.00013676199562,1.66401812744738,6.38012253689976,1,6.75470102742481,6,0.635020417826516,23.9751251100658,4.47344268861137,3.09493863528323,1,0,0,0,0,0,0
441900,2016,440000,20.0351921905905,33.6672620764808,52.4863968559081,2.99749033678432,3.51652591345679,3.96055402851692,0,42.1193151754755,1,3.03834602154895,1.67689848049651,7.03702761468628,1,6.81462129620361,6,0.647122446979795,23.2857886966221,6.99464296800926,3.08165387239247,1,0,0,0,0,0,0
441900,2017,440000,20.8311333107587,35.047369141115,54.9664592759935,3.03644866141448,3.55670055049554,4.00672316786413,0,42.7579368366945,1,3.04879179808173,1.62118540438529,7.12689080889881,1,6.86825643960031,6,0.645571431943348,23.7467286065082,5.7220612983244,3.0484477414161,1,0,0,0,0,0,0
441900,2018,440000,18.5840324934416,32.3834082452874,52.3381809333304,2.92230274392986,3.47764620043997,3.95772614168968,0,43.3585961517006,1,3.01303678476482,1.62495005240548,7.36391350140582,1,6.89023550007036,6,0.614877560309001,23.5068304934797,5.23962105076874,3.01126299379408,1,0,0,0,0,0,0
441900,2019,440000,17.6177523869898,29.6848799716565,50.0567358035684,2.86890705204177,3.39063782431398,3.91315707819583,0,43.6096778576423,1,3.05513057554786,1.46165053456762,7.04403289727469,1,7.03871883760491,6,0.64226530279432,24.2421490242536,5.40973601964613,3.07575333620038,1,0,0,0,0,0,0
441900,2020,440000,13.5220340784908,22.6193135122866,40.074621636138,2.60432050889093,3.11880412152216,3.69074325705711,0,44.3159763300537,1,3.0155042054647,1.37365343169583,7.18159194461187,1,7.15602403460039,6,0.641326533896582,24.1249905754496,4.04939018967463,3.47010500532518,1,0,0,0,0,0,0
442000,2011,440000,26.3890010023327,43.389504195908,67.3170974678697,3.2729472946389,3.77021757305468,4.20941425294257,0,26.0485342148871,1,2.31434824410085,1.00750628547018,4.34380542185368,0,6.17488791621086,2,0.545384611074741,22.8462654197163,3.66328511241909,3.98564264446679,0,0,0,0,0,0,0
442000,2012,440000,23.9431807663664,40.0839102773228,61.8221883192368,3.17568355539634,3.69097501382722,4.12426233431811,0,26.6143592401196,1,2.38257221863866,0.866747088156499,4.85203026391962,0,6.30449007734252,2,0.568560442099204,23.3231519391664,4.063888594189,4.1125822196625,1,0,0,0,0,0,0
442000,2013,440000,27.3962291667178,45.9261478541559,71.4624777817261,3.31040538227066,3.82703462489131,4.26917252568189,0,27.5718369487764,1,2.42151978496977,0.836498019318732,4.99721227376411,1,6.35799212273191,2,0.567538458567399,23.2524578653027,5.93392375370474,4.13242370829979,1,0,0,0,0,0,0
442000,2014,440000,24.4015717089813,39.9648027833642,63.103772372588,3.19464754452716,3.68799913633202,4.14478055179485,0,28.0973317256958,1,2.46194212978036,0.804389654288783,5.34710753071747,1,6.28420549887099,2,0.568593408052738,23.5526868876601,4.76280827893215,3.89717291798127,1,0,0,0,0,0,0
442000,2015,440000,20.7164680293939,34.2750477769853,53.688498561147,3.03092894095916,3.53441761937841,3.98319879908065,0,28.7635644416768,1,2.50574041507699,0.736584285988268,5.59842195899838,1,6.43946967263372,2,0.588824178163822,24.0969044433426,4.03065594925085,3.98075080157765,1,0,0,0,0,0,0
442000,2016,440000,18.7196106943674,31.2589572016958,49.284161695364,2.92957167459214,3.44230596556602,3.89760276564666,0,29.397407579997,1,2.53661937097327,0.702598919775357,6.05443934626937,1,6.51046570908586,2,0.588571426960138,23.4669103863132,6.60021217937165,4.07190790867633,1,0,0,0,0,0,0
442000,2017,440000,20.2678822470041,33.6419240015247,52.9195481905167,3.00903747779829,3.51577302733145,3.96877280161614,0,30.3682068084982,1,2.50821001285069,0.752537326988698,6.32076829425058,1,6.55203627766685,2,0.590230769835986,23.8654406004562,5.19644287908817,3.98235112918642,1,0,0,0,0,0,0
442000,2018,440000,17.6135767457771,29.6279073963369,48.967882617924,2.86867001067348,3.38871673460062,3.89116462642786,0,31.1617514611879,1,2.49558364662751,0.646734305749365,6.33859407820318,1,6.57118078935773,2,0.582978019347558,23.6161505923445,4.87211517433312,3.99079104177939,1,0,0,0,0,0,0
442000,2019,440000,16.5107482793869,27.2621625340412,47.3214966506046,2.8040115797025,3.30549975305741,3.85696466689837,0,31.5553370710209,1,2.30973343787353,0.772487101642337,6.02586597382531,1,6.3648096386091,2,0.58049450470851,24.3785723980595,5.49009988181005,3.88284387381671,1,0,0,0,0,0,0
442000,2020,440000,12.5406664375387,20.3397238399906,37.9392213299917,2.52897667873192,3.01257581333997,3.63598544057437,0,32.8123138905316,1,2.28150666899897,0.698445308430151,6.24222326545517,1,6.55463635195227,2,0.575967034468284,24.1716709101742,4.19168493314313,4.23183177431432,1,0,0,0,0,0,0
445100,2011,440000,24.1759659096291,37.4564145305239,57.6137594459797,3.18535899543794,3.62317797782005,4.05376141844522,0,7.1767122377453,0.133561643835616,0.933356957883566,0.417416239222323,1.6094379124341,0,4.82546436229076,3,0.705751020567758,21.7732069466469,3.30295022487714,2.58782366645516,0,0,0,0,0,0,0
445100,2012,440000,22.4390003658163,35.4311042154246,53.9730007816183,3.11080053268437,3.56759008450588,3.98848393600425,0,7.31224453496695,0.132930513595166,0.968473982752177,0.377950693858086,2.484906649788,0,4.92176319221248,3,0.743020408494132,22.0734451496628,3.90087196879113,2.11073367689891,0,0,0,0,0,0,0
445100,2013,440000,24.7930348462072,38.5651387142313,59.2694146689052,3.21056276074884,3.65234872627386,4.08209340007872,0,7.47203395068087,0.608532934131736,1.01168549921464,0.311021642440642,2.07944154167984,0,5.02388210664703,3,0.743008165700095,22.1162614120575,5.82029610826816,2.20146354141291,0,1,0,0,0,0,0
445100,2014,440000,25.2783451994534,39.3713455660589,58.4666560574235,3.22994810825375,3.67303828181786,4.06845660981198,0,7.6260202279995,0.608258928571428,1.05649323532457,0.247287043607865,2.07944154167984,1,5.22400355323175,3,0.73152653489794,22.5082896144385,4.26971642632756,2.10481295999996,0,1,0,0,0,0,0
445100,2015,440000,20.5123107377414,32.8321385646689,50.3097938603368,3.02102522969437,3.49140786995451,3.91819976710538,0,7.78235677636823,0.606818181818182,1.09160085746677,0.214918142803286,2.63905732961526,1,5.44890660045069,3,0.730820405483246,22.8419469338729,5.11011679131149,2.07396303482073,0,1,0,0,0,0,0
445100,2016,440000,18.1220348516004,29.4275521883472,46.2342421288325,2.89712859296326,3.38193138475793,3.8337206951754,0,8.04152493710123,0.60948905109489,1.12670420815235,0.206178186438578,3.29583686600433,1,5.58327383286296,3,0.745175509793418,22.6197954346186,7.17018163303775,2.04968780479322,0,1,0,0,0,0,0
445100,2017,440000,18.0454141748363,28.9074831758697,47.2192076913241,2.89289159016365,3.36410049502201,3.85480075242562,0,8.25992605060743,0.608695652173913,1.12435947879379,0.205727620079721,2.89037175789616,1,5.63906008380274,3,0.748024485792433,22.9006884352071,4.52796224894141,2.10548869433587,0,1,0,0,0,0,0
445100,2018,440000,16.2991382286467,26.5982072889393,44.3751041833286,2.7911122370069,3.28084381836384,3.79267859558614,0,8.40102936068855,0.61231884057971,1.13037585962101,0.193941615483335,3.36729582998647,1,5.6380964505288,3,0.729020408221653,22.8133753914119,4.66657627655535,2.01979371740719,0,1,0,0,0,0,0
445100,2019,440000,15.1903795475795,24.7857934918897,41.0326904007485,2.72066230296961,3.2102706459647,3.71436907585564,0,8.46860690730154,0.61231884057971,1.13036854184076,0.200026248717504,3.09104245335832,1,5.68546484246841,3,0.75766122511455,23.1748687242755,4.42305175917112,2.02454635693903,0,1,0,0,0,0,0
445100,2020,440000,13.1116208799954,21.7431728067069,37.4320007442606,2.57349892705123,3.07929981431517,3.62252597344692,0,8.62912171531486,0.61524500907441,1.1382326887563,0.165512732707323,3.46573590279973,1,5.62186260738342,3,0.746265307494572,23.2683819633228,3.2529620922733,2.19756507731989,0,1,0,0,0,0,0
445200,2011,440000,24.1673489741184,37.5974080899189,57.8001426903853,3.18500250620576,3.62693511424105,4.05699124436707,0,7.31680976387036,0.105483340803825,0.764328133433757,0.222647442304974,1.79175946922805,0,5.70667002173104,6,0.669483334819476,21.817410446848,3.54620285431791,2.44531463231121,0,0,0,0,0,0,0
445200,2012,440000,22.6075758270487,35.764878206367,54.4367032606445,3.11828506369294,3.57696635616847,3.99703861865064,0,7.50733599588551,0.105505267843894,0.819362155727619,0.193203701867515,1.94591014905531,0,6.00696493965838,6,0.70247857272625,22.1398301180662,4.10506812420315,2.07670632663357,0,0,0,0,0,0,0
445200,2013,440000,25.0878675069455,39.1720283250227,60.4269808629564,3.22238436302146,3.66796292895189,4.10143570822775,0,7.70313370467578,0.300424783946096,0.879314587328185,0.181102285879623,2.19722457733622,0,6.20870517661972,6,0.695516661802928,22.1780177528478,5.98821418605664,2.18450235663957,0,1,0,0,0,0,0
445200,2014,440000,25.0634802307753,39.2577483664164,58.769820592122,3.22141181575434,3.67014883535484,4.07362846790801,0,7.88277467945399,0.299913569576491,0.92480388280178,0.188475630502555,1.94591014905531,1,6.47516878617005,6,0.695614287257195,22.5590059969241,4.62233237893125,2.12228947313677,0,1,0,0,0,0,0
445200,2015,440000,20.7921211160772,33.1536364046358,50.9952408178437,3.03457412245098,3.50115240607989,3.93173231107281,0,8.08420328389042,0.29829836962718,0.954677025703521,0.232123720064707,2.07944154167984,1,6.6945679820798,7,0.690299999713898,22.9433776302501,5.05694163092575,2.087228773367,0,1,0,0,0,0,0
445200,2016,440000,18.7466076141383,30.1954025514265,47.6939849513539,2.93101280880115,3.40768967939567,3.86480528829405,0,8.36816130718932,0.299856527977044,0.987432782491248,0.23415769652106,2.63905732961526,1,6.76734334955554,7,0.704823810855548,22.6338600198735,7.3520889916321,2.05578867857905,0,1,0,0,0,0,0
445200,2017,440000,18.5083657551179,29.3908653657206,48.2597739188952,2.91822283285067,3.38068392422058,3.87659837553807,0,8.58393243609832,0.298719772403983,0.978420210578781,0.203670967582342,3.63758615972639,1,6.8413210155677,7,0.705638093749682,22.9489152705686,4.96424854442856,2.09579298557413,0,1,0,0,0,0,0
445200,2018,440000,16.9159006542201,27.2371484506508,45.9156782974327,2.82825404670461,3.30458179337334,3.82680663385047,0,8.74152905345329,0.300709219858156,0.976648380874175,0.159742678632105,2.83321334405622,1,6.92292616755611,7,0.693266665438811,22.8384907832207,4.79320663518286,2.03358543833145,0,1,0,0,0,0,0
445200,2019,440000,15.579907096444,25.0360344038189,42.3643110907703,2.7459820774238,3.22031616323546,3.74630628823579,0,8.8137037857932,0.2998585572843,0.952302687380113,0.155270389977205,3.58351893845611,1,7.03853566204471,7,0.726752382516861,23.2372194630529,4.82781050036003,2.03342944470995,0,1,0,0,0,0,0
445200,2020,440000,13.0902776911309,21.3150905387372,36.7900554242831,2.57186979368693,3.05941529786179,3.60522757561957,0,9.0009096720474,0.3,0.94669489617492,0.0919489484694272,3.17805383034795,1,7.05831416306187,7,0.713016665478547,23.2882237269785,3.74658925258161,2.17714697812499,0,1,0,0,0,0,0
445300,2011,440000,24.9047439099674,40.9814265420013,62.2059717378231,3.21505830379691,3.71311895289305,4.13045100378327,0,2.03231275219416,0.106955609926599,0.719869894449851,0.186528855589464,0.693147180559945,0,5.4000701393804,2,0.725055782567887,22.0674922283952,4.03439872825266,2.42353234817106,0,0,0,0,0,0,0
445300,2012,440000,22.4532408685363,37.6691402886629,56.8265727490793,3.11143496316973,3.62884119926839,4.04000404641815,0,2.07646406684001,0.106620209059233,0.766845109145961,0.170161737332226,1.6094379124341,0,5.6485701747682,2,0.742374150525956,22.2008354208149,5.73551747469997,2.3664492436847,0,0,0,0,0,0,0
445300,2013,440000,25.1833428999895,41.8771656639197,63.0304891346437,3.22618277993102,3.73474070615527,4.14361856384147,0,2.14432070775251,0.107130554598691,0.807994260439939,0.162669015645225,1.6094379124341,0,5.9231697647724,2,0.755023128645761,22.4083778078922,6.36239906649803,2.38217591817566,0,1,0,0,0,0,0
445300,2014,440000,23.3243109147587,38.5946781018527,59.3074746476439,3.14949620352139,3.65311439395643,4.08273534608127,0,2.17453315185833,0.107409925220938,0.849644568928379,0.166413694123792,1.79175946922805,1,5.96432640112505,2,0.748118364810944,22.6352091428989,5.28566079940545,2.25891280952998,0,1,0,0,0,0,0
445300,2015,440000,20.1058746149575,33.4539720195468,51.5509797873185,3.00101204176352,3.51017052450359,3.94257121682587,0,2.21586433017601,0.111464222393202,0.881773180412205,0.166957431822927,2.07944154167984,1,6.15505365927666,4,0.750365983304523,23.0922563062101,5.6563600621127,2.30005324494092,0,1,0,0,0,0,0
445300,2016,440000,18.6571432322478,31.1493110322714,47.2247387938123,2.92622908789218,3.43879212724476,3.85491788227248,0,2.27694802072662,0.225913621262458,0.921310876957879,0.165019814337408,1.94591014905531,1,5.84649338925369,5,0.755336055301485,22.5148759341805,6.47135181970375,2.4801975541499,0,1,0,0,0,0,0
445300,2017,440000,20.2291371510691,33.5789995987772,50.3948159778045,3.0071239983209,3.51390085962662,3.91988831220388,0,2.37401156533285,0.226666666666667,0.92514806601461,0.163833103565758,3.87120101090789,1,5.86569021532871,5,0.767458505289895,22.6993107773422,5.00852419632856,2.34619491710828,0,1,0,0,0,0,0
445300,2018,440000,17.5825431083883,29.3077637692938,46.0361425017889,2.86690654097512,3.37785245598455,3.82942679454391,0,2.42654238341279,0.229235880398671,0.928090866962457,0.127450660040523,3.52636052461616,1,5.93384781523901,5,0.762904760383424,22.6229231988171,5.31305755490127,2.42235736184419,0,1,0,0,0,0,0
445300,2019,440000,16.0847907145248,26.7449810606172,43.1920857111262,2.77787414938625,3.28634683183629,3.76565727733535,0,2.45319498330109,0.229235880398671,0.970722380613849,0.119373671056655,3.3322045101752,1,6.02901991068044,5,0.770940136909485,23.2271464787792,5.50207391133769,2.35681828036351,0,1,0,0,0,0,0
445300,2020,440000,13.1198154159889,21.7920577414313,36.0202434648156,2.57412371451369,3.08154557962545,3.58408109888142,0,2.49871013436794,0.230514096185738,1.01901419303623,0.117791689613797,4.02535169073515,1,6.07764773463238,5,0.777872108845484,23.1749197037719,3.72164200243814,2.52902923532927,0,1,0,0,0,0,0
450100,2011,450000,27.4840218525101,47.2424213890643,70.833464037367,3.31360481226785,3.85529224719304,4.26033154492808,0,1.83024848757318,0.383415319747013,1.08091535864018,0.0733504528749956,4.91998092582813,0,7.11628351319736,8,0.695412582008417,21.3227602371423,3.84518840478257,2.00489818458625,0,0,0,0,0,0,0
450100,2012,450000,25.1239632096525,43.8102059522813,65.6204017638781,3.22382210024034,3.77986680284834,4.18388665009693,0,1.90668544843635,0.384863349684653,1.14677726636588,0.104570358388956,5.50125821054473,0,7.34048181079016,8,0.708514699006339,21.7650065383767,4.22141163515588,1.9590621366634,1,0,0,0,0,0,0
450100,2013,450000,27.8242513843589,48.6885484807352,72.211314696553,3.32590799237412,3.88544385830508,4.2795967468692,0,2.02994641587682,0.386112644947543,1.19978472519958,0.0976845780241699,5.96870755998537,1,7.2847664000353,9,0.727134090468341,22.095686640843,5.31418449466731,1.96753144365737,1,0,0,0,0,0,0
450100,2014,450000,26.270780925075,45.3906501473969,69.1486326985158,3.26845733013323,3.81530613994801,4.23625828493648,0,2.10465126752288,0.389749212004933,1.26956778411275,0.0939400039325316,6.3456363608286,1,7.44561796707272,9,0.72464878937828,22.348328309602,4.76619204257339,1.94447724756804,1,0,0,0,0,0,0
450100,2015,450000,21.9301688053594,38.0338011342817,57.7424065335979,3.08786325986298,3.63847526788629,4.05599185216081,0,2.17390710734949,0.392391553976467,1.31715142122094,0.107182789646758,6.53378883793334,1,7.59952982522123,10,0.742496132420289,22.7687289751288,5.15657797853376,2.01432347081218,1,0,0,0,0,0,0
450100,2016,450000,20.0757841535821,34.3645856468477,52.6601438616628,2.99951432026956,3.53702654708338,3.9638588859608,0,2.28069469724748,0.492021276595745,1.35603616967969,0.131201223080499,6.88857245956536,1,7.69567274580246,10,0.732855595406212,22.3672538799763,5.13874367826756,2.20106579591282,1,0,0,0,0,0,0
450100,2017,450000,20.4328269346309,35.139365781643,53.1467290273597,3.0171427709962,3.55932203426492,3.97305656060553,0,2.38087581881388,0.495376486129458,1.35208768854589,0.156854302027349,6.87832646829133,1,7.79052519232161,10,0.737833936937449,22.3359535578012,5.49128940176724,2.2786938239862,1,0,0,0,0,0,0
450100,2018,450000,18.6532671590046,31.994306726096,51.387117554263,2.92602131353556,3.46555797216151,3.93938750980784,0,2.44702201315188,0.501945525291829,1.34341427402978,0.0987557149925579,6.54534966033442,1,7.86766664426643,10,0.736225374446449,22.1844989341681,4.32610618238351,2.43128170656726,1,0,0,0,0,0,0
450100,2019,450000,16.9619221651067,29.0369904968689,46.689527265301,2.83097095914857,3.36857055155839,3.84351988396481,0,2.49896083635851,0.508951406649616,1.40743568752281,0.0987557149925577,6.56526497003536,1,7.94928240355291,10,0.736063434221254,22.4434340344516,4.41199176924939,2.58479740495439,1,0,0,0,0,0,0
450100,2020,450000,14.9240624041199,25.4546334656197,41.4962147987384,2.7029748368109,3.23689778794282,3.72560221340784,0,2.55899370404791,0.516740366392925,1.43052487797819,0.0987557149925578,6.62936325343745,1,7.91905198645438,10,0.741082516065143,22.4136702130949,3.72614666784905,2.71568761479942,1,0,0,0,0,0,0
450200,2011,450000,27.4214850781073,49.4726408616304,73.9923411675099,3.31132683306533,3.90141980690819,4.30396159011156,0,1.3241912190038,0.304695837780149,1.29219373410327,0.113861643204492,2.63905732961526,0,6.66428749053704,6,0.727474000164654,19.5346942831581,3.45571761912164,1.69566538267039,0,0,0,0,0,0,0
450200,2012,450000,25.127464270413,46.1545530476781,68.20325967424,3.22396144198412,3.83199561367035,4.2224923595172,0,1.36208844237282,0.308353478377652,1.38481665888339,0.107909781005199,4.27666611901606,0,6.89664294230046,6,0.730888223298923,19.3032793659323,4.55736676451742,1.6325838182524,0,0,0,0,0,0,0
450200,2013,450000,26.9393591499,49.1839637996553,71.8111395467294,3.29358838264805,3.8955676313372,4.27403961091053,0,1.42223715763953,0.310687432867884,1.44333216611804,0.0889048810274516,5.27299955856375,0,6.8158728590245,6,0.7437979666259,20.2507898210446,4.67481818812242,1.70593754608368,0,1,0,0,0,0,0
450200,2014,450000,27.3798559721049,49.7839984406764,71.254773257964,3.30980755951429,3.90769361594513,4.26626180999905,0,1.47428958192215,0.311193437417306,1.49664605762646,0.0630962087101174,5.94803498918065,1,6.95393918649196,6,0.747248654834396,20.3760732823992,4.99572371648978,1.69963155883681,0,1,0,0,0,0,0
450200,2015,450000,20.3274816032089,37.2093768276832,54.8918205276663,3.01197374407959,3.61656079477629,4.00536434884849,0,1.5239029562012,0.313138724385514,1.52018274417711,0.0603229683667912,6.11809719804135,1,7.10364840545783,7,0.757965928341055,20.3179645724919,6.43047340134805,1.79154115440578,0,1,0,0,0,0,0
450200,2016,450000,18.9491511547653,34.3204166494992,51.4783081111984,2.94175913658137,3.53574041468299,3.94116051721503,0,1.59360461731523,0.313471502590674,1.55893067155311,0.0626579746162114,6.18001665365257,1,7.22112174281446,7,0.758448893555039,20.5270274166938,4.93963207741868,1.87935306209148,0,1,0,0,0,0,0
450200,2017,450000,19.327568255512,34.9279960683007,52.3316818816891,2.96153248372932,3.55328868724175,3.95760195978144,0,1.65873305967257,0.465116279069767,1.61146793293259,0.0621057748153005,5.97126183979046,1,7.32232366415883,7,0.758465630738805,20.5145118030618,5.49156119923249,1.812104584236,0,1,0,0,0,0,0
450200,2018,450000,17.245915987091,31.1225250862291,49.2408615317254,2.84757536107509,3.43793183632149,3.89672379774575,0,1.70533633652657,0.469230769230769,1.65740320665734,0.107909781005198,5.72358510195238,1,7.43115922936352,7,0.760673638791719,19.6856267971016,4.22474113304671,2.58516568637752,0,1,0,0,0,0,0
450200,2019,450000,15.3003584351039,27.7067421632715,42.5373491050322,2.72787625525495,3.32167578297255,3.75038249248091,0,1.73740210105768,0.469543147208122,1.65826813271323,0.107909781005198,4.76217393479776,1,7.51004245190648,7,0.752404662480414,19.6470231637323,5.37201954218109,2.49415363735813,0,1,0,0,0,0,0
450200,2020,450000,13.5523283311635,24.3570540998381,37.8736576133212,2.60655836512238,3.1928215036667,3.63425582064886,0,1.7897158521264,0.472819216182048,1.66380147496538,0.107909781005199,5.14749447681345,1,7.49507742890949,7,0.76062462619159,19.691126729494,5.24462302878054,2.61587113107767,0,1,0,0,0,0,0
450300,2011,450000,26.8354198343492,48.2762488876464,73.0717720705362,3.28972265053526,3.87693969825745,4.29144213719287,0,1.00946061518705,0.14584131851284,0.957151979822205,0.0462602121476233,3.58351893845611,0,6.57142005516397,7,0.750214286190171,18.6609361039946,3.67798699733956,1.9690453325495,0,0,0,0,0,0,0
450300,2012,450000,25.1527521655436,46.2369887340518,69.1526942687623,3.22496732060021,3.83378009971008,4.23631702002365,0,1.03608387390907,0.145182915150354,1.00850195646799,0.0414384919413512,4.57471097850338,0,6.70698656857116,7,0.757737030696602,18.3582926161226,5.28426692099029,1.88485675834562,0,0,0,0,0,0,0
450300,2013,450000,26.2775261312341,47.8539947970445,70.9228924597494,3.26871405414867,3.86815460024587,4.26159326519877,0,1.08590279733987,0.146991184361824,1.06614291751055,0.0345196056147267,4.99043258677874,0,6.66461963223279,7,0.764039105543211,19.4574476386877,4.93785892555916,1.9170143629614,0,1,0,0,0,0,0
450300,2014,450000,27.0365716641182,49.1046984581295,71.1480634699682,3.29719045556695,3.89395472183392,4.26476310659649,0,1.1247163120729,0.147388414055081,1.11791542039972,0.0317169525284591,5.30330490805908,1,6.81526530157756,7,0.765704311305584,19.4727028481867,5.07350544999458,1.91428803386158,0,1,0,0,0,0,0
450300,2015,450000,20.0274907496469,36.7640545126948,55.8153400365658,2.99710586722446,3.60452058826853,4.02204874265571,0,1.1600859574175,0.242112029037564,1.1565383485611,0.0282921279279202,5.8111409929767,1,6.9938483437315,7,0.772828012538356,19.327327771132,6.82392719660656,1.97839113317796,0,1,0,0,0,0,0
450300,2016,450000,18.8537152835303,34.3403890784296,52.5337455685627,2.93670999174242,3.53632218558655,3.96145573584219,0,1.22415559935729,0.243445692883895,1.17895131204154,0.0289407491986404,6.12029741895095,1,7.12844726105677,7,0.765905028281931,19.529761617904,5.20139489114373,2.09064414122324,0,1,0,0,0,0,0
450300,2017,450000,18.7909391263961,33.9463525737306,51.461011839359,2.93337479229329,3.52478141299691,3.94082446929844,0,1.25873426146807,0.243445692883895,1.14187697272543,0.034729483885629,6.4831073514572,1,7.13401059177502,7,0.771951316954703,19.5693774728458,5.64067670866593,2.03610024160274,0,1,0,0,0,0,0
450300,2018,450000,16.7399956061132,30.3077133413248,47.6871381053781,2.81780080258299,3.41140224583926,3.86466172013783,0,1.27937794734838,0.245353159851301,1.10505799414498,0.0365484732486246,5.63121178182137,1,7.2358895965884,7,0.772206304792585,19.3895772644703,4.90316425888717,2.16253468583479,0,1,0,0,0,0,0
450300,2019,450000,14.8641523083327,27.0645848629714,40.9407586858696,2.69895242881209,3.29822604161187,3.71212611171433,0,1.29798070118092,0.247689463955638,1.1262325652705,0.0534305108430411,5.27299955856375,1,7.31203054957132,7,0.769306863819421,19.3882787826477,6.14248896257558,2.11303835840234,0,1,0,0,0,0,0
450300,2020,450000,13.4098083528859,24.2045801454993,37.6587278609176,2.59598640583322,3.18654187746552,3.62856474307582,0,1.33550195112453,0.250230840258541,1.12994905402298,0.0534305108430412,5.57972982598622,1,7.34825980616846,7,0.780466081210355,19.499848367101,5.17350358700582,2.13195327810577,0,1,0,0,0,0,0
450400,2011,450000,26.6268946806029,44.5344636457296,66.5558970946686,3.2819217832105,3.79626335337872,4.19804215240549,0,0.738266687065342,0.156898656898657,0.878036937429368,0.0699679773156563,1.09861228866811,0,5.90029143795736,5,0.744419530977177,21.1925245573876,3.70634489658828,1.91113557341745,0,0,0,0,0,0,0
450400,2012,450000,23.9683327076513,41.0645488037887,60.8021166368294,3.1767334885657,3.71514518976515,4.10762460147191,0,0.769897060769748,0.15660091047041,0.934946978217265,0.0917676824693997,2.63905732961526,0,6.19036401567176,5,0.756180831714521,21.2737021054346,5.28602215726762,1.88791460524374,0,0,0,0,0,0,0
450400,2013,450000,26.4395548550725,44.767034385132,65.958743905697,3.27486117880063,3.8014720289405,4.18902945423683,0,0.835086314644218,0.154967281380131,1.01805389595661,0.110273060040318,2.63905732961526,0,6.17686744671845,5,0.767428571476212,21.5940735365042,5.96011230125484,1.8572149140941,0,0,0,0,0,0,0
450400,2014,450000,25.9298361025869,43.8702166137273,64.9705182022434,3.2553942787665,3.78123565279363,4.17393360088408,0,0.878481294706042,0.228915662650602,1.04946166123752,0.0720885467485973,2.89037175789616,0,6.25317195324287,5,0.761745931415618,21.7099672679344,5.21263971074622,1.88631691121366,0,0,0,0,0,0,0
450400,2015,450000,21.1594912236253,35.8210380042707,54.7331735468736,3.05208856244892,3.57853537455638,4.00246998898311,0,0.911488148861773,0.22854152128402,1.05095529880507,0.0527963579007856,3.04452243772342,1,6.43004516025098,5,0.764031645995152,22.0030126232388,5.61631346040255,1.97236279783972,0,0,0,0,0,0,0
450400,2016,450000,19.5007658560052,32.9736310157175,49.5813631149769,2.9704537394654,3.49570818191799,3.90361501947189,0,0.944710078088023,0.227665706051873,1.09256350055379,0.0344966168696959,4.00733318523247,1,6.52729443997739,5,0.763886076928694,21.7444542796366,5.87166835678486,2.03358532828542,0,0,0,0,0,0,0
450400,2017,450000,20.8062530774143,35.1339992036964,52.1434341451007,3.03525357024935,3.55916929992643,3.9539982702624,0,0.982412737950097,0.226361031518625,1.02003819722661,0.0546836627158071,4.57471097850338,1,6.61540118410968,5,0.776506327752826,21.9116405023009,4.93754836351375,1.97488254515888,0,0,0,0,0,0,0
450400,2018,450000,18.6118779042586,31.4249510731856,48.9081455800603,2.92379997390601,3.4476021975359,3.88994395888789,0,1.00430738012899,0.227272727272727,0.950280595755314,0.0840804633978545,4.02535169073515,1,6.67448932071141,5,0.773530742035636,21.7911577504971,4.44387268386938,2.01919823539888,0,0,0,0,0,0,0
450400,2019,450000,16.3166340132966,27.5129013814488,43.6672924153626,2.79218507907842,3.31465503580382,3.77659936455317,0,1.0232339863347,0.229461756373938,0.917462173303446,0.0840804633978545,3.25809653802148,1,6.76606749278066,5,0.773768535143212,22.0255065422104,4.84541987699319,2.21802454536635,0,0,0,0,0,0,0
450400,2020,450000,14.3711363398794,24.1856716610739,39.729535486791,2.66522177420036,3.18576037769308,3.68209487800862,0,1.06565395941017,0.228813559322034,0.965758590352078,0.0840804633978544,3.78418963391826,1,6.88513892109214,5,0.775657324474069,22.2461957786021,3.88797245096536,2.31916387706456,0,0,0,0,0,0,0
450500,2011,450000,25.4393922485239,41.9300708764379,64.4867034195818,3.23629884858451,3.73600325153273,4.16645905401658,0,2.98205910209876,0.372840976771888,1.04839773082912,0.222816593996533,2.99573227355399,0,5.86294462856226,6,0.660992675102674,22.2351652189148,4.77239746661976,2.92814391411987,0,0,0,0,0,0,0
450500,2012,450000,21.9867695051015,36.653726143778,57.0942205868156,3.09044088632139,3.60151509148069,4.04470289589686,0,3.1241552642385,0.37239738251041,1.19317333274078,0.207965285573746,3.25809653802148,0,6.07158229939882,6,0.654553112311241,22.9532983478244,6.2369950505581,2.80755052074431,0,0,0,0,0,0,0
450500,2013,450000,24.6348817336531,40.9260949664717,64.4562658124491,3.20416339523965,3.71176787834147,4.16598694440286,0,3.38033589273223,0.375442739079103,1.28101026236564,0.227459409268204,3.91202300542815,0,5.9650366109158,6,0.669201465753409,23.1758165410158,6.73272806572848,2.8224321898355,0,1,0,0,0,0,0
450500,2014,450000,22.1380892395774,36.4547952944485,59.5049122135814,3.097299620014,3.59607300794839,4.08605886735529,0,3.52212253337158,0.376255168340224,1.38611227001834,0.251199335993714,4.48863636973214,1,6.14491851331971,6,0.652827837528327,23.471996643583,7.10450550559377,2.58211146012493,0,1,0,0,0,0,0
450500,2015,450000,20.395523222322,33.6965593471202,52.6395597639508,3.01531542688134,3.51739573562149,3.96346792383526,0,3.67324640593951,0.37723889276576,1.40545806814896,0.264607135688887,4.06044301054642,1,6.30255649364473,7,0.653465201457342,24.1038027227202,6.04770102919226,2.56039056389,0,1,0,0,0,0,0
450500,2016,450000,19.1704981781908,31.715570180264,48.1795864570432,2.95337254410595,3.45680773317631,3.87493541385896,0,3.78065036657663,0.379310344827586,1.47802272492846,0.197951512546675,5.03695260241363,1,6.38260385415214,7,0.686479851221427,23.4587859834405,5.89119895093151,2.67324938323204,0,1,0,0,0,0,0
450500,2017,450000,19.733311434235,32.5794527281338,48.6911467154847,2.98230814346963,3.48368180524687,3.88549722127248,0,3.90365936952534,0.382857142857143,1.51724524940794,0.207910593338697,4.49980967033027,1,6.4251286946717,7,0.696490838741645,23.4350344925354,6.47252549343958,2.60540741524751,0,1,0,0,0,0,0
450500,2018,450000,18.0736723191516,29.9630475437764,47.7352831044247,2.89445631135811,3.39996487389562,3.86567081218395,0,3.95916689192954,0.387640449438202,1.54672723136421,0.171248069744719,4.75359019110636,1,6.46768704260472,7,0.693128204498536,23.5718268273116,4.91180166662705,2.57766785337539,0,1,0,0,0,0,0
450500,2019,450000,17.39809591763,28.6078185238569,46.2143342183499,2.85636077021132,3.35368005542571,3.83329001443207,0,4.00358322723624,0.388888888888889,1.5829726673342,0.171248069744719,3.49650756146648,1,6.54108097008814,7,0.69604762395223,24.2833353771873,4.71834403623213,2.4373332712981,0,1,0,0,0,0,0
450500,2020,450000,14.7396259938758,24.1435018610166,40.1308393902178,2.69053951288947,3.18401526981367,3.692145100836,0,4.18769693305463,0.391184573002755,1.55776157110352,0.171248069744718,3.95124371858143,1,6.69231861183089,7,0.692644691620118,23.9785008387258,4.27832208927261,2.5298625775412,0,1,0,0,0,0,0
450600,2011,450000,24.0872332194256,40.3843652212446,61.7066938552599,3.18168195820123,3.69844271058934,4.12239241538746,0,1.12990975617604,0.592997811816193,1.34453095850219,0.641170721811087,1.38629436111989,0,5.66720096609179,3,0.74257338618579,21.770464091312,4.25923506929027,2.17164534681667,0,0,0,0,0,0,0
450600,2012,450000,21.4368770289698,36.4854900830687,56.0225354463902,3.06511266463078,3.59691464958094,4.025754028472,0,1.24314651006767,0.593886462882096,1.37819282906654,0.696393831542146,2.94443897916644,0,5.75905577150506,3,0.744753422802442,22.3993192459954,4.9007659575669,2.11650468972163,0,0,0,0,0,0,0
450600,2013,450000,24.4613614745653,41.8210168866392,63.7554379839731,3.19709478997595,3.73339900950207,4.15505448210993,0,1.37416867360764,0.594623655913978,1.47798761564351,0.507355456960769,2.94443897916644,0,5.61008953610211,3,0.75522896116727,22.6626100480606,6.05691806925014,2.10237285958418,0,0,0,0,0,0,0
450600,2014,450000,22.7111552459808,38.3974135934882,60.0787596901034,3.12285622430762,3.64799010298903,4.09565636293691,0,1.4609805391273,0.593418259023355,1.54939213751689,0.570456521657056,3.43398720448515,0,5.64801260240887,3,0.743086107789654,22.927803858578,5.78388224140583,2.04475716452646,0,0,0,0,0,0,0
450600,2015,450000,19.3701916002002,32.9912829919392,51.1646051725109,2.96373536896524,3.49624337481284,3.93504798775943,0,1.54728595244593,0.593557159292961,1.57923382323461,0.862945589551838,3.89182029811063,1,5.74337141981332,3,0.758138942391905,23.4777296874717,6.03007411844282,2.11229498666167,0,0,0,0,0,0,0
450600,2016,450000,18.3918076748699,31.0600117049415,47.9516130453824,2.91190533040696,3.43592119456984,3.87019244091759,0,1.61942559978836,0.597938144329897,1.62471014228417,0.964056496910215,4.70048036579242,1,5.86097435566275,3,0.762193739414215,22.6799063827375,6.001200246048,2.5846237216835,0,0,0,0,0,0,0
450600,2017,450000,18.5286655604817,31.3328839099314,47.6800532553765,2.91931902261942,3.44466815019897,3.8645131396897,0,1.68560698594208,0.591836734693878,1.5955376496774,1.11858282645674,4.17438726989564,1,5.93375770518891,3,0.768565559223907,22.602200768497,6.13320286891265,2.56080424558246,0,0,0,0,0,0,0
450600,2018,450000,16.8534874270639,28.6284780695414,45.7551563536133,2.82455760434847,3.35440195910612,3.82330449255336,0,1.71809440507358,0.595959595959596,1.57206856225658,0.681756604890906,2.19722457733622,1,5.90831856126496,3,0.763819963964697,22.6479494523344,4.90884585968657,2.57368310150123,0,0,0,0,0,0,0
450600,2019,450000,15.782433745474,26.7844398278264,43.4437015663607,2.75889753327675,3.28782111546205,3.77146588300741,0,1.74438523256881,0.59,1.5587384538485,0.681756604890907,3.09104245335832,1,5.97249467493003,3,0.770641877226634,23.0766142070446,4.684557547187,2.54897336522499,0,0,0,0,0,0,0
450600,2020,450000,13.5383391435735,22.9497941377952,38.7382084803944,2.60552559700425,3.13330896643561,3.6568264122114,0,1.84207092475789,0.589108910891089,1.58232168143793,0.681756604890906,2.63905732961526,1,6.05192231007877,3,0.769084145761516,23.0189268095755,3.932125713629,2.68671583610589,0,0,0,0,0,0,0
450700,2011,450000,26.2287123034918,43.7130780009706,66.2094339685525,3.26685470016481,3.77764732508665,4.19282295986763,0,1.02191023372592,0.363241308793456,0.710825563506297,0.297991932920651,1.79175946922805,0,5.85643288123231,6,0.715038167383835,22.11571558123,4.55050602239844,2.32665936515569,0,0,0,0,0,0,0
450700,2012,450000,22.8374822622107,38.6239601596588,58.7814565395119,3.12840314500807,3.65387281342274,4.0738264401923,0,1.07926933203854,0.361501148838397,0.732660955712609,0.34391779936041,2.77258872223978,0,5.84034700534523,7,0.725008723845009,22.6832285076613,5.7509205543047,2.25549506671372,0,0,0,0,0,0,0
450700,2013,450000,25.9334338072245,43.8667847690041,66.5925360549481,3.2555330168233,3.78115742252201,4.19859250001887,0,1.15026813969921,0.368978562421185,0.760470230826953,0.290197402058718,2.94443897916644,0,5.8142112526094,7,0.741935658090897,22.9783750299536,6.77915457545718,2.25100291077358,0,0,0,0,0,0,0
450700,2014,450000,24.0296545648802,40.0981163132336,62.9462838740693,3.17928867448401,3.69132935847685,4.14228172577039,0,1.19662801493708,0.365671641791045,0.816062441125635,0.383313345426859,3.98898404656427,0,5.9684381977521,7,0.738989094286475,23.2301586452547,6.64182303140992,2.13090129046943,0,0,0,0,0,0,0
450700,2015,450000,20.9935911622544,35.3035108035434,54.018524293155,3.0442172083959,3.56398241518484,3.98932703020449,0,1.24325698431745,0.365577827270478,0.869778793769714,0.384254691304783,3.63758615972639,1,6.17494153904668,7,0.743533259584704,23.7621949947038,6.72616650138897,2.21512654274828,0,0,0,0,0,0,0
450700,2016,450000,19.4263619393092,32.465014120194,49.5790026272323,2.96663100650168,3.48016302089626,3.90356740997131,0,1.31371760369312,0.366748166259169,0.946316644564276,0.266973718069548,4.74493212836325,1,6.32120811619195,7,0.750859322438713,22.8604998935458,6.50312277501268,2.77182780139486,0,0,0,0,0,0,0
450700,2017,450000,20.208987799459,33.8096507655634,50.3594022894231,3.00612744601773,3.52074628734268,3.91918534034922,0,1.36162477025036,0.367396593673966,0.968694931507057,0.283301170572012,4.11087386417331,1,6.41523155969736,7,0.75920828972154,22.8051167351958,6.63493300199562,2.67729418578733,0,0,0,0,0,0,0
450700,2018,450000,18.3964282286836,30.8091637480454,49.0128916149728,2.91215652776528,3.42781217001514,3.89208335769054,0,1.38446413559519,0.366265060240964,0.988829854468115,0.210485623197517,3.71357206670431,1,6.49148283238383,7,0.762034896675867,22.8778480425001,5.20062800262118,2.68152282693859,0,0,0,0,0,0,0
450700,2019,450000,17.2319116733612,28.710250938425,46.3356913919897,2.84676299466745,3.35725423454845,3.83591253651986,0,1.40023977969935,0.368421052631579,1.00675062348707,0.210485623197516,2.99573227355399,1,6.59201924912691,7,0.763880046724363,23.3925663876042,4.89419730857856,2.76870952367427,0,0,0,0,0,0,0
450700,2020,450000,14.7132948866343,24.5162252877212,40.4272734902122,2.68875149910548,3.1993351549972,3.69950464359018,0,1.44777694181066,0.369175627240143,1.01771036456776,0.210485623197517,3.63758615972639,1,6.69864880999672,7,0.762222462483035,23.2730413069854,4.34547280160783,2.90869122174297,0,0,0,0,0,0,0
450800,2011,450000,28.3405931173567,47.9390298764439,71.9098022651965,3.34429516267292,3.86992999259881,4.27541258735671,0,1.84753743966209,0.362137578169414,0.559030468848544,0.0278895773063331,1.6094379124341,0,5.48283798286965,4,0.698702815675387,21.607170845684,3.87025081205087,1.5249927397619,0,0,0,0,0,0,0
450800,2012,450000,25.59044494395,44.0680334595071,65.4286778215613,3.24221903743554,3.78573465474746,4.18096066115128,0,1.89653905715662,0.361200226457822,0.579282120931119,0.0215100604644577,2.83321334405622,0,5.71439840803855,5,0.711102188938726,21.7116762336582,5.65981419012545,1.45782118990805,0,0,0,0,0,0,0
450800,2013,450000,28.5061526618689,48.8789379121823,72.0450602621587,3.35011994684784,3.8893465861531,4.27729176023619,0,1.96913373182779,0.362876254180602,0.602265877073544,0.01847265240957,2.30258509299405,0,5.62669903794169,5,0.724129301353093,22.144241730921,5.87690587885203,1.47843881213079,0,0,0,0,0,0,0
450800,2014,450000,27.6302916492195,47.0515899155296,70.0877786666567,3.31891269440692,3.85124465750146,4.24974843742415,0,2.02577064290699,0.36340206185567,0.631011744840235,0.0233435134623538,3.49650756146648,0,5.78251334791414,5,0.723254430032995,22.1835778796858,5.37892940802972,1.46850244450814,0,0,0,0,0,0,0
450800,2015,450000,22.4075629663638,38.1872669736524,57.5644157339494,3.10939853430295,3.64250213475025,4.05290459439896,0,2.07000444374087,0.361514919663351,0.660092550109105,0.0232183907731691,3.55534806148941,1,6.01399539900318,5,0.733548485884701,22.4541308943913,6.19383043222863,1.55510760372942,0,0,0,0,0,0,0
450800,2016,450000,20.5276038552403,34.7592036202908,52.5571085938155,3.0217705099104,3.54844438932607,3.96190036112997,0,2.16281567909234,0.362162162162162,0.698400226903312,0.0229526094766661,3.89182029811063,1,6.19922031539756,5,0.72594786125378,22.2825283311873,5.23496742256013,1.61334505550927,0,0,0,0,0,0,0
450800,2017,450000,21.8855496934317,37.1559230644604,55.3187437358655,3.08582658768779,3.61512319491436,4.01311179749795,0,2.25484641776628,0.361510791366906,0.729625886696151,0.0224776210743397,3.85014760171006,1,6.3137869762756,5,0.738050052284324,22.4092196064435,5.5928140888432,1.59918466566607,0,0,0,0,0,0,0
450800,2018,450000,19.8149211762691,33.6192342053522,52.7816972267646,2.9864352486516,3.51509834977198,3.966164487185,0,2.31196689743917,0.363636363636364,0.756477050204395,0.0233435134623537,3.98898404656427,1,6.46003777128743,5,0.73770385850085,22.2155023528156,4.29901158107747,1.74826687437296,0,0,0,0,0,0,0
450800,2019,450000,17.7068782265477,29.8642109192082,47.5930717573523,2.87395316446414,3.396660804245,3.86268719932763,0,2.34346672530572,0.36283185840708,0.784809153489951,0.0233435134623538,2.99573227355399,1,6.54710355365849,5,0.736360794871393,22.1543834688894,4.80626379808226,3.127176796435,0,0,0,0,0,0,0
450800,2020,450000,15.5382731129213,26.0577622555444,42.2932352903246,2.74330621346999,3.26031569907439,3.74462715104876,0,2.44079975119123,0.363957597173145,0.821305905050418,0.0233435134623537,3.80666248977032,1,6.57852461594713,5,0.738447345956399,22.2599794990897,4.20340965801866,3.11962694451743,0,0,0,0,0,0,0
450900,2011,450000,25.310552221489,41.7752094288292,62.9389040912359,3.2312213926315,3.73230308772632,4.14216447952464,0,1.60674839092696,0.150846962616822,0.659163962418682,0.0402007041557144,2.39789527279837,0,6.16502265854921,3,0.737504092751035,22.2503237518457,4.11296731656283,1.9862899698904,0,0,0,0,0,0,0
450900,2012,450000,22.0024871639369,37.1013804156175,55.7845519404866,3.09115549987454,3.61365417688932,4.02149698411339,0,1.65557649880658,0.15088885677121,0.680690563311192,0.0336826143789471,4.00733318523247,0,6.38611032134073,3,0.746989079721414,22.4487752047062,6.07887774410062,2.06015696211059,0,0,0,0,0,0,0
450900,2013,450000,24.8022657408054,41.3494131243874,62.1358891641275,3.21093500951417,3.72205822848839,4.12932374735316,0,1.75192838768578,0.151804822371237,0.705441640354453,0.0215470985147558,4.17438726989564,0,6.34824833843115,3,0.760653317354287,22.6220923645354,6.56104419903418,2.13292629562651,0,0,0,0,0,0,0
450900,2014,450000,23.4683703442202,38.8267594111512,59.5385206528241,3.15565357175639,3.65910968445748,4.08662350900459,0,1.79759385350684,0.151977401129943,0.753377822184969,0.0222899575633526,3.78418963391826,0,6.50214662530401,3,0.754606007011073,22.8114951521379,5.43656454055185,2.03368434492109,0,0,0,0,0,0,0
450900,2015,450000,20.6873705002543,34.5565924845081,51.688597247865,3.02952339331125,3.54259834198306,3.94523720105416,0,1.83359608039955,0.153208672773064,0.791632801306462,0.0194176598496372,4.91265488573605,1,6.67231201375906,3,0.76269335921403,23.2965861660889,5.79118820435922,2.12052960401617,0,0,0,0,0,0,0
450900,2016,450000,18.2548292041779,30.4346878566362,46.4245366041429,2.90442965895197,3.41558300582746,3.83782812558729,0,1.8698156951056,0.153417015341702,0.818770452503365,0.0198597470408704,4.65396035015752,1,6.75485267020038,3,0.760834395885468,22.8541990990993,6.30914683819621,2.17347992171278,0,0,0,0,0,0,0
450900,2017,450000,20.0083123981759,33.2962194074665,49.6281901794731,2.99614780711676,3.50544385923392,3.90455902267357,0,1.91645589983162,0.154696132596685,0.801264576939738,0.0212268382461638,5.17048399503815,1,6.85444146690442,4,0.773057323352546,22.9470243430576,5.6737001434721,2.08626937967233,0,0,0,0,0,0,0
450900,2018,450000,18.1472325344505,30.239550751004,47.5695119239548,2.89851807164425,3.40915069508339,3.86219205022664,0,1.94879759644814,0.152796725784447,0.78620194046442,0.0384599703599463,4.85981240436167,1,6.95719153734668,4,0.765357598377641,22.9148735556195,4.86307039402212,2.08749042858242,0,0,0,0,0,0,0
450900,2019,450000,16.8999237159797,28.1159431515672,44.4338024986032,2.82730910807149,3.33633678738699,3.7940004973191,0,1.97049430272123,0.156037991858887,0.797661405317257,0.0384599703599463,4.29045944114839,1,7.05326059821564,4,0.767585079001773,23.4288477839276,4.76208828022387,2.50147245497169,0,0,0,0,0,0,0
450900,2020,450000,14.4508092429808,24.0301229963918,38.5859486455305,2.67075041596478,3.17930816818687,3.65288818547051,0,2.05941994339642,0.157432432432432,0.818788523210009,0.0384599703599463,4.39444915467244,1,7.07010888540208,4,0.763818924594077,23.3168428657539,3.86982956185279,2.64523786129213,0,0,0,0,0,0,0
451000,2011,450000,22.8540474734358,40.285539719613,62.6102529242711,3.1291282339708,3.69599258867232,4.13692904942756,0,0.279473390946545,0.0835712431871269,0.726523165415169,0.042197432593679,1.94591014905531,0,6.02251064989556,4,0.751818905678245,19.3902140157241,2.70713680782081,1.56392890243881,0,0,0,0,0,0,0
451000,2012,450000,21.3462199627253,37.8568024886895,59.1205196319922,3.06087467307305,3.63381068602569,4.07957806604638,0,0.292734057286824,0.0851688693098385,0.756917898419006,0.0425139669323825,2.89037175789616,0,6.33038982322828,4,0.757178648253324,20.0981054501216,3.402324232952,1.59627976305769,0,0,0,0,0,0,0
451000,2013,450000,24.1295891535233,42.9400656081179,65.5534968089321,3.183438853115,3.75980532035161,4.1828665544609,0,0.315635680520168,0.0859849404906485,0.77481006010434,0.0460794782246653,3.49650756146648,0,6.1757328739514,5,0.765747017217142,20.3992120373813,3.28767399700477,1.66732028311587,0,0,0,0,0,0,0
451000,2014,450000,22.8567505850965,40.1983673941666,61.5469084697811,3.12924650412922,3.69382638271487,4.11979962342068,0,0.331412243811397,0.0859223300970874,0.842253410518935,0.0487577958946536,3.63758615972639,0,6.27483071858543,5,0.768073111708721,20.5347515282765,4.04022727075287,1.77937775130508,0,0,0,0,0,0,0
451000,2015,450000,18.7102855506775,33.0709663485788,52.5748969773719,2.92907340209778,3.49865574787245,3.96223876205041,0,0.354301436723837,0.0867881604104649,0.878573215836386,0.104234964019526,4.23410650459726,1,6.40735076987249,5,0.772173447961215,20.9416590279653,4.37902392590103,1.73689165339387,0,0,1,0,0,1,0
451000,2016,450000,18.3233980570834,32.0064158973567,51.2188407230706,2.9081788255113,3.46593637949533,3.93610744722884,0,0.372879794346804,0.0863309352517986,0.941243441373177,0.0635387128920795,4.14313472639153,1,6.43115379844858,5,0.775681553994818,20.5936405998704,3.22211093010049,1.76542160646241,0,0,1,1,0,0,0
451000,2017,450000,17.0775936232427,30.2277952810533,48.0676634097888,2.83776728986577,3.4087618746416,3.8726096726485,0,0.388855242772496,0.0861244019138756,0.931389967174291,0.0635387128920794,3.76120011569356,1,6.53420066876927,5,0.776389720991286,20.5956258177382,4.47450404296156,1.6952900092568,0,0,1,1,0,0,0
451000,2018,450000,15.4629930653837,27.4838180832147,45.2957763958565,2.73844962502806,3.31359739814004,3.81321379184766,0,0.402421695007011,0.0878859857482185,0.922536865244146,0.0635387128920795,3.78418963391826,1,6.3206762238835,5,0.784341388264356,20.6165224055133,3.86988592776842,1.71916651935087,0,0,1,1,0,0,0
451000,2019,450000,14.0191492677301,24.9812846547197,38.9266318725801,2.64042419986022,3.21812693070574,3.6616786403501,0,0.411565439063919,0.0874704491725768,0.952482257745989,0.0635387128920795,2.63905732961526,1,6.40320324956669,5,0.785710920741267,20.8106284951407,3.50917724010801,1.88373687895299,0,0,1,1,0,0,0
451000,2020,450000,12.9999577665536,23.0444198956241,37.2474264419277,2.56494610872961,3.13742365317714,3.61758285363152,0,0.425584354979337,0.130023640661939,0.98583476942113,0.0635387128920795,3.3322045101752,1,6.48354609784499,5,0.78476690135625,20.6248387871111,3.17362617600117,1.93678792596856,0,0,1,1,0,0,0
451100,2011,450000,26.0570532444306,44.7485719323974,66.895783372745,3.26028848949465,3.80105953208646,4.20313593633979,0,0.846981278529581,0.451350192884698,0.671482295416085,0.0280993560050875,1.79175946922805,0,5.57657975572136,3,0.738673745780378,20.0886204496028,3.88809423348223,1.99446022225008,0,0,0,0,0,0,0
451100,2012,450000,24.4290335242589,43.0447921467342,63.5504895285754,3.19577232346617,3.76224125135472,4.15183470065183,0,0.871823571323111,0.490724381625442,0.725663257500038,0.0249617863876819,2.484906649788,0,5.80536123084663,4,0.747233590966946,20.1428386311795,5.38382996222964,1.90887523805042,0,0,0,0,0,0,0
451100,2013,450000,25.8862233321699,45.0830556221186,66.6655907217776,3.25371090951026,3.8085064690865,4.19968893857635,0,0.92443348238709,0.48972602739726,0.7359134586409,0.0291641214771726,2.83321334405622,0,5.60134825444526,4,0.75996235496289,20.7480770227646,5.76699881348072,1.8710408692259,0,0,0,0,0,0,0
451100,2014,450000,26.5654710393339,46.0587609182326,67.161263190306,3.27961229132236,3.8299179925594,4.20709664070289,0,0.971139137056553,0.491810163796724,0.75003218354475,0.0237116072211005,2.99573227355399,0,5.75116080418802,4,0.754955599839623,20.8314239738373,5.09114785219414,1.97340703525305,0,0,0,0,0,0,0
451100,2015,450000,20.6359722520906,36.1480241241079,54.6985582240061,3.02703577874546,3.58762228940996,4.00183735120133,0,1.0130739075058,0.492305767546603,0.769195579835622,0.0137359032010295,3.25809653802148,1,5.91702362038789,4,0.760037646905796,20.9368798027321,6.43981668146598,2.05450853838977,0,0,0,0,0,0,0
451100,2016,450000,18.7322015874649,32.580343902443,49.440400674486,2.93024405292605,3.48370915874873,3.900767917374,0,1.06706990210728,0.489711934156379,0.809790016626858,0.0108755266631921,3.85014760171006,1,5.94205051692123,4,0.74959555791842,20.8349916162096,5.72606414352635,2.1300926293377,0,0,0,0,0,0,0
451100,2017,450000,19.664694986245,34.0478414829644,51.222350813358,2.97882489527505,3.52776663801533,3.93617597611329,0,1.10978578040638,0.491803278688525,0.828107622401671,0.0086388562867476,4.20469261939097,1,6.00440702663859,4,0.762178571643056,21.0292427352591,4.95417432468885,2.08363342913607,0,0,0,0,0,0,0
451100,2018,450000,17.4870997993716,30.3598561848961,47.5448104111689,2.861463454776,3.41312121552333,3.86167264341734,0,1.14982138667167,0.495934959349593,0.845152737032614,0.0290902366756744,4.02535169073515,1,5.97797598803118,4,0.762590732928869,20.8156546565392,4.58583319768458,2.10020483152231,0,0,0,0,0,0,0
451100,2019,450000,15.2354151883278,26.5310694937356,41.2056613146502,2.72362266433597,3.27831647995436,3.71857565746528,0,1.16833057954527,0.495967741935484,0.92157056860972,0.0290902366756744,2.63905732961526,1,6.07852033472899,4,0.763694016514598,20.9229125415612,5.18684024329144,2.1504619342017,0,0,0,0,0,0,0
451100,2020,450000,13.7967134195518,23.9424727725556,38.5159324611865,2.62443040579555,3.1756539852116,3.65107198585034,0,1.20890224021731,0.496981891348089,0.961802717770163,0.0290902366756744,3.09104245335832,1,6.15149323671781,4,0.764209460970518,21.2330205496809,4.52630162463925,2.19590703299194,0,0,0,0,0,0,0
451200,2011,450000,24.2065872631233,44.1384264278969,66.8342270081313,3.18662479707819,3.78733075062124,4.20221532968185,0,0.31788353892075,0.0803996194100856,0.567017221732051,0.0992186949922597,1.6094379124341,0,5.6095917351813,3,0.759511489690323,19.6423371968045,3.22382256435221,1.56494718256864,0,0,0,0,0,0,0
451200,2012,450000,22.3852581551959,41.4601370773245,62.4195431798133,3.10840262413462,3.72473241325698,4.1338784183252,0,0.326159249460271,0.0845481049562682,0.549808499446469,0.0671885671151743,3.13549421592915,0,4.91129625957544,3,0.764843822637082,19.616614570726,3.71843351876795,1.4999068915311,0,0,0,0,0,0,0
451200,2013,450000,24.6403532142949,45.4448013680079,67.8077557299108,3.20438547355831,3.81649843273948,4.21667657970078,0,0.340296249465729,0.0809765530577713,0.568592662466384,0.0564326075514473,3.2188758248682,0,5.18133139169238,3,0.78131967908019,20.2857185091837,3.81067491685347,1.67251870326188,0,0,0,0,0,0,0
451200,2014,450000,23.8428086092275,43.7784368716716,64.9521386116099,3.17148264604775,3.77914138729266,4.1736506696201,0,0.350128696978083,0.0804953560371517,0.614958364686961,0.0489611692194791,3.3322045101752,0,5.31614184404104,3,0.783762901951939,20.368373393938,4.57674139857049,1.73955619853123,0,0,0,0,0,0,0
451200,2015,450000,18.6734115261183,34.5301601573979,52.4038648600058,2.92710066855878,3.54183314960134,3.95898034547743,0,0.360480056814716,0.0803928958402035,0.622495675354398,0.0394677747543797,3.73766961828337,1,5.45842626190064,3,0.791134864856035,20.6432264547247,5.34417660503801,1.77146995995934,0,0,0,0,0,0,0
451200,2016,450000,17.1153654183469,31.3033461006472,48.3048626619871,2.83997662251945,3.4437249960063,3.87753223182263,0,0.377098694516073,0.0792540792540792,0.639806349948476,0.0279051956619444,4.77068462446567,1,5.46527905997883,3,0.788230769006245,20.6130923846535,4.15429768356042,1.83427346333526,0,0,0,0,0,0,0
451200,2017,450000,17.1489389356552,31.5085438998789,48.8889237116933,2.84193630205685,3.45025874397084,3.88955086186047,0,0.387985098666339,0.234883720930233,0.664382666421636,0.0269399953284977,4.36944785246702,1,5.53868771645225,3,0.7869340675972,20.5429134252441,4.73351604415268,1.74249036826034,0,0,0,0,0,0,0
451200,2018,450000,15.4162750756318,28.3923178692788,46.7648391913949,2.73542377446817,3.34611861101549,3.84513162122765,0,0.397758395551055,0.235565819861432,0.686716030380834,0.0564326075514475,3.55534806148941,1,5.64752327853775,3,0.790756576266878,20.3774584851825,3.98362800748022,1.95563983482859,0,0,0,0,0,0,0
451200,2019,450000,13.7681092342718,25.4461998799109,39.6607761814074,2.62235499280221,3.23656641475179,3.68036269378787,0,0.403568600384033,0.235023041474654,0.7338285883059,0.0564326075514474,2.99573227355399,1,5.74895923418707,3,0.793004995320505,20.4005367741034,4.26422822196224,1.86721619866753,0,0,0,0,0,0,0
451200,2020,450000,12.5988849840536,23.0938537083426,36.6983214267115,2.53360831671259,3.13956650889206,3.60273101632274,0,0.417194754059891,0.235294117647059,0.761002466282604,0.0564326075514474,3.04452243772342,1,5.87331879349594,3,0.789088244899447,20.3552099697705,4.7189754282282,1.92747114666068,0,0,0,0,0,0,0
451300,2011,450000,27.7419702161116,48.3594748310922,72.346488492608,3.32294643673774,3.8786621661155,4.28146691689767,0,1.15151666461308,0.416125334352312,0.771983055112748,0.0173971201539958,1.38629436111989,0,5.40414216497745,2,0.700974789437126,20.9180896102388,3.69920789444086,1.64093455628401,0,0,0,0,0,0,0
451300,2012,450000,25.8215217245694,45.8732281332776,67.8758422960493,3.25120831956757,3.82588168183105,4.21768018769532,0,1.18679896778907,0.421820975797157,0.792859685614788,0.0175772671908914,2.484906649788,0,5.68343798587344,2,0.722056304531939,20.92375392415,5.03523451112753,1.55682174862823,0,0,0,0,0,0,0
451300,2013,450000,27.7416314211758,49.0966047690245,71.954216204046,3.32293422430286,3.89378988310251,4.27603003069985,0,1.2250960472044,0.408841940532081,0.792473850305798,0.0143786970946477,2.56494935746154,0,5.50519694222215,2,0.742385713493123,21.5619208889895,5.26484016149175,1.57610329046779,0,0,0,0,0,0,0
451300,2014,450000,27.7818105000203,48.8749705166399,71.3108589964411,3.32438150798945,3.88926541506524,4.26704861591411,0,1.26087632681278,0.423423423423423,0.800846597123245,0.0119116057980089,3.25809653802148,0,5.54428591001054,2,0.743766386368695,21.6406326674822,5.19640566340334,1.62820221091528,0,0,0,0,0,0,0
451300,2015,450000,21.598451636843,38.0449955223202,56.2620722269195,3.07262162864125,3.63876955193418,4.03002063542497,0,1.29588945353883,0.419387601564851,0.808468975057636,0.00750605907310169,2.89037175789616,1,5.58497053467242,2,0.752325209975243,21.7381669264121,6.23673774791434,1.73992628542308,0,0,0,0,0,0,0
451300,2016,450000,19.853787593806,34.7192473131928,51.7858360590854,2.98839479970222,3.54729421078967,3.94711667672244,0,1.35133980222664,0.420074349442379,0.824653872097072,0.0100674846409362,3.63758615972639,1,5.37976108538383,2,0.749217645385686,21.7838783305439,5.00318957442737,1.81304761495857,0,0,0,0,0,0,0
451300,2017,450000,20.9487137744878,36.7628546321909,54.3568693497801,3.04207724947088,3.60448795040797,3.99557099656087,0,1.39302177549998,0.421641791044776,0.850926458866274,0.012008915129246,3.52636052461616,1,5.49115007734271,2,0.755874790689524,21.826205895097,5.48506272367922,1.78804782368235,0,0,0,0,0,0,0
451300,2018,450000,18.6671053134138,32.5698481516134,51.4158916850333,2.92676290072383,3.48338695706092,3.93994730142746,0,1.41804845593322,0.423791821561338,0.873691622732332,0.0588197175323309,3.36729582998647,1,5.62395877299223,2,0.747645377060946,21.0689209405162,4.16475998036032,2.47260713306086,0,0,0,0,0,0,0
451300,2019,450000,16.6466890439551,29.0726389403767,45.635662601967,2.81221134043302,3.36979748927336,3.82068948546389,0,1.43094200788539,0.425925925925926,0.831491991585916,0.0588197175323311,2.63905732961526,1,5.70557543475608,2,0.752384872822201,21.0561535249054,4.79593519331139,2.96710231902822,0,0,0,0,0,0,0
451300,2020,450000,14.8280796015793,25.7198357964809,40.862443281295,2.69652265360287,3.24726251507536,3.71021138401131,0,1.4488758888627,0.426716141001855,0.873621975073416,0.058819717532331,3.29583686600433,1,5.85338311998783,2,0.758606722425012,21.1300723872395,4.79388085346982,3.07965556964218,0,0,0,0,0,0,0
451400,2011,450000,24.4109232903695,41.8819418896295,63.627024980217,3.19503070795704,3.73485475287459,4.15303830116528,0,0.486605460803269,0.148418491484185,0.810774263480809,0.666801882000561,1.09861228866811,0,5.44251762339389,4,0.731979870796204,21.2971844305601,3.48376599263772,1.63241603174464,0,0,0,0,0,0,0
451400,2012,450000,22.5752821453235,39.2605147109624,59.7376771372744,3.11685559735666,3.67021929907726,4.0899629291608,0,0.500571815802157,0.147106764466178,0.843119806658593,0.848921776243569,1.38629436111989,0,5.68317551321283,4,0.735962986133315,22.0095850232209,3.78217880631104,1.63544633665567,0,0,0,0,0,0,0
451400,2013,450000,25.3309271494221,44.2226580611645,66.372642521758,3.23202606616338,3.78923728355413,4.19528496136837,0,0.519527638144514,0.148478701825558,0.884337843848933,1.08917994826706,2.56494935746154,0,5.59912820753728,4,0.740839608690955,22.1593340642589,4.30227090980913,1.64911216048732,0,0,0,0,0,0,0
451400,2014,450000,23.7204486268098,40.9345019619301,62.9433770621054,3.16633748739122,3.71197327619595,4.14223554545752,0,0.53217004499295,0.149879129734085,0.93719569337922,1.38938497207761,3.49650756146648,0,5.78519630128149,4,0.734735714034601,22.3603878298898,4.23230369470871,1.71191468945023,0,0,0,0,0,0,0
451400,2015,450000,20.4571202254121,35.4782321838046,53.7129974714104,3.01833099917093,3.56891933048991,3.98365501080196,0,0.550596288075126,0.147950160771704,0.96623503797743,1.83617967709615,3.52636052461616,1,6.0167422218676,4,0.749081819707697,22.9983288260386,4.76073822795307,1.68517390488595,0,0,0,0,0,0,0
451400,2016,450000,19.0811944349677,32.6773046899028,50.606866203795,2.94870326547416,3.48668079076132,3.92408726281476,0,0.569027723110834,0.147410358565737,1.02449289251729,1.61073415123254,3.97029191355212,1,6.18692797159012,4,0.74391493499279,22.587152886824,4.49010873739578,1.7711678070617,0,0,0,0,0,0,0
451400,2017,450000,18.656534166693,32.0930836321865,49.2782129174829,2.92619644219241,3.46864054374869,3.89748205471794,0,0.590465299241097,0.148,1.09893153066417,1.50527132009115,3.91202300542815,1,6.30016558990747,4,0.755523377115076,22.4981656684038,4.79190656476633,1.78812790821054,0,0,0,0,0,0,0
451400,2018,450000,16.9178531250812,29.1737944327249,46.9583700377458,2.82836946226719,3.37327085538996,3.84926146532941,0,0.606056735695246,0.150793650793651,1.15915396995399,0.64483263564537,3.58351893845611,1,6.43381887998338,4,0.746101948618889,22.4894711009333,4.2810552452675,1.82495199147293,0,0,0,0,0,0,0
451400,2019,450000,15.7758488096471,27.2024863754059,43.7631037425816,2.75848021424736,3.30330837998474,3.77879108207438,0,0.61798784490991,0.150793650793651,0.961094059325488,0.64483263564537,2.39789527279837,1,6.53436108245336,4,0.7578499997204,22.6885397069562,4.30942118140597,1.85486825050077,0,0,0,0,0,0,0
451400,2020,450000,13.9899789362181,24.0022094436904,39.9651711145094,2.63834128304496,3.17814588626444,3.68800835267796,0,0.641491818545585,0.151093439363817,0.998286855735529,0.64483263564537,3.09104245335832,1,6.62476053187323,4,0.756920129873536,22.752381076271,3.21685617793138,1.92655280544403,0,0,0,0,0,0,0
460100,2011,460000,17.8213515262867,27.0178505165807,43.7575452097304,2.88039726239268,3.29649777779774,3.77866405987047,0,6.54244519262896,1,1.32226704763566,0.356907738793706,4.26267987704132,0,5.51145064754938,4,0.691413268446922,23.0077270333699,4.98898451830264,3.24406850336017,0,0,0,0,0,0,0
460100,2012,460000,15.1884124443611,23.555177930309,39.2664208647297,2.72053279793718,3.15934566594682,3.67036972271815,0,6.73199991301202,1,1.41149747930045,0.32496269170993,4.15888308335967,0,5.74457791727684,4,0.711551025509834,24.1291854102906,5.34757162014664,2.86094916145758,1,0,0,0,0,0,0
460100,2013,460000,16.6581364294011,25.4440832420214,42.7777620988955,2.81289877150249,3.23648323038884,3.75601839043217,0,7.0714507420668,1,1.46371989256856,0.352033475348504,4.04305126783455,1,5.96396224235025,4,0.719198978372983,24.0900559163614,5.85546928718926,2.98477221120742,1,0,0,0,0,0,0
460100,2014,460000,14.7825939053379,22.5083337225152,39.1490145105817,2.6934504011593,3.11388562830114,3.66737524997648,0,7.28658783710314,1,1.59282676145554,0.191331279121488,4.20469261939097,1,6.18892409063151,4,0.685678571462631,24.0850469052677,5.32623592969347,2.7903242412193,1,0,0,0,0,0,0
460100,2015,460000,14.4573966770247,22.0736690244731,37.3416181109125,2.67120616435513,3.0943854513302,3.62010847169294,0,7.50556031133789,1,1.64529640215569,0.232599996495186,4.33073334028633,1,6.39751833236804,4,0.672867351344654,24.9076299730908,4.15531287316684,2.98061351925696,1,0,0,0,0,0,0
460100,2016,460000,13.8511836284246,21.7341227042369,37.2893498898493,2.62837068951788,3.07888350035201,3.61870776013823,0,7.67961535496039,1,1.68739617116871,0.207100832721007,4.68213122712422,1,6.61194318527268,4,0.701760200517518,23.9853738394784,5.35647185304675,3.06583925161895,1,0,0,0,0,0,0
460100,2017,460000,13.8930968170806,20.9271700114188,37.3732256089912,2.63139208490949,3.04104831524803,3.62095455523914,0,7.93520186154281,1,1.71245439784505,0.151831708346551,5.12989871492307,1,6.67759229185036,4,0.715454082403864,24.7742007114591,5.56311830012355,3.25655454347692,1,0,0,0,0,0,0
460100,2018,460000,12.147830562949,18.7315585956536,34.8093202730137,2.49715059935401,2.9302097268569,3.54988517485918,0,8.12147476261177,1,1.72302942321575,0.222938975253664,5.31811999384422,1,6.57918872661944,4,0.699321426451206,24.5336783456409,5.24345194377962,3.17808922253016,1,0,0,0,0,0,0
460100,2019,460000,11.3499508661161,17.4478308293946,32.0733240501885,2.42921341494149,2.8592153331505,3.46802465816817,0,8.2101234240842,1,1.7734781770202,0.198740023311953,5.41610040220442,1,6.3991696246795,4,0.69849490161453,25.7321567083742,4.64214213807647,3.09794037300382,1,0,0,0,0,0,0
460100,2020,460000,9.86203174384153,14.8081855990242,27.9638070796839,2.2886922066004,2.69518010889229,3.33091106974466,0,8.35072763469792,1,1.75530537723049,0.207823191315018,5.79909265446053,1,6.48865442722849,4,0.682755104133061,25.3184185834624,3.75247031666102,3.3552474502679,1,0,0,0,0,0,0
460200,2011,460000,14.0831383916198,23.3984196046476,39.3535136528819,2.64497822302411,3.15266848181992,3.67258526319937,0,1.85065354637458,1,1.40117645274047,0.048648385723002,0,0,5.40608197518032,1,0.768828573822975,24.1049687060049,4.27424062053751,4.07001131351672,0,0,0,0,0,0,0
460200,2012,460000,12.3410423572505,20.8459605735136,36.248068677737,2.51293048470326,3.03716019199392,3.59038610202584,0,1.9142772787342,1,1.51214285486557,0.0292059531147113,1.6094379124341,0,5.57399208693629,1,0.778328567743301,24.9666327980743,5.15621727907041,3.89768215443687,0,0,0,0,0,0,0
460200,2013,460000,14.2804451541543,23.5888762596899,39.5985955834668,2.65889112968567,3.16077525598523,3.67879365256757,0,2.06355015710204,1,1.58499349769372,0.0250558340863841,1.38629436111989,0,5.74814928378222,1,0.773335716128349,24.7081984936921,5.56440827007763,4.02719022840431,0,1,0,0,0,0,0
460200,2014,460000,13.2392273680667,21.8753516690793,37.9728930426426,2.58318419291989,3.08536050841522,3.63687256419456,0,2.18976002203485,1,1.6237150370919,0.00622810764626011,1.38629436111989,1,5.92276885585447,1,0.752564281225204,25.1193769476238,3.14081335966316,3.77262420976059,0,1,0,0,0,0,0
460200,2015,460000,12.3840751486026,20.8978341379545,35.3997665758155,2.51641138503007,3.03964552383789,3.56670522621447,0,2.27550349529637,1,1.70008259077983,0.0346882762720436,1.94591014905531,1,6.03735357081766,1,0.747107145190239,25.4461606101501,3.98892448799833,3.87172614198043,0,1,0,0,0,0,0
460200,2016,460000,12.1225411914271,20.7676233430099,35.961007768153,2.4950666279233,3.0333952039459,3.58243523390909,0,2.37553754743482,1,1.75722644244577,0.0786218366686455,2.07944154167984,1,6.12705352898431,1,0.757885718345642,25.1795719486841,4.6363657251644,3.77901945970117,0,1,0,0,0,0,0
460200,2017,460000,11.8348948129167,19.8421549127029,34.8446728764429,2.47105235512896,2.98780871051015,3.55090026688381,0,2.50712406580646,1,1.80731514469958,0.0933701376870867,2.19722457733622,1,6.18864958321961,1,0.773021426796913,25.2565960288226,5.13368570688805,3.92424090304668,0,1,0,0,0,0,0
460200,2018,460000,10.7001758235958,18.3847779373374,33.1527524831982,2.37026017344461,2.91152303621074,3.50112574435234,0,2.58593448594948,1,1.83952798839687,0.0486483857230017,2.484906649788,1,6.01613677687463,1,0.762150004506111,24.9787850670032,4.01497544580689,3.83549276816156,0,1,0,0,0,0,0
460200,2019,460000,9.91697912473031,16.7645788237418,30.4963704115892,2.29424835120332,2.81926825724901,3.41760767363324,0,2.63059844039319,1,1.91123195650266,0.0486483857230017,2.83321334405622,1,5.9188835361104,1,0.763021430373192,25.8764983698151,3.0693275732012,3.63439199964137,0,1,0,0,0,0,0
460200,2020,460000,8.68963719949789,14.5286887289489,26.7819676030715,2.16213118921106,2.6761252277389,3.28772881041957,0,2.68785508315419,1,1.8758047148109,0.048648385723002,3.40119738166216,1,5.96561298036842,1,0.759778571128845,25.5144038157853,4.91718381595188,3.74074061938203,0,1,0,0,0,0,0
500000,2011,500000,29.0315585218135,59.3121083301942,91.3378752016724,3.36838346318911,4.0828134728532,4.514565544969,0,1.17489291896802,0.531743648267163,1.05909533529495,0.188575661906966,6.38519439899773,0,8.4656570072036,63,0.697779800183563,17.2741778397237,3.17998943246876,1.49934164728645,0,0,0,0,0,0,0
500000,2012,500000,26.6330494181435,55.0949711428709,84.6307166318373,3.2821529039025,4.00905844416922,4.43829728146889,0,1.27406352919198,0.532122988574505,1.12798122745802,0.294347483293871,6.50279004591562,0,8.64225035511001,63,0.725996620363274,16.6973057752305,3.45375048315549,1.51496157177941,1,0,0,0,0,0,0
500000,2013,500000,28.7970628813981,58.7424146048481,91.2844212262501,3.36027339865646,4.07316203157948,4.51398014025124,0,1.45360131496217,0.532098618389709,1.18129043772244,0.336323320698441,6.5410299991899,1,8.79910375516039,63,0.716532821786523,18.1342749107123,3.4103396001318,1.6600104196225,1,0,0,0,0,0,0
500000,2014,500000,27.075239018064,55.3444141862046,84.9434555177804,3.29861962084676,4.01357573601699,4.44198580592461,0,1.50669580792987,0.575936240815359,1.25465729116679,0.411139805325205,6.97728134163075,1,8.95888621201512,63,0.729557649562096,17.3517020500974,4.32451010038766,1.73183606886459,1,0,0,0,0,0,0
500000,2015,500000,20.695336403574,42.8724282804115,67.6004163110285,3.02990838037537,3.75822892188914,4.21361414147712,0,1.61372713005354,0.631432689570086,1.32578161430179,0.29509064475119,7.57250298502038,1,9.11782778107489,64,0.737243468079163,17.9527067465929,3.66477372310725,1.77741307703812,1,0,0,0,0,0,0
500000,2016,500000,19.7895637000438,41.7491274362079,65.4700441617108,2.98515471288554,3.73167855134691,4.18159269698631,0,1.71312826289192,0.721992924528302,1.40105509591843,0.235100511849754,7.33823815006559,1,9.21913364260777,64,0.740714156215466,17.8824800954492,4.04779111580823,1.81877303712323,1,0,0,0,0,0,0
500000,2017,500000,18.6625835590104,39.1414334593492,62.1322514533897,2.92652064023026,3.66718158519482,4.12926520120093,0,1.79764266044948,0.723008849557522,1.42408621734663,0.23628076557358,7.41034709782102,1,9.1944224009677,65,0.735782721464968,17.6062348014433,4.21072104152836,1.79459759994069,1,0,0,0,0,0,0
500000,2018,500000,16.3904230153594,34.8240659428154,56.4125777352847,2.79669720177957,3.55030869785076,4.03269214313196,0,1.86738394524706,0.724148061104583,1.44544943679665,0.256799670981291,7.60837447438078,1,9.22768259394523,65,0.737505394399329,17.5479532989906,3.52766397199259,1.85079372486618,1,0,0,0,0,0,0
500000,2019,500000,14.9938984995932,32.0427242759939,49.5664936145812,2.70764335165641,3.46707014592617,3.90331507349227,0,1.93925674483495,0.725702576112412,1.54745866836873,0.245723991136482,7.78072088611792,1,9.26938496356057,65,0.744453139799741,17.5106960452964,3.6052976319131,1.80216701138572,1,0,0,0,0,0,0
500000,2020,500000,12.9412405638335,27.5077893273442,42.8510019085833,2.56041915494374,3.31446921283237,3.75772902653434,0,2.0224743161208,0.727126335821988,1.58919762952866,0.259924466121614,7.86403565907245,1,9.30273079519731,65,0.741831923990059,17.3213291378024,3.72174543031227,1.76945747073162,1,0,0,0,0,0,0
510100,2011,510000,40.4555753616709,68.5501230228127,107.128926701243,3.70020446742219,4.22756520065022,4.67403303156698,0,7.26943884456283,0.468322874580934,1.54581865723407,0.357323622091729,6.27287700654617,0,8.03839513500328,23,0.660047348056521,15.9157294623265,3.03351838247723,1.49878253256384,0,0,0,0,0,0,0
510100,2012,510000,37.7998432827147,62.6460652742433,98.427130463981,3.63230495665702,4.13750087448937,4.58931648215288,0,7.54050185710687,0.472342964288758,1.65769191094202,0.368839079720567,7.00397413672268,0,8.19044474744119,23,0.668825944093452,15.7852363224085,2.55263073786001,1.45779250462079,1,0,0,0,0,0,0
510100,2013,510000,44.0522119677149,74.9039443985009,119.648198912988,3.78537556605256,4.31620655133284,4.78455576127818,0,8.58195217105324,0.47550505050505,1.72189338649525,0.344042309644286,7.18462915271731,1,8.26773707601192,24,0.670723318197261,17.0465902281387,3.70203510329622,1.64020835631351,1,0,0,0,0,0,0
510100,2014,510000,39.4727000122813,64.3352166789106,99.8921726866136,3.67560929403088,4.16410717461,4.60409133109952,0,8.76191159071268,0.480383249359874,1.77956394211104,0.340855831789525,7.38274644973891,1,8.27566217386524,24,0.671068571295057,16.4097140911808,3.07440573712872,1.60323938247932,1,0,0,0,0,0,0
510100,2015,510000,30.8806145572348,48.9079512467419,82.177624148157,3.4301286264234,3.88993998544539,4.40888305269611,0,8.99065004642453,0.568494768128334,1.8273620329935,0.226442155848923,7.94413749111411,1,8.32384594889923,24,0.672539591789246,17.1127808864582,2.93511506187483,1.65438510048422,1,0,0,0,0,0,0
510100,2016,510000,31.287906674846,50.0065414714801,83.5914856818026,3.44323165467089,3.91215382630032,4.42594166899256,0,9.23278719732699,0.55325232308792,1.80645359156376,0.223763102418332,8.27969713387763,1,8.49412590228569,24,0.68366938829422,16.9715072316721,3.11729788570921,1.61546757683281,1,0,0,0,0,0,0
510100,2017,510000,28.5327326761084,46.0308151402084,76.2214126401283,3.35105194318704,3.82931106656239,4.33364242899383,0,9.46162611185939,0.565853658536585,1.85317871314016,0.286437869193775,8.51998927871824,1,8.57127011768758,24,0.674088977405003,16.8546718824994,3.01936958397531,1.63474840599326,1,0,0,0,0,0,0
510100,2018,510000,25.6637616450308,41.5938321518014,68.6248403316886,3.2450799441188,3.72795189069309,4.2286545731485,0,9.75849448393174,0.576558265582656,1.89258524672777,0.325175578487682,8.43511508038063,1,8.70998004805431,24,0.672555101088115,16.6941602174263,4.2118001697455,1.61892272465258,1,0,0,0,0,0,0
510100,2019,510000,22.5569704567497,35.8957284748834,55.4778883398834,3.11604412934774,3.58061830442854,4.01598453307633,0,10.0069040324422,0.584,1.95613893010107,0.342704299448641,8.06965530688617,1,8.77600702837071,24,0.682946937765394,16.6710763245554,3.76608739803706,1.61193694288304,1,0,0,0,0,0,0
510100,2020,510000,20.613074653323,33.1113073423525,51.2712044390343,3.02592556637269,3.49987483559851,3.93712927760148,0,10.3491986274311,0.602421465968586,1.97087255473897,0.403049445208471,8.17188200612782,1,8.86822486299052,24,0.66295020546232,16.8734877067227,3.66206119197042,1.60225325665254,1,0,0,0,0,0,0
510300,2011,510000,38.4691687423716,77.204376948877,118.171935338116,3.64985710858616,4.34645615165254,4.77214064309248,0,1.49011170634246,0.457963925405075,0.914182763245168,0.0585072766286735,2.99573227355399,0,5.3253893294531,4,0.631912697244574,16.5366600461237,2.29306129717463,1.40928914267284,0,0,0,0,0,0,0
510300,2012,510000,34.698368488918,69.0022005856483,103.444435889314,3.54669266823702,4.23413839663433,4.63903461723819,0,1.55611953124759,0.458143074581431,0.97422514130613,0.0620947813438573,3.17805383034795,0,5.53746607137385,4,0.666301587113628,16.0041680359813,4.11840281342622,1.39598171124516,0,0,0,0,0,0,0
510300,2013,510000,40.8236235188562,80.1639779833974,125.383406883625,3.70926092166487,4.38407426164663,4.83137629794136,0,1.71908858505643,0.45890203215044,1.03696318877341,0.0626990929139332,3.25809653802148,0,5.75104786695714,4,0.666894178699564,17.458709472806,3.76759818629188,1.60042487693727,0,1,0,0,0,0,0
510300,2014,510000,35.1974389770896,66.1294959169265,102.178487142504,3.5609733236245,4.19161487904942,4.62672115798471,0,1.76028422726228,0.458484848484848,1.07482703356205,0.0384326416040148,2.94443897916644,1,5.82218600601429,4,0.666608466042413,16.6176204173484,3.5168574122365,1.65809037241011,0,1,0,0,0,0,0
510300,2015,510000,30.5471099437539,57.462276898931,86.8594891347736,3.41927008028354,4.05112867857412,4.46429174561083,0,1.83259813846805,0.459720271178159,1.12193352484421,0.0267025929414168,3.25809653802148,1,5.88952616566034,5,0.681484128589983,17.6343572592089,3.46673101022748,1.61353381489253,0,1,0,0,0,0,0
510300,2016,510000,29.4953529273158,57.017275752083,83.3169364591921,3.38423272304935,4.04335430528394,4.42265184734416,0,1.90433502216919,0.458715596330275,1.16580967286696,0.0211702754115718,4.04305126783455,1,5.78452406401511,5,0.682288360816461,17.4193609929135,3.94989000949264,1.69765103407049,0,1,0,0,0,0,0
510300,2017,510000,27.4575836948731,52.481682922045,79.8329418859523,3.31264240283644,3.960464211996,4.37993622486335,1,1.95476310444919,0.459876543209877,1.19014248869961,0.0232235249488243,4.17438726989564,1,6.14647504806104,5,0.661314810867663,17.4614826083453,2.61894570532963,1.68563006189717,0,1,0,0,0,0,0
510300,2018,510000,22.731648550853,44.5316035837793,69.3503755644264,3.12375816276869,3.79619912999848,4.23917156223899,1,2.07020982162637,0.458204334365325,1.21239924049435,0.0232165400395377,4.55387689160054,1,6.13969155395681,5,0.674925924451263,16.901744265344,3.70050528048468,2.09774773618487,0,1,0,0,0,0,0
510300,2019,510000,20.7849017480311,40.0694634613334,58.2759019414521,3.03422684563214,3.6906145345243,4.06518866213284,1,2.15321934979304,0.459375,1.22053810017125,0.0216849754681413,3.97029191355212,1,6.29411273978526,5,0.679761902049736,16.8381077207729,3.33816837475158,2.07948158545955,0,1,0,0,0,0,0
510300,2020,510000,18.7250967693826,36.7936983274998,53.4123562371966,2.92986469731423,3.6053265894109,3.97804210940924,1,2.29240662716089,0.459968602825746,1.23508693097189,0.0217660991001732,4.21950770517611,1,6.41759201606176,5,0.667021161980099,16.9257314551821,3.86568951091956,2.02944338998833,0,1,0,0,0,0,0
510400,2011,510000,17.5841693484614,29.4218877821906,52.4627754840048,2.86699902844186,3.38173887974253,3.96010387971106,0,0.370883887629918,0.618621307072516,1.53074494554222,0.02660592245012,3.49650756146648,0,5.44769233167488,3,0.664287268467571,16.9257971452946,2.17906032547476,1.90056236116175,0,0,0,0,0,0,0
510400,2012,510000,16.6725214369866,28.2860849316018,53.9405079000773,2.81376194129267,3.34236998519586,3.98788173368648,0,0.373632797462148,0.615728328865058,1.61922080025614,0.0224699951485027,3.25809653802148,0,5.62372016109531,3,0.640481369326944,17.7970158753089,2.41850442805109,2.09032493576971,0,0,0,0,0,0,0
510400,2013,510000,18.9757327540491,32.6278457241326,60.1647755802857,2.94316093935027,3.48516608709972,4.09708705781229,0,0.382548509440134,0.613392857142857,1.66496113807785,0.0144774446122211,3.85014760171006,0,5.7512936404638,3,0.662919253758762,17.2684519745907,2.68024138241571,2.01968586101767,0,1,0,0,0,0,0
510400,2014,510000,17.9327468230018,30.4586061394381,56.5453670673643,2.88662847292773,3.4163685860601,4.03504327289943,0,0.386343464606752,0.611260053619303,1.72569475274021,0.0212538739329254,3.85014760171006,1,5.84551219717005,3,0.655523296931516,17.8558372358582,2.89687236511607,2.30953328365989,0,1,0,0,0,0,0
510400,2015,510000,15.4729580418495,25.6768595405363,46.544761346092,2.7390938578028,3.24559017930829,3.84041445917518,0,0.388338248732795,0.612145309958431,1.78499510544768,0.0172759949974077,4.26267987704132,1,5.8937196554369,4,0.664184781844201,17.4836883183875,2.9693409449754,2.16641594578631,0,1,0,0,0,0,0
510400,2016,510000,15.1115495825484,25.0007046038665,44.5210993860813,2.71545932447104,3.2189040086257,3.79596322030913,0,0.394346927746608,0.603603603603604,1.84804652679499,0.0137468942863464,4.65396035015752,1,5.96105218060713,4,0.668139747951342,17.1580209372919,3.13587016620362,2.09600899654975,0,1,0,0,0,0,0
510400,2017,510000,14.8396904044084,24.5228454753716,44.9521979635532,2.69730537528498,3.19960515145462,3.80559965768775,0,0.399309561426032,0.605504587155963,1.89210394175612,0.0239103787425407,4.49980967033027,1,6.03611417399438,4,0.674093170334464,17.2392488722984,3.29495852246723,2.06182960445736,0,1,0,0,0,0,0
510400,2018,510000,14.4872537719027,24.0634651791212,43.5874514840351,2.67326921262171,3.18069472258367,3.77476929893055,0,0.402435534111356,0.601851851851852,1.93035684705186,0.0263229136526975,4.49980967033027,1,6.02151833906292,4,0.682156828110633,17.1047782384575,3.2257467209841,2.05417728097697,0,1,0,0,0,0,0
510400,2019,510000,12.8273663935864,21.2923665707547,36.9025077505511,2.55158088815599,3.05834863152314,3.6082795094568,0,0.403445089492219,0.601851851851852,1.7928485391831,0.0314447797699462,4.44265125649032,1,6.12740443194525,4,0.654698757697707,18.271676165453,2.46840859410478,2.13865703490901,0,1,0,0,0,0,0
510400,2020,510000,12.4336199101594,20.4130285296641,34.8333809223978,2.52040408679052,3.01617335041277,3.55057614892906,0,0.415584080698262,0.597222222222222,1.81399619918925,0.0291776504894323,4.26267987704132,1,6.23492668524503,4,0.667874224483967,17.8573396647745,2.65635604054999,2.05030540931775,0,1,0,0,0,0,0
510500,2011,510000,28.1199633493845,62.9991492742521,95.9514985568341,3.33647976357691,4.14312122271706,4.5638428404332,0,0.791458206869603,0.292644135188867,0.752420007531356,0.0108964546441114,2.484906649788,0,5.76545119984385,6,0.681116016525211,16.9571844290895,2.10096431295979,1.55963054240399,0,0,0,0,0,0,0
510500,2012,510000,25.5224090945188,57.8664342924162,87.489400198481,3.2395568542766,4.05813749786603,4.47151764543667,0,0.874964727469496,0.294338875692795,0.810415387805424,0.0113927248279757,2.77258872223978,0,6.01232797083382,7,0.718919480930675,16.331062515503,3.88660767767595,1.46079486488627,0,0,0,0,0,0,0
510500,2013,510000,29.7781905843202,64.9973950807104,98.5076341579953,3.39377626598482,4.17434719341121,4.59013404931684,0,0.929149807696665,0.294059795436664,0.852031194170802,0.0123069694310823,2.77258872223978,0,6.23683867606562,7,0.715842425823212,17.8360251137892,3.33014921063636,1.67195667565522,0,1,0,0,0,0,0
510500,2014,510000,26.3690060353899,57.7121202350315,86.7364019442331,3.27218930664721,4.05546720752177,4.46287365661803,0,0.965849422854599,0.294556887404205,0.903560824019274,0.0134428498919,3.04452243772342,1,6.54847124630484,7,0.724700431029002,17.0173006651057,3.63494550388963,1.71913519899339,0,1,0,0,0,0,0
510500,2015,510000,20.7795820712357,46.4731474576648,72.3144990480752,3.03397087340125,3.83887467176225,4.28102464914327,0,1.04692107221431,0.296788482834994,0.950756959074708,0.0144219195627349,3.25809653802148,1,6.74928723436473,8,0.738731601743987,17.8190911666161,3.54602228595037,1.70125278674829,0,1,0,0,0,0,0
510500,2016,510000,20.3453322433348,46.5063261415113,70.1313161165501,3.01285151178651,3.83958834939389,4.25036942918507,0,1.12084994219571,0.297244094488189,0.995638130784836,0.0140470592467452,3.93182563272433,1,6.90535296684,8,0.741262338016972,17.5707215144145,4.02283751808865,1.73468392400851,0,1,0,0,0,0,0
510500,2017,510000,19.0266850260686,43.6598725773739,68.6723129643739,2.94584246887008,3.77642943259656,4.22934610437748,0,1.17895582716916,0.298039215686275,1.01086027139132,0.0875279675223663,3.71357206670431,1,7.04409305332827,8,0.729233766324592,17.602536204376,2.87147126737935,1.7247084813752,0,1,0,0,0,0,0
510500,2018,510000,15.9888929196712,37.3218612722373,58.5744631631259,2.77189428865603,3.61957924805377,4.07029881940309,0,1.26839872568697,0.298039215686275,1.03037740033623,0.107860670121703,4.29045944114839,1,7.04409367007852,8,0.730952381365227,17.2836659449983,3.58464828915335,1.89614107701267,0,1,0,0,0,0,0
510500,2019,510000,14.4480224956677,34.0686857561798,49.4678931518182,2.67055755368253,3.52837865611757,3.90132383593202,0,1.35944525541432,0.298624754420432,1.15962588565158,0.0405041833282767,3.93182563272433,1,7.11656918611792,8,0.740436362858975,17.2585494030861,3.07667301387071,1.85916637144706,0,1,0,0,0,0,0
510500,2020,510000,12.7210257536568,29.8268201388358,43.3823824770946,2.54325619567142,3.39540799340892,3.77005342498547,0,1.43056409272578,0.300196850393701,1.18234067145081,0.0416237197735266,3.98898404656427,1,7.21421585612114,8,0.737220778971007,17.1229683479048,3.58411175442791,1.78475200406034,0,1,0,0,0,0,0
510600,2011,510000,40.0685311372215,66.1036837661585,103.281183936789,3.69059126655717,4.19122447550384,4.63745520984206,0,3.93265413614506,0.17336747759283,1.03850584335022,0.165179456656556,3.40119738166216,0,5.89619239507905,5,0.649408424894015,16.4495648610953,2.69095596551931,1.52399368610428,0,0,0,0,0,0,0
510600,2012,510000,37.0287676218393,60.2547475660167,94.9523663449927,3.61169511383807,4.09858136704259,4.55337535895926,0,4.05373977058806,0.174457215836526,1.09931840319902,0.152033878321117,3.85014760171006,0,6.04586023380138,7,0.652580584088961,16.3606040411226,2.25414058607272,1.44763876848614,0,0,0,0,0,0,0
510600,2013,510000,43.221149411395,72.2026871951847,114.406606426755,3.76632994515813,4.27947726397605,4.73975882576394,0,4.4519735815378,0.175510204081633,1.14236462733735,0.150528737985798,4.02535169073515,0,6.15197980041646,7,0.658109888816491,17.5777198597517,3.12515529217105,1.64824388515006,0,1,0,0,0,0,0
510600,2014,510000,38.5429567855759,61.2942240263965,93.9627717591623,3.65177337995974,4.115685613811,4.54289865870813,0,4.54224296011627,0.17656050955414,1.19107292273478,0.157419395867813,3.85014760171006,1,6.24755833398102,7,0.654250914087662,17.1239239936836,2.63713194460474,1.71254801862411,0,1,0,0,0,0,0
510600,2015,510000,30.6439532386289,47.1527710128477,78.9163021003877,3.42243535869821,3.8533927775084,4.36838782375135,0,4.63031770919696,0.177414805507834,1.23588634190627,0.120605544173393,4.59511985013459,1,6.33961578171074,9,0.653793039994362,17.7304891019512,2.47367527610508,1.74738787965604,0,1,0,0,0,0,0
510600,2016,510000,30.612044445244,47.2865041397712,79.750846036705,3.42139354083621,3.85622493004447,4.3789073502194,0,4.73817460472284,0.178571428571429,1.2851325640055,0.0667869939597508,5.4380793089232,1,6.46603847325768,9,0.662631868551939,17.5095414471526,2.26672803904413,1.73809834751292,0,1,0,0,0,0,0
510600,2017,510000,28.3433112721185,44.732010898719,74.4009642336818,3.34439106837289,3.80068937281071,4.3094689018852,0,4.81844622670035,0.242268041237113,1.35287187121392,0.052341514166946,5.03695260241363,1,6.60121236053731,9,0.661208790082198,17.367776203031,2.91527154649233,1.736586986102,0,1,0,0,0,0,0
510600,2018,510000,25.6457942978756,40.4630581407933,68.942349353352,3.24437959317795,3.70038941318363,4.23327063874062,0,4.87806699472314,0.242894056847545,1.41145924482487,0.0572335517441611,5.30330490805908,1,6.65939479862535,9,0.662190477053324,17.2126112995031,3.74327504171592,1.75606968504146,0,1,0,0,0,0,0
510600,2019,510000,22.747567944269,34.9561493445086,54.4092406504865,3.12445823613375,3.55409440011309,3.99653400433514,1,4.9481579743082,0.244791666666667,1.4485008301339,0.0604226398344876,4.72738781871234,1,6.74645199791613,9,0.675326008063096,17.1441201764238,3.01304579828518,1.72588354121749,0,1,0,0,0,0,0
510600,2020,510000,21.0102368424067,32.692551329007,51.3051021079761,3.04500978763519,3.4871472638518,3.9377902035271,1,5.11356293222009,0.245751633986928,1.46975825060511,0.0483183170011136,4.77912349311153,1,6.78555895155835,9,0.657483516595302,17.377433875491,3.16620716442356,1.75107544588902,0,1,0,0,0,0,0
510700,2011,510000,31.7180725845326,53.2263301718697,85.2510172527916,3.45688663150725,3.97455320195377,4.4456000486765,0,1.36480041152172,0.226352594773647,0.863334222034375,0.100599491948699,4.11087386417331,0,6.12587952740134,7,0.713062691817181,15.1185857207866,2.54293139531304,1.51644922032268,0,0,0,0,0,0,0
510700,2012,510000,29.5054770746699,49.3034004975879,80.1637674841749,3.38457590966056,3.89799305428024,4.38407163578519,0,1.39480276142446,0.227539420608728,0.920880467053489,0.103757978694876,4.36944785246702,0,6.26690570394875,9,0.718168642869495,15.049146095554,2.27487871387987,1.46079655799783,0,0,0,0,0,0,0
510700,2013,510000,34.3866712804357,57.7998763090038,94.9355912813467,3.53766902651822,4.05698663569341,4.55319867515161,0,1.51160936354061,0.229082937522835,0.952853140664321,0.11963987977629,4.36944785246702,0,6.32330988793607,10,0.723743063726013,16.0684371861186,2.7710944732704,1.78156710465996,0,1,0,0,0,0,0
510700,2014,510000,31.6175933322471,51.8931513905314,83.1348174952488,3.453713716685,3.94918682367142,4.42046359720815,0,1.55679945912258,0.231231778425656,0.996090269324399,0.113458780172544,4.81218435537242,1,6.41881995708316,12,0.71862178922986,15.7533432958122,2.43661852403646,1.87129671915898,0,1,0,0,0,0,0
510700,2015,510000,23.6843446476181,38.3085773548559,64.7866768228782,3.16481426648132,3.64567382293705,4.1710999776335,0,1.59000460652011,0.234894038278214,1.04700223909907,0.0962178998992889,5.36129216570943,1,6.49357828379654,12,0.726948099063455,16.216189581794,2.38662153762143,1.86976840936377,0,1,0,0,0,0,0
510700,2016,510000,24.3969950425782,39.3479064068071,66.2527594026235,3.19445997072238,3.67244276904666,4.19347711535929,0,1.63130781193848,0.321100917431193,1.08676622560916,0.064217730895086,5.68357976733868,1,6.5785547858799,12,0.732123845236765,16.051117176633,1.96096133222895,1.91492149263572,0,1,0,0,0,0,0
510700,2017,510000,22.7587193483405,37.1297595217548,62.847702229183,3.12494834002744,3.6144187915118,4.14071437476862,0,1.65215486969589,0.322160148975791,1.15068139212114,0.0555290602755274,5.9427993751267,1,6.69234691078778,12,0.733713771049067,15.9029986893798,2.8205052384438,1.88566848781093,0,1,0,0,0,0,0
510700,2018,510000,21.4204037311953,34.9449809228997,60.9341831665294,3.06434391317042,3.55377485101106,4.10979431718897,0,1.67223343374096,0.324626865671642,1.20316631898393,0.112361101470572,6.10255859461357,1,6.81836585338532,12,0.73034265032713,15.7614830838798,3.33639175350116,1.9350563483457,0,1,0,0,0,0,0
510700,2019,510000,18.1789130035239,29.4851136309689,47.0405479221864,2.90026229617653,3.38388551330188,3.8510099515282,0,1.69540818343634,0.329566854990584,1.35568320014646,0.0732673416520468,5.84354441703136,1,6.90993827031618,12,0.746384893497117,15.6752439247716,2.88390418876003,1.88332821935196,0,1,0,0,0,0,0
510700,2020,510000,16.5657583850092,26.8755982606414,43.5682249681016,2.80733781707691,3.29121874706113,3.77432809952672,0,1.74854086143259,0.331758034026465,1.39406843347066,0.071532069651433,5.84354441703136,1,6.94521110338353,12,0.731352003143846,15.823107749511,2.93977704446744,1.88759468461663,0,1,0,0,0,0,0
510800,2011,510000,30.6858858573374,52.2830039014169,84.6590214607897,3.42380280481778,3.95667134505138,4.43863167656614,0,0.943315835411987,0.298104722132991,0.594532109199747,0.0475687418103132,1.94591014905531,0,5.74780691680059,3,0.728952381694526,16.4138956221728,3.32888306141576,1.27697169011283,0,0,0,0,0,0,0
510800,2012,510000,28.9078755270724,49.3403636628903,81.8673285743458,3.36411406758167,3.8987424816231,4.40509999276371,0,0.950342581446688,0.300288739172281,0.652626698182786,0.0455843749841403,1.79175946922805,0,5.59658659629721,5,0.74090726804315,16.4118259694797,2.73315595996081,1.23808183323051,0,0,0,0,0,0,0
510800,2013,510000,33.4557865965415,57.1842444973762,96.4172390643115,3.51022476403554,4.04627841459351,4.56868501409656,0,0.920967032482154,0.301418439716312,0.694256946110439,0.0418253998113651,2.07944154167984,0,5.68484246252944,6,0.745931703531951,17.5007972994138,3.29641715138989,1.46686219450729,0,0,0,0,0,0,0
510800,2014,510000,31.1611003401336,52.9263477394895,86.8659214075579,3.43917053296359,3.96890128177917,4.46436579664076,0,0.934413819634902,0.302805546597872,0.733839882078225,0.0456803655611476,1.79175946922805,0,5.7400790346762,7,0.749786966463976,16.9975308473356,2.46842091839247,1.57326144099397,0,0,0,0,0,0,0
510800,2015,510000,20.5656610574947,34.2920206209207,59.7280513050309,3.02362274595033,3.5349126921496,4.08980178114974,1,0.956597157587465,0.304870459532934,0.777638323226458,0.00715189679124948,2.77258872223978,1,5.78447633544038,8,0.75217168163835,17.4777187849939,2.81847570451364,1.5360043217627,0,0,0,0,0,0,0
510800,2016,510000,22.1535583562135,36.7474302244668,65.8183929023341,3.09799813172466,3.60406829734907,4.18689932666187,1,0.979602304927133,0.304918032786885,0.817955050889838,0.0022772092620125,2.484906649788,1,5.83260222002163,8,0.758626566121453,17.4602418393103,2.0278183816486,1.64021036319984,0,0,0,0,0,0,0
510800,2017,510000,20.4571070885029,34.0916256734209,61.2570706224884,3.01833035700267,3.52905177270481,4.1150792814968,1,0.9954373032518,0.306930693069307,0.856044631353747,0.00233204004866941,3.36729582998647,1,5.9948185316473,8,0.76768170375573,17.1950006133874,2.84920525604038,1.60020456619612,0,0,0,0,0,0,0
510800,2018,510000,19.8409310778017,33.1091964234102,60.0665564739231,2.98774703008026,3.49981108135857,4.09545322199706,1,1.00904955538182,0.305647840531561,0.893842524211261,0.00628716015357492,3.63758615972639,1,6.13437320288039,8,0.75917731931335,17.1525323337188,2.84495881287169,1.64097360527718,0,0,0,0,0,0,0
510800,2019,510000,17.8133991024621,29.7139546865743,47.556169372748,2.8799509326827,3.39161679022828,3.86191152553315,1,1.02263974551487,0.307692307692308,0.988287317103271,0.00674264243962711,3.04452243772342,1,6.25349262023093,8,0.77008897379825,16.9022240636352,3.57831283035456,1.56969790446743,0,0,0,0,0,0,0
510800,2020,510000,15.6429490974229,25.9555271518073,42.8425113939539,2.75002027855803,3.25638457929476,3.75753086650262,1,1.04635087675755,0.30976430976431,1.03249017215612,0.00262934294164422,3.8286413964891,1,6.34842456329761,8,0.763258144520877,17.0899108340796,2.69887762061741,1.56189895678891,0,0,0,0,0,0,0
510900,2011,510000,38.5210722466501,70.5162059752991,110.326675794997,3.65120542264454,4.25584255539176,4.7034457446618,0,1.77484662794346,0.396655343611184,0.687025001984207,0.0425144260818788,2.07944154167984,0,5.76957404432875,4,0.654313110733685,17.4938251420171,2.9347401910774,1.4737513327287,0,0,0,0,0,0,0
510900,2012,510000,35.3102629754571,63.7885692936815,99.780627802079,3.56417365753242,4.155574009623,4.60297405427599,0,1.86849257395926,0.398830098378091,0.747125522485436,0.0426890414890482,2.89037175789616,0,5.95273024553464,6,0.649604695708784,17.3732617755025,3.00120684379793,1.30366219426689,0,0,0,0,0,0,0
510900,2013,510000,40.8460109568928,74.648747036669,118.762895346272,3.70980916554379,4.3127937393389,4.77712902940868,0,2.12657221879734,0.399578281497101,0.771756394719507,0.0467364416493224,3.04452243772342,0,6.14920047855766,6,0.661530332206047,18.6485854652862,3.14887186363863,1.49966575639369,0,0,0,0,0,0,0
510900,2014,510000,36.9633284437276,64.6650644801423,101.414583608803,3.60992629801441,4.16922109400801,4.61921690338763,0,2.1780665077124,0.400368033648791,0.816426817326147,0.0477911354855407,2.94443897916644,0,6.2691838181885,6,0.658780825464693,17.9275146230531,2.94935198228693,1.54524655884053,0,0,0,0,0,0,0
510900,2015,510000,29.0481233627385,50.248689676316,84.0599336406461,3.36895388096127,3.91698447050598,4.43153004014823,0,2.35721527400351,0.401557755775578,0.889684002030474,0.0428928506786681,3.2188758248682,1,6.37205990119476,6,0.662090019820488,18.6773043032324,3.12476387177263,1.58666417892132,0,0,0,0,0,0,0
510900,2016,510000,27.559913606829,48.0130926368597,78.0664041314434,3.3163623114101,3.87147373698266,4.35755979952798,0,2.4873532357859,0.402116402116402,0.940251985108434,0.0270331412730831,3.58351893845611,1,6.46762036367346,6,0.662861055707278,18.1194341543431,2.62053120454338,1.88354599973295,0,0,0,0,0,0,0
510900,2017,510000,23.8765519654339,42.1751563988459,71.4463700857775,3.17289688804195,3.74183133675582,4.26894709952728,1,2.58486801125103,0.402702702702703,0.989957245400504,0.021114256642413,3.36729582998647,1,6.55933846365065,6,0.669747553459585,17.9467733042912,3.10069203915908,1.88319528740844,0,0,0,0,0,0,0
510900,2018,510000,21.8199400021162,38.6670447254019,66.4500863665883,3.08282423072728,3.65498767977154,4.19645108488133,1,2.67082698172341,0.402739726027397,1.03478067863541,0.0206751471725149,3.78418963391826,1,6.65771817735414,6,0.659724069784765,17.863536350893,3.18201556201512,1.93445806279452,0,0,0,0,0,0,0
510900,2019,510000,19.5119037935811,34.1422380657156,53.7179030537313,2.97102473027319,3.53053527074532,3.98374633615249,1,2.75707315787544,0.403314917127072,1.09546236721065,0.0269447545506132,2.99573227355399,1,6.77771934844765,6,0.68321722174344,17.7202362017826,3.43490960064113,1.84764627692071,0,0,0,0,0,0,0
510900,2020,510000,17.6873046549013,31.1255804848792,50.1613099336219,2.8728471310966,3.43803000472756,3.91524401108778,1,2.86293379250201,0.404166666666667,1.12368303447414,0.026338157945449,3.40119738166216,1,6.84976595755015,6,0.678692760532849,17.9584768297535,3.0681119104041,1.85253501296464,0,0,0,0,0,0,0
511000,2011,510000,39.4899042727067,74.4017832642054,114.393858240548,3.67604505120615,4.30947991015671,4.73964739079602,0,1.27976317844801,0.333255104435578,0.813919793516503,0.0194248242653046,2.56494935746154,0,5.48003121975825,5,0.638982624621005,17.0578049640524,2.35834700782586,1.47810483625236,0,0,0,0,0,0,0
511000,2012,510000,36.429436565065,67.0366384149395,101.479789934958,3.59537714466603,4.20523931194138,4.61985966471473,0,1.34850401746071,0.333333333333333,0.877098572729832,0.0202299248634457,2.30258509299405,0,5.6227711855968,5,0.661418917211326,16.5944249498515,3.81073003492233,1.42524559892347,0,0,0,0,0,0,0
511000,2013,510000,42.2300304697457,78.5575553735451,123.052340220768,3.74313159046455,4.36383154560818,4.81260979511024,0,1.46523973701948,0.334582942830366,0.916910347313315,0.0210315916629215,2.484906649788,0,5.82852268439274,6,0.65595367067569,18.0124338769888,3.59049467964943,1.60456515915084,0,0,0,0,0,0,0
511000,2014,510000,37.1090208013232,65.5306621189019,101.842503372793,3.61386008834128,4.18251815705807,4.62342753537666,0,1.51019209988552,0.335680751173709,0.959640797491832,0.016726494644272,2.56494935746154,0,5.84481353926856,6,0.657847492276011,17.1788527307173,3.443642393876,1.64558663596606,0,0,0,0,0,0,0
511000,2015,510000,30.5205275401771,53.3639020615358,83.6876407133355,3.41839949133165,3.97713452602396,4.42709130486399,0,1.58876261140295,0.336512618033918,0.989962186373257,0.0073290954701937,2.07944154167984,1,6.1354944081799,6,0.6669343701891,18.2770119539035,3.59519970927109,1.66120160330063,0,0,0,0,0,0,0
511000,2016,510000,29.3966039779369,52.0473281758402,80.4400163535817,3.3808791567182,3.95215346186718,4.38751176820604,1,1.66895468454107,0.335714285714286,1.03225377980873,0.00677570521077062,2.89037175789616,1,6.2420495397787,6,0.672054053963842,18.0174730332682,3.27399125370823,1.65512384076346,0,0,0,0,0,0,0
511000,2017,510000,26.0563478324709,46.8264298442568,75.5541403698938,3.26026141730419,3.84644778377973,4.32484949026005,1,1.7264783292499,0.337349397590361,1.0409904902972,0.00708647904860906,4.14313472639153,1,6.17949585697086,7,0.656795369612204,18.0410181901373,2.26519733764175,1.66463607008396,0,0,0,0,0,0,0
511000,2018,510000,22.5676321482428,41.1652012119137,66.1758365624024,3.1165166738612,3.71759326867513,4.1923153897016,1,1.79881335123626,0.339805825242718,1.05013381082525,0.0100868886460573,4.31748811353631,1,6.11154001289399,7,0.663864868718225,17.8416174892601,3.24930401813308,1.791075310826,0,0,0,0,0,0,0
511000,2019,510000,20.8253158917672,36.9803459908047,55.1884194624008,3.03616935681023,3.61038658207542,4.01075313892574,1,1.85632027881498,0.340686274509804,1.05789261853997,0.00989784037954305,3.58351893845611,1,6.2445858890013,7,0.668283786322619,17.7413118374663,2.99042109221147,1.71979866969011,0,0,0,0,0,0,0
511000,2020,510000,18.7878994040782,33.8767453691387,50.624796616739,2.93321301388589,3.52272880168477,3.9244415079715,1,1.94339980955845,0.341553637484587,1.07362584692807,0.0135112410071748,3.46573590279973,1,6.32493445216665,7,0.658934362836786,17.9822375462754,3.22911450839405,1.70275869654199,0,0,0,0,0,0,0
511100,2011,510000,30.7017062018648,57.6932190854171,88.2663675271685,3.4243182296568,4.0551396464246,4.48035914634635,0,1.40346202275538,0.325902934537246,0.964331630215472,0.056205433570504,2.89037175789616,0,5.73159000214022,6,0.727842364674327,9.53469170808237,3.26885152335809,1.97473315552885,0,0,0,0,0,0,0
511100,2012,510000,27.8938926469985,51.4400106836567,79.4391419929376,3.32840776332361,3.94041628762096,4.37499121898546,0,1.43971667680177,0.326105322444382,1.02579243756952,0.0575016872193589,3.13549421592915,0,5.91973774584337,7,0.745460591096988,9.28567149122049,4.74678728362854,2.11180241389056,0,0,0,0,0,0,0
511100,2013,510000,32.9242777184592,60.6422525970399,93.3071164387734,3.49421031021208,4.10499188769299,4.53589637974381,0,1.54256771114733,0.326123595505618,1.06827280317336,0.061135879329587,3.43398720448515,0,6.10577334623804,7,0.754968802476751,10.5443686778932,4.30484964768351,2.38076693176122,0,0,0,0,0,0,0
511100,2014,510000,29.5667078134069,53.0803290305782,80.983919487593,3.38664899230622,3.97180640821228,4.39425061011924,0,1.5709384614689,0.326960922125387,1.10321931849946,0.0564899492660564,3.63758615972639,0,6.20207834049472,7,0.757500819433695,9.94906259016446,4.65294519376159,2.24203907744261,0,0,0,0,0,0,0
511100,2015,510000,23.3095601463259,40.796077669092,65.743730835051,3.14886358312814,3.70858594122733,4.18576431799558,0,1.60383751133135,0.328075977274654,1.1574461032536,0.0422221002760549,4.0943445622221,1,6.33404704121842,7,0.770009030898412,10.5220106328168,4.46342367530105,2.32604219621235,0,0,0,0,0,0,0
511100,2016,510000,23.8429016053021,42.4485874411493,66.9009840059322,3.17148654642269,3.74829363637683,4.20321367563486,0,1.64597683545191,0.329577464788732,1.19929729935003,0.0418938240184537,4.07753744390572,1,6.43390110461929,7,0.770264368290189,10.488028655453,4.69420131604353,2.4394217923412,0,0,0,0,0,0,0
511100,2017,510000,23.0580088158881,41.2639139576957,64.5689258290398,3.13801316314602,3.71998836397046,4.16773327074098,0,1.68180055927678,0.329545454545455,1.22637112124855,0.0460605867626811,4.30406509320417,1,6.57210617467887,7,0.762453202201032,10.2550611611895,3.81507072676718,2.37145554962195,0,0,0,0,0,0,0
511100,2018,510000,20.5389785831667,36.6659363234795,57.0268203845026,3.02232447508314,3.60184815847537,4.04352169023003,0,1.70658964365886,0.33048433048433,1.25135425078814,0.0458694431422335,4.56434819146784,1,6.71417736203959,7,0.767162560731515,9.84836778085223,5.60689931895669,2.56160129187759,0,0,0,0,0,0,0
511100,2019,510000,17.5187300032345,31.2735629721536,45.7502931481138,2.86327059448098,3.44277310716475,3.82319819931005,1,1.73003648636735,0.331428571428571,1.34797061917337,0.0316673249102478,3.95124371858143,1,6.82272339663096,7,0.766697045715376,10.2419417565878,4.87222004359571,2.72064004295051,0,0,0,0,0,0,0
511100,2020,510000,15.7384830651308,28.1148234556985,41.3255854748212,2.75610886382974,3.33629696236107,3.72148181117651,1,1.7748179072559,0.332855093256815,1.40163945230877,0.024649864536759,4.20469261939097,1,6.94971660719853,7,0.763224139809608,10.0607004970349,4.54131193257833,2.46581726128834,0,0,0,0,0,0,0
511300,2011,510000,37.4584432647406,66.7136395730912,103.246278683195,3.62323213888441,4.20040942336676,4.63711718938237,0,1.19304459214003,0.25707484792383,0.616787637344142,0.0205835550993802,2.30258509299405,0,6.1027850731766,7,0.665009464844164,17.5307144199642,3.42038912395981,1.24988292171172,0,0,0,0,0,0,0
511300,2012,510000,34.4661086598757,61.0823916117762,95.3323882248322,3.53997648352301,4.11222363498297,4.55736960837707,0,1.26789471342535,0.257503949447077,0.668556921411588,0.0223468589916844,1.79175946922805,0,6.26105466000484,7,0.671712565134807,17.4448132270911,3.22158339292914,1.08834947601222,0,0,0,0,0,0,0
511300,2013,510000,39.1880470041204,69.6047863217983,109.690187847055,3.66837177693356,4.24283333396725,4.69765991794849,0,1.4588923206011,0.259156785243742,0.717362047911661,0.0313623025576427,2.484906649788,0,6.48344991170603,7,0.680577453001436,18.66793864233,3.50951376265757,1.32644099310568,0,1,0,0,0,0,0
511300,2014,510000,35.6855488126142,62.2135576811109,96.5130945553815,3.57474581166905,4.130572945143,4.56967869401364,0,1.50569888488462,0.259683794466403,0.75102871289515,0.0120498842716044,2.07944154167984,1,6.58480429800685,7,0.680858005242175,17.9005342521654,3.0207484813254,1.44745885587526,0,1,0,0,0,0,0
511300,2015,510000,27.8400361846992,48.1374326093332,78.3273674537074,3.32647513520313,3.87406009917813,4.36089706241028,0,1.61221248233216,0.261985909231743,0.793723317475012,0.00453774055238652,2.77258872223978,1,6.68858875894088,7,0.67869879502848,18.5992770195196,3.23336857454804,1.46713953860687,0,1,0,0,0,0,0
511300,2016,510000,27.3650016008629,47.6006680194547,76.7107265812938,3.30926488309626,3.86284679516106,4.34004154972004,0,1.7036839455792,0.263157894736842,0.834506147890869,0.00647387806590086,2.89037175789616,1,6.79441806474631,9,0.68033907320126,18.1780921199795,2.63097229017061,1.7844741310457,0,1,0,0,0,0,0
511300,2017,510000,24.1922210473274,42.3644079574198,68.6977555759755,3.18603113716303,3.74630857474857,4.22971652876705,1,1.7842019084185,0.264665757162347,0.875530615118932,0.0107421341135647,3.2188758248682,1,6.92898992244716,9,0.687049052442413,17.9348474937238,3.37229979815645,1.76888412061367,0,1,0,0,0,0,0
511300,2018,510000,22.6268129735998,39.4881283426918,66.1052744214554,3.11913561780546,3.6760000784471,4.19124853824995,1,1.8480696853187,0.266483516483516,0.913954720865252,0.00504301704258478,3.49650756146648,1,6.99443706455131,9,0.679939757628613,17.8734537663038,3.00405015176223,1.8162824856372,0,1,0,0,0,0,0
511300,2019,510000,20.3841243754451,35.6354308100807,55.1032638549805,3.01475638099227,3.57334039040175,4.00920894952215,1,1.95667447112585,0.267955801104972,0.99951850961737,0.0274898384910598,3.3322045101752,1,7.08781086629313,9,0.69368674668921,17.6869485353895,3.90882823683503,1.72270250069336,0,1,0,0,0,0,0
511300,2020,510000,18.0843196829008,31.401155974675,49.2591105326167,2.89504524694149,3.44684470671667,3.89709433594424,1,2.03487049378654,0.269631688672689,1.02163674843295,0.0146276722081741,4.02535169073515,1,7.20334641958103,9,0.695422549563718,17.8721547313969,2.98783286017415,1.7322389793926,0,1,0,0,0,0,0
511400,2011,510000,37.9430750592644,68.1130715161461,105.139225950067,3.63608701180928,4.22116914064144,4.6552854332762,0,1.69948605553913,0.245724059293044,0.789641641378425,0.0130287184958289,2.77258872223978,0,5.62200017493774,4,0.684310750862987,12.9672659858634,3.38241533708943,1.70641240519709,0,0,0,0,0,0,0
511400,2012,510000,35.0485011539891,61.1141315454346,94.348236952388,3.55673284948461,4.11274312495784,4.54699258539077,0,1.76119091887575,0.246860730593607,0.856356821194434,0.0158440355845053,2.30258509299405,0,5.88796151510186,6,0.700217967795343,12.7442680156562,4.0183224229179,1.74099378833895,0,0,0,0,0,0,0
511400,2013,510000,41.4385974579138,73.3240214574125,117.087141435271,3.72421275225091,4.2948882694954,4.76291845616499,0,2.04940968138296,0.247586598523566,0.901562398042221,0.0207490039890897,3.43398720448515,0,6.08614096453021,6,0.701247420507608,14.08407512057,4.18655336585434,1.99929425273902,0,0,0,0,0,0,0
511400,2014,510000,36.6879767081218,62.0897487827147,96.795551770433,3.60244909125168,4.12858089935017,4.57260104044189,0,2.10427095991724,0.248158640226629,0.950813040788496,0.0215935667040387,3.36729582998647,0,6.29041201211448,7,0.702618555924327,13.4055911348737,4.11727044445668,1.84766405298745,0,0,0,0,0,0,0
511400,2015,510000,28.9064588125055,47.5086770014447,76.9608187867696,3.36406505847058,3.86091236807241,4.34329644542208,0,2.2075627992739,0.251202886928629,1.0114865454022,0.012406442438532,3.25809653802148,1,6.17755754724501,7,0.703717229907046,14.124422446648,3.94429297206505,1.94925355355097,0,0,0,0,0,0,0
511400,2016,510000,28.9460179827371,48.1310232132942,77.9657428213072,3.36543264646642,3.87392694245522,4.35626953561677,0,2.29969471606442,0.348571428571429,1.05336576974165,0.0123774569399031,3.55534806148941,1,6.49780110358206,7,0.709615613381887,14.0375458767964,4.13325930164572,1.98478111038281,0,0,0,0,0,0,0
511400,2017,510000,26.3224721310743,44.3196129641249,71.9137969068241,3.27042302799902,3.79142730964198,4.27546813653851,0,2.37507423788176,0.347826086956522,1.07510748624666,0.0157089410548875,3.97029191355212,1,6.43522595216552,7,0.697810015727564,13.8774543036812,3.50744789664906,1.95327745568074,0,0,0,0,0,0,0
511400,2018,510000,23.4257222630685,39.5357379343974,63.6201993931887,3.15383466065102,3.67720502069326,4.15293102044354,0,2.44757620118988,0.347826086956522,1.08994317720635,0.034905427110696,4.17438726989564,1,6.47221514933814,7,0.698486009209426,13.6279163106855,5.17510388370658,1.98596548014633,0,0,0,0,0,0,0
511400,2019,510000,20.8494075218293,34.5893018551991,51.504910782867,3.03732553162184,3.54354443931663,3.94167715813082,0,2.52912370711609,0.350877192982456,1.15063360953331,0.0256616466662297,4.51085950651685,1,6.44024548852749,7,0.707541973320479,13.7747054053862,4.61232994886566,2.05277851864694,0,0,0,0,0,0,0
511400,2020,510000,18.9432002300496,31.3572471441461,47.5949233325562,2.94144504022434,3.44544540923581,3.86272610287218,0,2.73326771665857,0.351390922401171,1.16981412050721,0.02793967532396,4.56434819146784,1,6.49831220991972,7,0.687671575964112,13.8320783047608,4.27663721097897,1.93248410451909,0,0,0,0,0,0,0
511500,2011,510000,31.9165848737754,67.0409755651429,102.734393943308,3.46312577668781,4.20530400805397,4.63214695807741,0,0.984073911894565,0.228771412783201,0.815052237597748,0.0481000379400556,2.484906649788,0,5.91639162208011,6,0.680705254619149,16.8874805048956,1.95253805092878,1.29986544391769,0,0,0,0,0,0,0
511500,2012,510000,28.7113835283976,59.91185480957,91.3599136465068,3.3572936827454,4.09287439554932,4.51480680070702,0,1.02635664214621,0.22905232345408,0.872156722448478,0.0394630577893491,2.56494935746154,0,6.11015464291696,7,0.711263545628252,16.3444607947214,3.82153127456549,1.26458085291362,0,0,0,0,0,0,0
511500,2013,510000,33.8815963060112,69.1041042192909,106.315110967701,3.52287198514413,4.23561412436856,4.66640742922147,0,1.08143135655804,0.229832848837209,0.90106006048617,0.0374870744704167,3.49650756146648,0,6.30181076464702,9,0.727978655319104,17.8187171323188,3.55740709137649,1.48238827400233,0,1,0,0,0,0,0
511500,2014,510000,29.8663219569512,59.5488045161925,91.856909028499,3.39673148962623,4.08679622030496,4.52023202961063,0,1.11742661633435,0.229298213963558,0.93417159107033,0.0378649191140569,2.94443897916644,1,6.4898348928784,10,0.727356321510227,16.9742558763889,3.20570816721775,1.57798334688961,0,1,0,0,0,0,0
511500,2015,510000,24.0473213165871,48.1203349415655,75.169233399204,3.1800236105809,3.87370485163017,4.31974201690941,0,1.1863446179524,0.230165917982901,0.970616396478796,0.038843029798132,3.78418963391826,1,6.62259470160707,10,0.737623972111735,17.8530532451261,3.06535669461119,1.42921808023058,0,1,0,0,0,0,0
511500,2016,510000,24.0220761658624,48.8617015741969,73.9895205690381,3.17897324779842,3.88899389072866,4.30392346924405,0,1.25111845078898,0.23021582733813,1.00766292035166,0.0374277528014342,3.87120101090789,1,6.73378852910606,10,0.738917077067255,17.5988961696012,4.25068502859061,1.57169208681501,0,1,0,0,0,0,0
511500,2017,510000,23.0077433771285,46.8527818112555,72.0262899652419,3.13583082783981,3.84701038389619,4.27703119077539,0,1.30426012411616,0.230630630630631,1.05093465495562,0.0312167470166281,3.95124371858143,1,6.8519343755049,10,0.727387521116213,17.7215410886978,2.67387218034439,1.54490785176509,0,1,0,0,0,0,0
511500,2018,510000,20.0074452563079,41.1097363785981,63.7875746986365,2.99610446709678,3.71624498830343,4.15555841744387,0,1.35991135955324,0.416666666666667,1.0954558590096,0.0479484259769987,3.95124371858143,1,6.90279310578367,10,0.733124797029057,16.8494961198128,3.499114415383,2.22282616761849,0,1,0,0,0,0,0
511500,2019,510000,17.8090299317686,36.504723370753,52.6653259494613,2.87970562820269,3.59744165963392,3.96395728737903,0,1.41589494240487,0.416666666666667,1.25946273301788,0.0541960414502987,3.63758615972639,1,7.00512169451267,10,0.734233167664758,16.8203739226764,3.19315234482638,2.21230649357109,0,1,0,0,0,0,0
511500,2020,510000,15.7030755151737,32.3260537685668,46.9270894828748,2.75385658585602,3.47587352330885,3.84859510961921,0,1.48882824339877,0.417422867513612,1.31078550640038,0.0652891885869082,4.33073334028633,1,7.13474024559191,10,0.73016666680917,16.7847933556615,4.05754514612765,2.16611919754935,0,1,0,0,0,0,0
511600,2011,510000,36.0979947481953,68.7638303039387,105.46651553701,3.58623731665463,4.23067788437239,4.65839351426302,0,1.09107888734819,0.268089647812166,0.632603635053441,0.0436921249025897,1.79175946922805,0,5.58474788702013,4,0.660647841387017,17.8594823192137,3.09782570476563,1.52694248958102,0,0,0,0,0,0,0
511600,2012,510000,33.194409161792,63.20890946389,96.7786304917951,3.50238146300058,4.14644526374702,4.57242621052931,0,1.14941093151023,0.268516542155816,0.684640150032665,0.0632531626917058,2.30258509299405,0,5.75818830874045,4,0.691541528285936,17.5934069827852,3.36421058214052,1.33898092958202,0,0,0,0,0,0,0
511600,2013,510000,36.482073077544,68.7640039814232,107.266926205228,3.59682099137505,4.23068041007907,4.67532036545121,0,1.28363140392883,0.269557823129252,0.724645011829481,0.0736344981727759,2.56494935746154,0,5.98584824034024,5,0.671250832635303,18.950959603031,3.39457540568914,1.51447284444187,0,0,0,0,0,0,0
511600,2014,510000,33.8917239569805,63.3192554902285,97.2357462399607,3.52317085351904,4.1481894770509,4.57713840352976,0,1.34697347524152,0.269874920500318,0.768468581972322,0.0740422132659973,2.77258872223978,0,6.15807943287908,7,0.691760795060978,18.0337313464555,3.84885220031245,1.58942790348776,0,0,0,0,0,0,0
511600,2015,510000,25.7198550580257,48.5298696718893,78.2937308278172,3.24726326397351,3.88217947789712,4.36046753373533,0,1.50869942249857,0.270865872183829,0.822556901454822,0.0680022476981175,4.36944785246702,1,6.30510332019814,7,0.691935211420059,18.7928825253706,3.53700129791251,1.64631503262098,0,0,0,0,0,0,0
511600,2016,510000,25.0371825122246,47.9390941283052,75.1036660340965,3.22036202042126,3.8699313328808,4.31886937294612,0,1.64148643105819,0.271948608137045,0.854884982540937,0.0313255550829088,3.85014760171006,1,6.61173085351531,7,0.706340528504793,18.3365123132692,3.37165434655475,1.92643240215237,0,0,0,0,0,0,0
511600,2017,510000,21.9983102799667,42.3633398764922,69.8350038969805,3.09096564495257,3.74628336267921,4.24613537256042,0,1.75922916545437,0.273118279569892,0.877707155510697,0.0172086796738558,4.15888308335967,1,6.74438894675391,7,0.699481729851213,18.0744120875199,3.88538608878925,1.93966784103494,0,0,0,0,0,0,0
511600,2018,510000,20.0414630162021,38.9244360859747,63.7672100353346,2.99780327835245,3.66162223042115,4.15523910894411,0,1.84359064246147,0.274891774891775,0.903159464759119,0.0217776285008492,3.63758615972639,1,6.76163078167385,7,0.702083056056222,17.9978597012314,3.21219619396932,2.01052473288911,0,0,0,0,0,0,0
511600,2019,510000,17.8285266737335,34.9079141922612,54.2882332724242,2.88079979658948,3.55271357118704,3.99430750497532,0,1.93351566236675,0.274509803921569,0.899320285717573,0.0278413442608148,2.83321334405622,1,6.83227164219958,7,0.709034882312597,17.902117924163,3.90577464068197,1.92802802726394,0,0,0,0,0,0,0
511600,2020,510000,15.9278473841261,31.0312119557609,47.9365984600804,2.76806898510663,3.43499353524706,3.86987927238125,0,2.02613729745227,0.275219298245614,0.924224372711902,0.0108230127460572,3.55534806148941,1,6.91902412519666,7,0.708322260268899,18.0038463392002,3.18857461973202,1.91138822788858,0,0,0,0,0,0,0
511700,2011,510000,34.2853688732277,60.0566427454405,92.639344992984,3.53471869970507,4.0952881626485,4.52871394334399,0,0.669756797347038,0.0625452439554076,0.651200736937034,0.00973023069736824,1.94591014905531,0,6.02101231282986,6,0.719333969487084,16.8065681186411,4.22889142295933,1.30666354482511,0,0,0,0,0,0,0
511700,2012,510000,32.403435839474,56.6370988888062,87.4727698408785,3.47826446160418,4.03666422789016,4.4713275431117,0,0.690059856587263,0.0629672225416906,0.69286565534551,0.0101862364242335,2.63905732961526,0,6.19927816557012,6,0.739139048523373,16.656997754902,3.42409768472562,1.13367218135734,0,0,0,0,0,0,0
511700,2013,510000,35.2141564909387,61.3681687810034,96.1366602454055,3.56144817479218,4.11689127696288,4.5657707234123,0,0.772118506493507,0.0865328679464805,0.735003170803225,0.0156364662551984,2.30258509299405,0,6.36938268838475,6,0.731675554381476,17.9039560341053,3.95944981670276,1.32777434849484,0,0,0,0,0,0,0
511700,2014,510000,33.6428098236924,58.3751793650211,89.6527564351173,3.51579935788572,4.06689078861853,4.49594394620555,0,0.80340865685117,0.263043162331057,0.770997038872825,0.0148240172186879,3.2188758248682,0,6.52414178240873,6,0.744473651515113,17.1693259892888,4.30066225613508,1.54319139540799,0,0,0,0,0,0,0
511700,2015,510000,25.0922696224557,43.3883099745388,68.4949429364401,3.22255981553209,3.7701900493983,4.22675991679753,0,0.850259783665532,0.263884007029877,0.776347803210529,0.017005741660965,3.17805383034795,1,6.57954341717643,6,0.743744128545125,17.7100490058734,3.36054783115395,1.53972715305738,0,0,0,0,0,0,0
511700,2016,510000,24.7785713723694,43.0007695798534,68.9002208859861,3.20997922209227,3.7612180127393,4.23265938390687,0,0.891674335023266,0.264619883040936,0.805394620665661,0.00733880814819876,2.56494935746154,1,6.7535021574142,6,0.75273333258099,17.761782344849,3.55888024258555,1.612588192426,0,0,0,0,0,0,0
511700,2017,510000,23.0542257792982,39.9367510102954,63.501984214934,3.13784908362866,3.68729697791608,4.15107115288973,0,0.927787954024585,0.264880952380952,0.837262202495898,0.00297688257432568,3.09104245335832,1,6.87687156985084,6,0.749823493162791,17.4048737409992,4.84182474217682,1.54994701042091,0,0,0,0,0,0,0
511700,2018,510000,21.0883218142748,36.7820496207383,59.9752893565989,3.048719418744,3.60500994412537,4.09393263333436,0,0.952529255503854,0.265765765765766,0.865459872770075,0.00338983949380652,2.83321334405622,1,6.94050739748466,6,0.750955555968814,17.3481673167621,3.18540368667183,1.58773668585435,0,0,0,0,0,0,0
511700,2019,510000,19.7030512033907,34.3294655171825,52.871695207818,2.98077350717159,3.53600403837615,3.96786813343331,1,0.984627838738801,0.267071320182094,0.977898155881313,0.00970726205141495,3.13549421592915,1,7.01939080766818,6,0.763100316789415,17.2666900606724,3.94053796166806,1.52284860754635,0,0,0,0,0,0,0
511700,2020,510000,16.6601809176894,29.0855029662033,45.5423340350228,2.81302149608486,3.37023987018908,3.81864231173819,1,1.02908622126537,0.267584097859327,1.00226478839015,0.0125455753377087,3.25809653802148,1,7.11612997511754,6,0.761654604276021,17.3153056657327,3.15899154073124,1.50438665117271,0,0,0,0,0,0,0
511800,2011,510000,22.2897109358989,38.9425092982397,62.1623786878953,3.10412517898255,3.66208643798703,4.129749972507,0,0.460801836365626,0.222721437740693,0.878801166003952,0.0060180865079271,2.07944154167984,0,5.25593834356612,5,0.765997846372164,11.9414526884348,3.52429677151781,1.90183339956293,0,0,0,0,0,0,0
511800,2012,510000,20.9342801619197,36.4854106912276,59.1442118202377,3.04138801444812,3.59691247359462,4.07997872968078,0,0.47009217177014,0.399361022364217,0.938946281301691,0.00677138516702123,2.83321334405622,0,5.27066566731552,7,0.754383345045636,11.8170172023388,3.95467293914189,1.95391506771223,0,0,0,0,0,0,0
511800,2013,510000,24.2003312210806,41.615776074894,64.7807660108762,3.18636631989049,3.72847932794629,4.1710087384784,0,0.494896407058806,0.397452229299363,0.953772838010596,0.010208916464651,2.83321334405622,0,5.13495748971123,9,0.77093610781521,12.9963017741588,3.89244549790213,2.27209680429405,0,0,0,0,0,0,0
511800,2014,510000,22.8081395979342,39.311392843008,61.8066378269413,3.12711747216048,3.67151437108813,4.12401076689873,0,0.510542340133463,0.399491094147583,1.00974512139855,0.0102245689182157,2.94443897916644,0,5.46878758881026,9,0.766405597853301,12.4677328554306,4.00363653207498,2.19722126777041,0,0,0,0,0,0,0
511800,2015,510000,17.4843628218221,30.0803450841399,51.3793943493226,2.86130692843424,3.40387197122793,3.93923720393851,0,0.52785669261539,0.401588018849655,1.07314130898554,0.00979761839084512,2.63905732961526,1,5.66894438858578,9,0.775214643634144,12.9680306892476,3.84919743761605,2.21988065668331,0,0,0,0,0,0,0
511800,2016,510000,18.6936805472058,32.1768854501407,52.987147681554,2.92818552809431,3.47124835161426,3.97004938757062,0,0.553597163254899,0.4,1.11778530510653,0.00565964791739353,2.77258872223978,1,5.69000839556205,9,0.782190236464218,12.8821374228179,4.01966085681737,2.26604983734437,0,0,0,0,0,0,0
511800,2017,510000,17.6495316644767,30.3762375802025,50.2268995399399,2.8707092484367,3.41366064421188,3.91655073059189,0,0.563253590687627,0.402597402597403,1.15403181117418,0.00502383098831997,3.46573590279973,1,5.55627270220132,9,0.774440057014101,12.7659765598502,3.78388225797612,2.17141397334961,0,0,0,0,0,0,0
511800,2018,510000,16.4764647849256,28.4539701360577,45.8695114984914,2.80193298599177,3.34828769867679,3.8258006588574,0,0.571871757122305,0.405228758169935,1.19083698656226,0.00650838955396631,3.29583686600433,1,5.60713284102018,9,0.779130653969607,12.5266256552195,5.09237308543294,2.1857991150979,0,0,0,0,0,0,0
511800,2019,510000,13.1811994000847,22.9448660117029,35.5286774157492,2.57879152645785,3.13309420828749,3.57034018490297,0,0.579013552426809,0.405228758169935,1.262232953667,0.0100267002326428,2.99573227355399,1,5.72449980407877,9,0.784431440896125,12.7738741479895,4.49780684751526,2.20500850416894,0,0,0,0,0,0,0
511800,2020,510000,12.0164991728443,21.0435220860351,31.7450660066717,2.48628063650615,3.04659277338616,3.45773731189799,0,0.601813283823288,0.40655737704918,1.29128145973753,0.00878051799346905,3.49650756146648,1,5.83202242737016,9,0.779816224497167,12.7635081032241,4.21210387959771,2.06106363043766,0,0,0,0,0,0,0
511900,2011,510000,32.2861805856478,55.8812456574219,87.7876678011968,3.47463929303097,4.02322882579066,4.4749210329308,0,0.35324978601405,0.355161787365177,0.439878644755759,0.0174048601793209,1.09861228866811,0,5.2531662324186,2,0.741453783301746,16.4470321777351,4.22192539879003,1.24034815259372,0,0,0,0,0,0,0
511900,2012,510000,30.6209070780807,52.9181236324098,83.8884807742673,3.42168301350339,3.96874588193655,4.42948830695846,0,0.374166999606915,0.355384615384615,0.478032229784565,0.0191386550547767,1.6094379124341,0,5.67193308382136,3,0.752631093473995,16.4630969434927,3.28874655204006,1.13299792687973,0,0,0,0,0,0,0
511900,2013,510000,34.0959687637839,58.7843579740086,95.464642694967,3.52917915923031,4.07387579866456,4.55875594537276,0,0.502327946034321,0.349051768323936,0.493989301076624,0.0215576840580999,2.70805020110221,0,5.95572462847151,3,0.761654622765148,17.559457461871,3.77731069794563,1.30056298870381,0,0,0,0,0,0,0
511900,2014,510000,32.1840373866373,55.4643216758828,87.8797847185838,3.47147059629972,4.01573996134721,4.47596979779315,0,0.52779174333078,0.359436178543461,0.534788162513781,0.0229093276328377,1.94591014905531,0,6.21799836085926,3,0.758689916484496,16.9351307376018,3.54910274479682,1.46376988145956,0,0,0,0,0,0,0
511900,2015,510000,22.3567420478953,38.0347273206837,61.8313115389797,3.10712793319402,3.63849961925527,4.124409895362,0,0.585667337818564,0.358426433389545,0.578645421527332,0.023849458699061,2.77258872223978,1,6.40563705730776,3,0.759771425583783,17.3828231542534,3.23968362593083,1.44296110397312,0,0,0,0,0,0,0
511900,2016,510000,23.2658486227658,39.44327552308,65.4275262221506,3.14698656100213,3.67486357707394,4.18094306016065,1,0.645387922794762,0.362666666666667,0.614985933856332,0.0148233716426303,3.13549421592915,1,6.54151872983701,3,0.767256299537771,17.4610846548805,2.86802021613864,1.52418434651528,0,0,0,0,0,0,0
511900,2017,510000,21.6083761446382,36.5752840486917,59.3836106701155,3.07308102399514,3.59937271307403,4.08401827365263,0,0.671283682150017,0.361702127659574,0.635785077816236,0.00452799719058138,3.09104245335832,1,6.64537995443472,3,0.762716807337368,17.1477935992691,4.16707909733587,1.45551199751928,0,0,0,0,0,0,0
511900,2018,510000,19.9770245233334,33.8488674777776,57.3883322053084,2.99458283937423,3.52190554171668,4.04984101097851,0,0.690846438439879,0.369565217391304,0.668699769183318,0.00805427215676396,3.3322045101752,1,6.68979102710728,3,0.766807565268348,17.1016310952071,2.97011989509139,1.49677709459593,0,0,0,0,0,0,0
511900,2019,510000,18.6007147713978,31.505362658533,48.9718598600564,2.92320000855057,3.4501577744699,3.89124584457351,0,0.712554362242065,0.368852459016393,0.743310123482324,0.00806558531066379,2.484906649788,1,6.56830747954392,3,0.77438235282898,16.9012873116641,3.90253452227173,1.44032546760687,0,0,0,0,0,0,0
511900,2020,510000,15.8142801109532,26.7387095243201,42.5957554008869,2.76091333633828,3.28611231038658,3.75175460983425,1,0.732863900396285,0.369505494505495,0.752611569736152,0.00326243444533896,2.70805020110221,1,6.61218228661578,3,0.781531932073481,17.0642500971881,2.8817604629399,1.40466640850925,0,0,0,0,0,0,0
512000,2011,510000,38.8013378314869,71.071767417191,110.828148751939,3.65845472622776,4.26369017521104,4.70798079215567,0,0.872892622468697,0.217305020837468,0.712960899028216,0.00672222607016332,2.07944154167984,0,5.65336711548804,4,0.656723329915276,17.3544371308446,2.54574093552338,1.52173966373592,0,0,0,0,0,0,0
512000,2012,510000,35.6220532096205,64.0762469905556,99.0986992408261,3.57296491824465,4.16007373348184,4.59611631552655,0,1.01031412552187,0.217236608025301,0.784706501534998,0.0119506958927209,2.83321334405622,0,5.89617290919845,4,0.661338159555121,17.0771874068495,3.19841372158275,1.41413547353613,0,0,0,0,0,0,0
512000,2013,510000,41.6867693069599,76.051052047801,120.258952832839,3.7301837956532,4.33140485224277,4.78964735804681,0,1.1616186437468,0.217622708456535,0.828757982888002,0.0221141444513798,2.56494935746154,0,6.08096485920277,4,0.668057866111586,18.4282391006782,3.29355080767291,1.58338201649702,0,0,0,0,0,0,0
512000,2014,510000,37.1841646818097,64.4960769723533,100.741901183754,3.61588299005488,4.16660439981793,4.61256181232281,0,1.20619454815403,0.218016952493594,0.874644122111908,0.0209023366914495,2.89037175789616,0,6.2892444773671,4,0.66778842671008,17.6720437339691,3.14800667986148,1.61042850666291,0,0,0,0,0,0,0
512000,2015,510000,28.4679114886054,48.8558959013722,81.3663498616339,3.34877754027824,3.88887506519505,4.3989617951751,0,1.29140214070772,0.219286054637865,0.914762133217127,0.00921538895402624,3.78418963391826,1,6.18160857079223,4,0.665104879985882,18.4620824038146,3.33250727100328,1.64892435603877,0,0,1,0,0,1,0
512000,2016,510000,27.7471439946462,47.7304400556471,79.0366919905511,3.32313291578406,3.86556935066202,4.36991220021751,0,1.35979985919774,0.309859154929577,0.93790027847337,0.0092711570597081,3.25809653802148,1,6.05719666932263,4,0.677139240729658,18.1129144139603,3.06494273213141,1.70420647997677,0,0,1,1,0,0,0
512000,2017,510000,23.3567637203261,41.2172607243693,73.0923960818704,3.15088660899296,3.71885711824121,4.29172434057735,1,1.40204366748253,0.30945558739255,0.961682472365139,0.0113595613797949,3.55534806148941,1,5.80945233793459,4,0.659216998121406,18.0705570702997,2.54175094954412,1.71918670527067,0,0,1,1,0,0,0
512000,2018,510000,22.0251436157346,38.9684501571112,65.8006785678085,3.09218469237917,3.66275234840609,4.18663015085877,1,1.43553820239527,0.312138728323699,0.982617378067268,0.0121701287744738,3.63758615972639,1,5.92088320128807,4,0.670406873467602,17.9234900979771,3.25837129578319,1.79396027069594,0,0,1,1,0,0,0
512000,2019,510000,20.0427508578572,34.6613135134973,53.5631367093388,2.99786753515237,3.54562418066971,3.98086108350954,1,1.47053529588352,0.312865497076023,0.796537736234075,0.0197492790495927,3.76120011569356,1,5.76768687006958,4,0.676379746274103,17.8211495753381,3.08169720644757,1.72500183211513,0,0,1,1,0,0,0
512000,2020,510000,18.0584132783549,31.5642130097119,49.7601327354615,2.8936116857877,3.45202397913785,3.90721411594066,1,1.57918906287613,0.313696612665685,0.818845092734394,0.0231658244802198,3.66356164612965,1,5.87252409067295,4,0.676278486282011,18.062814054864,3.17689681801764,1.71903543087625,0,0,1,1,0,0,0
520100,2011,520000,24.1010193180057,45.2958727656589,70.2228623268732,3.18225413495512,3.81321591941247,4.25167393218343,0,1.93854739542056,0.59478862004786,1.19514917097429,0.176097606067801,4.53259949315326,0,6.91058868082279,9,0.667503467462595,14.6958838032713,2.25311483416954,2.2123798768745,0,0,0,0,0,0,0
520100,2012,520000,21.4158462501989,40.2259315116975,62.2857096860797,3.06413112698976,3.69451185014164,4.13173202044637,0,2.05715270083509,0.599732977303071,1.32967736077114,0.187615678751521,5.18178355029209,0,7.05762994777265,9,0.706108180932628,14.3646571216583,3.50555171238178,2.18226654441841,1,0,0,0,0,0,0
520100,2013,520000,25.1229396476223,46.7428877438695,71.6866115552629,3.22378135894199,3.8446621103402,4.27230400151219,0,2.39458999623591,0.601160643629649,1.45786227527738,0.187706570490027,5.2257466737132,1,7.50445678326524,10,0.691292649912603,15.902574854166,2.70294080455842,2.29580356304487,1,0,0,0,0,0,0
520100,2014,520000,23.2851473468803,43.4225873036452,67.1430319777974,3.14781570438856,3.7709797505064,4.20682514957004,0,2.52071230299332,0.602507182031862,1.58283991094728,0.192917976556792,5.80814248998044,1,7.23397666380714,10,0.707601939879575,15.7280650899517,4.3469407576957,2.20703150035803,1,0,0,0,0,0,0
520100,2015,520000,17.3863230421838,32.9934297600266,52.5325154589175,2.8556838650769,3.49630844346279,3.96143231995905,0,2.65956429357246,0.602746369228413,1.68221901877327,0.196464132688237,5.54907608489522,1,7.41674779692603,11,0.713023579815059,16.0968300891313,4.20972953430168,2.2837187279397,1,0,0,0,0,0,0
520100,2016,520000,17.0199089531179,32.0409280387036,52.8066500304338,2.83438377372539,3.46701408678391,3.96663713032758,0,2.80185039041985,0.610972568578554,1.72390952947344,0.082653539245437,5.75890177387728,1,7.58965666954368,11,0.717943135974477,16.02834929613,3.32644628533202,2.34907022312416,1,0,0,0,0,0,0
520100,2017,520000,16.293834443843,30.8885439348875,48.9669243421998,2.7907867812773,3.43038536871648,3.891145056762,0,2.94493069425436,0.615196078431373,1.75513255248063,0.058131392091744,6.15485809401642,1,7.71456213252106,11,0.717570040700505,16.0400001343709,3.3827324266671,2.42829261288426,1,0,0,0,0,0,0
520100,2018,520000,15.3456305117019,29.5327110280561,47.2216598107097,2.73083077629253,3.38549849743614,3.85485268162642,0,3.02972067963983,0.619617224880383,1.77959536861895,0.0608532639945255,6.54534966033442,1,7.81992595764922,11,0.711858529199674,15.7596983401112,3.5668339051951,2.54446554822381,1,0,0,0,0,0,0
520100,2019,520000,12.8203659688001,24.8232923341996,38.4909609151152,2.55103499779335,3.21178241941616,3.65042343230269,0,3.12851555443198,0.623831775700935,1.80060821233749,0.0709845109751655,6.5694814204143,1,7.82202897749461,11,0.720699031376144,15.8867679579404,3.6472570661115,2.40722318529843,1,0,0,0,0,0,0
520100,2020,520000,11.796185687194,22.5335732066966,35.3890144774215,2.46777623236813,3.11500633959175,3.56640144648224,0,3.24122583051959,0.627720504009164,1.8345962378473,0.0960152465262406,6.82762923450285,1,7.84375783354607,11,0.72083356571429,15.6806710625254,3.72458585355184,2.48276203073774,1,0,0,0,0,0,0
520200,2011,520000,23.0505218676376,38.7561735885606,61.7526084782975,3.13768840986478,3.65729006152399,4.12313621717942,0,0.397809088878576,0.154635967641568,0.786938477276949,0.08671861229168,1.09861228866811,0,5.39081415687464,3,0.658065848052502,13.626601759298,2.00660582114262,2.21458803825567,0,0,0,0,0,0,0
520200,2012,520000,21.3139637666542,35.4271931664493,57.5838449749351,3.05936243381863,3.56747969379305,4.05324205917785,0,0.411470265005925,0.154728682170543,0.876442563358329,0.0642229427747316,2.94443897916644,0,6.15110506192502,3,0.692765624262393,14.030067841826,2.64307017554223,2.17629674050274,0,0,0,0,0,0,0
520200,2013,520000,24.2470842481623,40.6343770857413,64.3164336885375,3.18829637296524,3.70461443458703,4.16381517694882,0,0.435722485923493,0.144744929317763,0.964936809380524,0.0349482885383929,2.07944154167984,0,6.44924317308202,3,0.686231025028974,14.7507980829606,2.47007394088748,2.19340474618162,0,0,0,0,0,0,0
520200,2014,520000,23.3033848109272,38.5740429087363,60.8035237432893,3.14859862087611,3.65257958676155,4.10764774359682,0,0.450945977405832,0.14498933901919,1.05919663321916,0.0489427957058172,1.94591014905531,0,6.67539306474374,3,0.706016742158681,14.6391178311208,3.65074632282694,2.22659908340941,0,0,1,0,1,1,1
520200,2015,520000,18.958461429069,31.6837170589926,51.863581013507,2.94225034527832,3.45580289147103,3.94861682927896,0,0.465124897575241,0.139892021595681,1.14327752975741,0.0199058967873266,2.39789527279837,1,6.49213211297721,3,0.714867187663913,14.9975589623828,3.40226340917692,2.19554595222734,0,0,1,1,1,0,0
520200,2016,520000,18.9689871706624,31.3952751226659,51.4127827949246,2.94280539141257,3.44665740779144,3.93988683405052,0,0.486752065367274,0.138235294117647,1.18179801881253,0.0136151860159,2.99573227355399,1,6.6774086551135,3,0.725053572561592,14.6163218137357,3.12787360996698,2.14276771070772,0,0,1,1,1,0,0
520200,2017,520000,18.6214243991164,31.1616650638603,50.6857500218389,2.92431276726445,3.43918865551393,3.92564480643305,0,0.508551814506661,0.140350877192982,1.20288310899702,0.015749854336407,3.29583686600433,1,6.83239875902424,3,0.706954242195934,14.6530603361475,3.19374486074446,2.05960444608708,0,0,1,1,1,0,0
520200,2018,520000,16.8873460272517,28.4834614333926,46.1717759827038,2.82656458568749,3.34932361825234,3.83236870194119,0,0.522340155837323,0.140401146131805,1.21505014312836,0.00892338330824735,3.49650756146648,1,6.95756305054484,3,0.719520087353885,14.5800456826747,2.87691226664864,2.12328368216994,0,0,1,1,1,0,0
520200,2019,520000,13.7809282397655,23.2263733101379,35.6833447435655,2.62328562469314,3.14528841363584,3.57468404613116,0,0.537972392616025,0.141643059490085,1.07158008607655,0.00753046707243447,3.36729582998647,1,6.91122482863031,3,0.718597096391022,15.2531016515955,3.15213437360974,2.13028743898708,0,0,1,1,1,0,0
520200,2020,520000,12.7676034364461,21.5823545734036,32.7849197876915,2.54691098104952,3.07187606293288,3.4899686470965,0,0.570517601435368,0.165497896213184,1.09941304395535,0.00849721342879947,3.29583686600433,1,6.95700517274882,3,0.727071426808834,14.8236500010859,2.85330181236489,2.0915213284527,0,0,1,1,1,0,0
520300,2011,520000,24.7646089241486,53.3243358128211,81.8906374180459,3.2094155744416,3.97639280882407,4.40538466708433,0,0.394798160153689,0.113356652416116,0.647249188367293,0.0145734788973688,3.13549421592915,0,6.06233238120123,5,0.71071428526876,16.6176535838979,2.35183806473355,1.53579674319471,0,0,0,0,0,0,0
520300,2012,520000,21.8748379800912,48.0218571790384,73.6353314422869,3.08533702559185,3.87165626516058,4.29912495731944,0,0.446665607669712,0.112652320456313,0.725947695804419,0.0144435539419501,3.46573590279973,0,6.5796987014589,10,0.739307019850444,15.8491391765671,3.51655145791186,1.50715024115004,0,0,0,0,0,0,0
520300,2013,520000,25.2749268772747,54.0254332461884,82.0349998069827,3.22981287181727,3.98945492172569,4.40714598311398,0,0.557295684528903,0.113423249839435,0.79746603136422,0.0147423289516039,3.80666248977032,0,6.84433167007709,10,0.72816206788084,17.5224890635983,2.93663336019687,1.7372496760258,0,1,0,0,0,0,0
520300,2014,520000,23.384479011144,50.8985648653732,77.541840834919,3.15207251216739,3.92983472797968,4.35081767241648,0,0.610584879337243,0.113977128335451,0.880774069980946,0.0150793322726232,4.31748811353631,1,7.10447202969244,10,0.745625916932206,16.9082151340084,4.12732662909039,1.73761968987733,0,1,0,0,0,0,0
520300,2015,520000,16.4955627172096,36.8995494847747,59.4522948777941,2.80309141850967,3.60819934188725,4.08517422420495,0,0.690934079194835,0.115018592046386,0.963676235655889,0.0426392588724394,4.35670882668959,1,6.91247945717804,10,0.75937408208847,17.3151437132,3.81897664506089,1.75967355580614,0,1,0,0,0,0,0
520300,2016,520000,16.5587011725925,37.1107426429161,59.3664453029795,2.80691171427446,3.61390648680749,4.0837291728667,0,0.767047291234986,0.273067331670823,1.01284204998777,0.0149164511186533,4.43081679884331,1,7.09857240508497,11,0.762251135626749,17.2935459053699,3.96216749517396,1.78226980322148,0,1,0,0,0,0,0
520300,2017,520000,15.6148925643986,35.0158468947454,56.0767563617415,2.7482251104295,3.55580072744202,4.02672140156964,0,0.824312112731103,0.274534161490683,1.07387703625675,0.028341449304183,5.06890420222023,1,7.2558038449499,12,0.751612294274029,17.2547688231202,3.33369577329278,1.81134144039539,0,1,0,0,0,0,0
520300,2018,520000,13.6830942096547,31.089473989438,49.6506400790742,2.61616107153473,3.43686930496446,3.90501128223234,0,0.871618852369096,0.275862068965517,1.12677854378799,0.00868037498118896,5.24702407216049,1,7.38522147514466,12,0.75160740406997,17.0380727835799,3.51108231052782,1.80450146538171,0,1,0,0,0,0,0
520300,2019,520000,11.838998482696,26.9936345943872,41.5652930595199,2.47139903826799,3.29560108244613,3.72726551759022,0,0.912896330341521,0.277167277167277,1.18684267694766,0.0103734865351503,4.31748811353631,1,7.39027951899956,12,0.761754104589775,16.926798903483,3.38188100723792,1.73821633293795,0,1,0,0,0,0,0
520300,2020,520000,10.2867352433816,23.2703832876093,35.710465712066,2.33085522480803,3.14718144849824,3.57544380302415,0,0.960229398633075,0.278519417475728,1.22525619395075,0.0149496055672042,4.70953020131233,1,7.41783090853648,12,0.762366398622471,16.1335536233005,3.59198823049926,1.71344256916132,0,1,0,0,0,0,0
520400,2011,520000,23.5443028958777,42.2757621387451,66.5829829480015,3.15888387594686,3.74421392274148,4.1984490336065,0,0.678346451598655,0.309953949698902,0.49088255413275,0.0338968256348412,1.09861228866811,0,4.87568011846573,5,0.671279907226562,15.6853335425277,2.43331395773278,1.78567832166688,0,0,0,0,0,0,0
520400,2012,520000,21.5628839198874,38.5498353530188,60.7283572778606,3.07097349961336,3.651951829002,4.10641075994477,0,0.714742207431291,0.308368495077356,0.56481928191618,0.0311484018179703,1.94591014905531,0,5.31501822044865,6,0.702150989354141,15.7682657395099,3.0122052374786,1.76024164647609,0,0,0,0,0,0,0
520400,2013,520000,24.9116121161361,44.509639198701,69.1311865704652,3.2153340448089,3.79570577692214,4.23600595414467,0,0.788146638801845,0.309173669467787,0.64214362623876,0.0233831350636658,1.94591014905531,0,5.17190612364194,6,0.676238093676606,16.8440269821388,2.71347080623289,1.95869513287885,0,0,0,0,0,0,0
520400,2014,520000,23.1611159191826,41.0752716590947,64.0468586051126,3.142474834583,3.71540627763475,4.159614981162,0,0.826945429034551,0.307586206896552,0.724534252497841,0.0174725096511137,2.77258872223978,0,5.53527942162477,6,0.702883854629548,16.7657697790104,4.24645108195498,2.02015043788321,0,0,0,0,0,0,0
520400,2015,520000,17.0398543515472,30.9400027840633,51.3452956076832,2.83555497392023,3.43204993512757,3.93857331791644,0,0.886962915731032,0.441903605517893,0.811505609091409,0.0134764125453979,3.29583686600433,1,5.76084963602658,6,0.711537748332915,17.1914656610942,3.92672313589579,1.99733871954795,0,0,0,0,0,0,0
520400,2016,520000,16.8233264304355,30.1463447060405,49.3866666604762,2.82276640136709,3.40606367887615,3.89968048210441,0,0.954792696448792,0.43,0.861863454351851,0.0163537429659815,3.25809653802148,1,5.94530722169484,6,0.714009288365279,16.8221719157757,3.37712462689341,2.06388119016852,0,0,0,0,0,0,0
520400,2017,520000,16.2183874474429,29.3689635341953,47.1491053735596,2.78614562620142,3.37993845463874,3.85331503484982,0,1.03172871278787,0.428571428571429,0.894329650025811,0.0189057732152238,3.43398720448515,1,6.10011751813749,7,0.708779326783932,16.9129272340195,3.55203195028726,2.03382007490473,0,0,0,0,0,0,0
520400,2018,520000,15.8010724558177,28.7451583576866,46.3874194812133,2.76007781467987,3.35846934811162,3.83702829059892,0,1.08259131944198,0.430921052631579,0.922298270461084,0.0197980220784076,4.02535169073515,1,6.19674723373949,7,0.714259001297679,16.7348367643541,3.283510033627,2.17397789529495,0,0,0,0,0,0,0
520400,2019,520000,13.3594047897311,24.565918050335,37.2124223507864,2.59222061544921,3.20136003721355,3.61664263969642,0,1.12343317535896,0.429967426710098,0.959844040532178,0.0126534099467575,2.56494935746154,1,6.13687034692759,7,0.712282227791422,16.9753970970074,3.67169204040566,2.03632798129727,0,0,0,0,0,0,0
520400,2020,520000,12.316904488863,22.5151708626185,34.4130040231093,2.51097266751368,3.11418934255967,3.53843451687391,0,1.20427047426657,0.429967426710098,0.985073731031303,0.00523159512433635,3.17805383034795,1,6.05831071873784,7,0.718203253862334,16.884282731438,3.56692119782231,2.07286686591094,0,0,0,0,0,0,0
530100,2011,530000,18.8364006343895,28.8306766618795,50.0986885959198,2.93579120176594,3.36143998213032,3.91399483201808,0,1.06843325832596,0.502757352941177,1.35850317483293,0.308965252788427,5.34710753071747,0,7.26242936185191,11,0.617553101733046,16.2191983321652,1.89766539097831,2.84772430110002,0,0,0,0,0,0,0
530100,2012,530000,17.9465003161168,27.8241053656765,51.0203138413421,2.88739512746401,3.32590274446777,3.93222386403426,0,1.10756139588914,0.501747930082797,1.47981728674134,0.302284721154614,5.67332326717149,0,7.26984515831717,13,0.618359029405522,17.0379209773231,2.22254896763869,3.15785335668867,1,0,0,0,0,0,0
530100,2013,530000,19.4991789710064,30.2463247984311,53.1332445731433,2.97037236063235,3.40937468282908,3.9728028071686,0,1.15238510343798,0.502194586686174,1.55672266545999,0.306532356857016,5.77765232322266,1,7.47128299648833,14,0.627259837344008,16.3062278157984,2.2917987567381,3.11000721494256,1,0,0,0,0,0,0
530100,2014,530000,18.4892910517722,28.3547196187971,50.4460823144611,2.91719170241258,3.34479349317154,3.9209050889669,0,1.19236543530728,0.502815622161671,1.60962050620437,0.294027556633085,6.07764224334903,1,7.52915074171648,14,0.630772506403473,16.6106795004358,2.85667528124856,3.56684254524123,1,0,1,0,0,1,0
530100,2015,530000,16.1552567880326,24.6933774495351,43.880214629676,2.78224549441678,3.20653508823146,3.78146352668212,0,1.22758375678255,0.502870925355941,1.65571139274971,0.193416635239225,6.30809844150953,1,7.63769742629928,15,0.648623718967978,16.3794596386324,3.22887983929609,3.4682034209218,1,0,1,1,0,0,0
530100,2016,530000,15.7825543810624,24.2805293898522,43.4122650541415,2.75890517690949,3.18967476948953,3.77074200611524,0,1.29713394635938,0.503571428571429,1.70326251012308,0.102180326057929,6.65801104587075,1,7.73767451782271,16,0.651603233926701,15.8629748825221,2.93478884603219,3.36889380931599,1,0,1,1,0,0,0
530100,2017,530000,15.4651343196414,23.3942660170966,44.0012509652997,2.73858809149481,3.15249095033154,3.78421806454365,0,1.34208184302821,0.55417406749556,1.74718782937922,0.111329142399213,6.7286286130847,1,7.76945632348489,16,0.652196767982447,15.9926008893248,3.18175512156312,3.27526287303721,1,0,1,1,0,0,0
530100,2018,530000,15.0205922895102,23.058542515563,41.8887593623633,2.70942207894801,3.13803630883491,3.73501751796184,0,1.37243109452325,0.55944055944056,1.78103589307141,0.166286647055873,6.99117688712121,1,7.7885988435831,16,0.661117963718646,16.0243701085745,2.84243700244652,3.31324211911965,1,0,1,1,0,0,0
530100,2019,530000,13.8081626491048,21.0348094992012,34.9960486893934,2.62525991361011,3.04617866062882,3.55523516052758,0,1.39406997808533,0.562283737024221,1.94564893900728,0.140674923374744,6.99484998583307,1,7.80342732558511,16,0.637134231036564,17.1832403541644,2.48034699879367,3.41704364407366,1,0,1,1,0,0,0
530100,2020,530000,12.7048718217494,19.2483549662451,31.8208405328706,2.54198552791757,2.95742560078324,3.46012143779868,0,1.49477450724541,0.565552699228792,1.96684183684431,0.166350404080766,7.12689080889881,1,7.87640179752646,16,0.653109972881821,16.6409884821242,2.38456277696565,3.34976407312089,1,0,1,1,0,0,0
530300,2011,530000,20.2818083733196,32.5376360017238,54.1463623632547,3.00972434502958,3.48239745015747,3.99169079414998,0,0.568880446133618,0.111497706784754,0.787964370309494,0.0092922011795338,2.19722457733622,0,6.30980467702394,7,0.622639601256189,14.1619915743549,1.64895430126486,2.65573537720695,0,0,0,0,0,0,0
530300,2012,530000,18.8909305211989,30.3351928305528,52.6107179792061,2.93868194028954,3.41230851807598,3.96291986284986,0,0.583891864244106,0.114684656416693,0.852268654530684,0.0113608560728116,2.39789527279837,0,6.17362013512987,9,0.638762540935511,15.1138334469953,2.31094830559608,2.67791196645402,0,0,0,0,0,0,0
530300,2013,530000,20.7271725903622,33.5297541103568,55.7564819163514,3.03144552497766,3.51243322702914,4.02099367113955,0,0.600929917192821,0.112011216700421,0.907787333597306,0.014512069586404,2.70805020110221,0,6.41638478095748,9,0.63497395665652,15.0782711755032,2.24636101093681,2.54662646929764,0,1,0,0,0,0,0
530300,2014,530000,19.7665151376266,31.5304450430887,52.3177445086428,2.98398935141883,3.45095358836661,3.95733559667541,0,0.621068628050712,0.112451662799691,0.921632392981436,0.0166491292690492,3.49650756146648,1,6.53783707349806,9,0.652861354018664,15.0770851617698,2.99918179740694,2.98617536726488,0,1,0,0,0,0,0
530300,2015,530000,17.0939263930548,27.3032577526049,46.589630956582,2.83872321872396,3.30700602666871,3.84137800471088,0,0.639411074236319,0.112989117851354,0.920705607791219,0.0211324224746476,3.25809653802148,1,6.57277482426324,9,0.669643431742134,15.1555208128284,3.28960523676491,2.90295805499715,0,1,0,0,0,0,0
530300,2016,530000,16.9208931251389,27.0697762488249,47.1280919100307,2.82854913795868,3.29841783794096,3.85286925443881,0,0.666146465927085,0.113323124042879,0.95172796616686,0.0235818048336119,3.46573590279973,1,6.95601277067352,9,0.672070469757187,14.6877453909168,2.66746332837675,2.84460882211211,0,1,0,0,0,0,0
530300,2017,530000,16.3595035074181,26.0624844952576,46.3796645622267,2.79480898275676,3.26049690465266,3.83686109942147,0,0.68867604553422,0.180030257186082,0.958693014411603,0.031107177608778,3.73766961828337,1,7.1387258966466,9,0.662159326249089,14.7293231664189,3.06664537756745,2.73291766651639,0,1,0,0,0,0,0
530300,2018,530000,15.2801870264134,24.582820711859,42.9291938908562,2.72655702361199,3.20204785393545,3.75955210476821,0,0.705455710323837,0.212349397590361,0.972354364575538,0.0378879847429316,4.15888308335967,1,7.12020166045478,9,0.678404825861908,14.8407839870158,2.68745842869952,2.7921185097062,0,1,0,0,0,0,0
530300,2019,530000,13.2451552158424,21.1817635505916,35.0412185306999,2.58363184148077,3.05314060160738,3.55652504088306,0,0.717864568181242,0.212893553223388,1.13697734016983,0.0314255572854996,3.68887945411394,1,7.23404660250546,9,0.660026428926407,15.8819503193503,2.88000340086304,2.84506964081355,0,1,0,0,0,0,0
530300,2020,530000,12.332704707799,19.7845651948634,32.1984802100746,2.5122546530392,2.98490209809165,3.47191925299159,0,0.760595120853279,0.213592233009709,1.21030589822268,0.0326264731664736,4.07753744390572,1,7.3298862180068,9,0.67378475598931,15.2234018104441,2.20225582666834,2.77972923303996,0,1,0,0,0,0,0
530400,2011,530000,20.2947154692226,29.4870599998638,51.2101935972524,3.01036053044499,3.38395152304091,3.93593860592528,0,0.707348812550456,0.214840379637619,1.21469535077758,0.0295595645106544,2.30258509299405,0,5.57868603969208,3,0.677777603188077,20.1447027321577,2.21599089954986,2.65318621334778,0,0,0,0,0,0,0
530400,2012,530000,20.0229378942651,29.8582576563935,54.1942518957975,2.99687851108594,3.39646143998641,3.99257484923845,0,0.719157037340499,0.200840728631481,1.35072781928514,0.0335126259521982,2.70805020110221,0,5.16935505062386,8,0.663189960975905,21.1870460841718,2.02763697313334,2.75076423263495,0,0,0,0,0,0,0
530400,2013,530000,21.7899887829704,32.4724378927353,55.0375605640296,3.08145063417762,3.48039166468635,4.00801587149516,0,0.734333016037497,0.20167675826735,1.40545424746602,0.0401283347297759,2.89037175789616,0,5.46363315763021,8,0.660412352793926,20.6324029332267,2.47406873639269,2.73706425538662,0,1,0,0,0,0,0
530400,2014,530000,20.5583590959938,30.5096061155385,52.656808066925,3.0232676268958,3.41804158863339,3.96379553823419,0,0.751924861132867,0.202314814814815,1.44775129958097,0.0502410980498956,3.17805383034795,1,5.71591618433716,8,0.668982239671656,21.1209513348034,2.88739888661926,2.85988197009021,0,1,0,0,0,0,0
530400,2015,530000,18.0114908684366,26.3965641091971,47.0486595927585,2.89100993579713,3.27323385430347,3.85118237663,0,0.772378393358476,0.202860978658395,1.4856193274409,0.0948742492021336,3.43398720448515,1,5.98145179961772,8,0.67121158258335,20.8883782187111,2.8192741077705,2.73416848409237,0,1,0,0,0,0,0
530400,2016,530000,18.1533496482523,26.6586563317208,47.6845882662449,2.89885509730565,3.28311391331992,3.86460824854346,0,0.803338835805429,0.331797235023041,1.51215040449624,0.102259179330746,3.61091791264422,1,6.25916980589797,8,0.68073822485434,20.2769921702677,2.75863966891238,2.70490009936324,0,1,0,0,0,0,0
530400,2017,530000,16.9906484596416,24.7938237710846,45.5239604650171,2.83266310209155,3.21059458066643,3.81823879097662,0,0.827605942669864,0.333333333333333,1.52475110389247,0.101251185854181,3.52636052461616,1,6.40785723490246,8,0.694054824113846,20.4144338330208,3.02092375066052,2.68059818431715,0,1,0,0,0,0,0
530400,2018,530000,16.3166597529358,23.9347473671078,43.6950203426959,2.79218665658631,3.17533126783192,3.77723414464058,0,0.84007084934874,0.336363636363636,1.54328501812333,0.0813852637954177,3.95124371858143,1,6.48052060227179,8,0.705966796262844,20.3211571072585,2.8476407864794,2.69397228179742,0,1,0,0,0,0,0
530400,2019,530000,16.1048865097751,23.7513633010109,39.614855042433,2.77912273586452,3.16763993098104,3.67920417525193,0,0.850752473100141,0.339366515837104,1.74461530964672,0.109099341733725,3.8286413964891,1,6.37561411494862,8,0.66154054000571,21.6244345377591,1.8499933810323,2.95019117969663,0,1,0,0,0,0,0
530400,2020,530000,14.548419801121,21.2101714719251,35.4868573412372,2.67748238298563,3.05448085302883,3.56916241219481,0,0.899111973298953,0.338600451467269,1.78333894983291,0.121900142523595,3.91202300542815,1,6.3555939182136,8,0.675672587027421,21.0471384277031,2.07150297527092,2.87871495773425,0,1,0,0,0,0,0
530500,2011,530000,15.419019092654,26.6031473259903,47.1402886009579,2.73560175344346,3.28102952931428,3.85312801969879,0,0.112080167572816,0.356018882769473,0.581013169060748,0.0386096678275706,0.693147180559945,0,5.11706580739336,1,0.722785134141038,16.8306884380136,2.76936557145834,1.80018942015618,0,0,0,0,0,0,0
530500,2012,530000,15.7641330332054,27.6025133764215,50.4828210203541,2.75773729834849,3.31790683294009,3.92163310059295,0,0.115088936030985,0.35641627543036,0.659646684669136,0.0239571720933703,0.693147180559945,0,4.91491421829747,1,0.713757840356206,17.2538418418505,3.15065238877889,1.79285957030185,0,0,0,0,0,0,0
530500,2013,530000,17.2103493088788,30.2171231079802,51.920938557074,2.84551090687272,3.40840875403301,3.94972214921769,0,0.119075436154524,0.356948228882834,0.717435377494343,0.02769302443756,1.09861228866811,0,5.15213301048389,1,0.714368178592465,17.248210982112,3.14244515391684,1.78820794139827,0,0,0,0,0,0,0
530500,2014,530000,16.9248218627335,29.8697360317248,51.3895204432842,2.82878129364596,3.39684579495177,3.93943426924789,0,0.124620638933001,0.357805255023184,0.764663619272278,0.0329652241341886,1.09861228866811,0,5.42805437874953,1,0.701025551654459,17.3182538053405,2.86993768558218,2.10384075855048,0,0,0,0,0,0,0
530500,2015,530000,15.2429096317349,26.3228686235369,47.4071285278963,2.72411445275297,3.27043809077407,3.85877260827734,0,0.135163136890038,0.356619065997684,0.817000196619175,0.0273037438686426,1.09861228866811,1,5.6960464935466,1,0.719646921002768,17.0123818373289,3.15339164886365,1.99460552907674,0,0,0,0,0,0,0
530500,2016,530000,13.7874580836256,23.3274833935853,41.6344344727187,2.62375934440279,3.14963221024433,3.72892757661772,0,0.156564596676478,0.35632183908046,0.864903182700707,0.0288141304890466,1.09861228866811,1,5.96709140722191,1,0.733825784630892,17.1536955462544,3.96522273895567,1.89703484871719,0,0,0,0,0,0,0
530500,2017,530000,13.4357989220421,22.8340971388584,41.9953003382862,2.59792270602643,3.12825490737745,3.73755771531499,0,0.168783880822918,0.357414448669202,0.892828209158881,0.0320231127319962,2.484906649788,1,6.20429677908501,1,0.74569221919145,17.3231623051906,3.54348822683802,1.91647364285689,0,0,0,0,0,0,0
530500,2018,530000,14.132634845383,24.0399227074793,44.4985615033485,2.64848665103129,3.17971589449875,3.79545686288226,0,0.179534205800613,0.356060606060606,0.922713011484862,0.0374651436972007,2.39789527279837,1,6.38097032181658,1,0.724497677107167,16.9315609705516,3.56562203410665,1.93165526657672,0,0,0,0,0,0,0
530500,2019,530000,12.8450570238591,21.6072823466028,37.3429100689802,2.55295906993378,3.07303040354534,3.62014306943626,0,0.190128660512814,0.356060606060606,1.08138626589812,0.0503212227570272,2.94443897916644,1,6.5336998328231,1,0.723896049871677,17.4238745418127,2.93277318932148,1.98634564616845,0,0,0,0,0,0,0
530500,2020,530000,11.6873095751941,19.2958196766055,32.2992009657412,2.45850360145055,2.95988847538323,3.47504249201987,0,0.226512559152175,0.357277882797732,1.13810385742885,0.0385636894559108,2.56494935746154,1,6.59082143622661,1,0.729659699327577,17.2209993937294,3.08831034834187,1.86956731213862,0,0,0,0,0,0,0
530600,2011,530000,21.7378405046571,40.7437011090031,65.484389423747,3.07905454394677,3.70730125372688,4.1818117848278,0,0.280472718709376,0.146038322112895,0.407434073483647,0.000833678498223573,1.09861228866811,0,5.72152776626089,5,0.680227800599627,13.5828333549114,1.58172720781273,1.74556321662487,0,0,0,0,0,0,0
530600,2012,530000,19.9573667960885,37.1503789652443,60.4696518092073,2.99359833813691,3.61497397206044,4.10214161619359,0,0.290299933411595,0.146236927824447,0.459441716377799,0.000932676146589624,0.693147180559945,0,5.553914569419,6,0.70034652505372,13.6199282545228,2.53041817017792,1.71779482139417,0,0,0,0,0,0,0
530600,2013,530000,23.6319661698206,43.9207912131162,69.2062891082546,3.16260029424689,3.7823878119096,4.23709174156127,0,0.283280494338582,0.146291560102302,0.499901499218797,0.00102204685569294,0.693147180559945,0,5.79519346715653,6,0.725140444531634,14.6291214598316,2.80859711144287,1.855846416526,0,0,0,0,0,0,0
530600,2014,530000,22.1537341135745,40.9779931445838,64.2737592319495,3.09800606528825,3.71303517002995,4.16315144891194,0,0.293837730704394,0.146702557200538,0.512206699394272,0.00581866306478419,0.693147180559945,0,5.7885389937395,6,0.723762547949681,14.083504523732,2.90264384862606,2.04901565288689,0,0,0,0,0,0,0
530600,2015,530000,17.0402794929425,31.2876362003063,52.5817762608195,2.83557992343464,3.4432230099344,3.96236960079313,0,0.304178367235954,0.148740196896379,0.531317423139828,0.000655824857733973,1.79175946922805,1,5.89611901697632,6,0.738184363455386,14.5924990141387,2.81928001841798,1.95691352020358,0,0,0,0,0,0,0
530600,2016,530000,17.30877896006,31.732704131135,52.1719637977043,2.85121382713105,3.45734782513227,3.95454525860502,0,0.320138566133966,0.149425287356322,0.551196190259574,0.000549416824960752,1.94591014905531,1,6.06951352061784,6,0.746604247371087,14.264407532586,3.38639679995525,1.9338806821807,0,0,0,0,0,0,0
530600,2017,530000,16.8930075142282,31.1264961190159,51.4666956581515,2.82689977975362,3.43805942171047,3.94093491222846,0,0.330663713635445,0.150242326332795,0.559779971953786,0.000411633381008626,1.09861228866811,1,6.22181130663537,6,0.73927606350264,14.3571051944064,2.72952900840986,1.89979775930689,0,0,0,0,0,0,0
530600,2018,530000,15.3701069421903,28.4303919204491,46.8971199968936,2.73242451537863,3.3474587110216,3.84795626625103,0,0.340498950553748,0.1504,0.571969104495116,0.000803838461084587,2.77258872223978,1,6.35037857120782,6,0.736294402161966,14.0550646384382,2.75019603448481,2.07285770601866,0,0,0,0,0,0,0
530600,2019,530000,12.4600688110218,23.2055457623542,36.7147899989627,2.52252903589797,3.14439129158719,3.60317967112588,0,0.348160166913437,0.152623211446741,0.701231249110794,0.00091243912568325,1.94591014905531,1,6.52573054256816,6,0.733722009066794,14.6533869221754,2.47180174382766,2.12906112881978,0,0,0,0,0,0,0
530600,2020,530000,11.6033368123431,21.5988960087736,33.7178962218466,2.45129271298367,3.072642202679,3.51802874156239,0,0.376915800464542,0.153846153846154,0.736740962859845,0.00102204685569294,3.04452243772342,1,6.55134733755175,6,0.739114380869511,14.2389857777665,2.73631524168738,2.0489358983658,0,0,0,0,0,0,0
530700,2011,530000,11.0739898107209,22.108473116293,42.233304665306,2.40459909829207,3.0959609339724,3.74320911985779,0,0.0479360989778652,0.126237623762376,0.653762671933788,0.022234086577072,1.6094379124341,0,4.94376779913683,3,0.661617099130907,14.1374668234513,2.16593522743212,2.38588453729238,0,0,0,0,0,0,0
530700,2012,530000,11.0155482470276,22.3671068866286,44.2746345464527,2.3993077517826,3.10759143708135,3.79041192946098,0,0.048063064624989,0.126890756302521,0.738117753348853,0.0253160834427586,1.09861228866811,0,4.95357727225005,3,0.643235263106548,14.8208917550477,2.02384241937185,2.70227797093311,0,0,0,0,0,0,0
530700,2013,530000,12.2875119053982,24.9159432639587,48.094624163542,2.50858345437603,3.21550789029662,3.87317040711396,0,0.0447137984163794,0.126561199000833,0.80718051390558,0.0276430715794614,1.38629436111989,0,5.16750667746593,3,0.654664364999998,14.5024417127424,2.44616128778032,2.51037858339623,0,0,0,0,0,0,0
530700,2014,530000,11.5363950148987,23.3910081786114,45.2481254400285,2.44550682188585,3.1523516826433,3.81216124254812,0,0.0423627448817083,0.126237623762376,0.824838848569854,0.0201966787486786,1.09861228866811,0,5.12370770563273,3,0.64123685597044,15.2364502079462,2.52824521849449,2.75417755952017,0,0,0,0,0,0,0
530700,2015,530000,10.2373352407234,20.5410653163862,39.7636683023624,2.32604135534745,3.02242606860755,3.68295363865839,0,0.0420081166949143,0.127089194108886,0.884375814330265,0.0170451638708901,1.6094379124341,1,5.08687951124262,3,0.640161976384408,14.9398122725568,2.70684792438117,2.63717490193771,0,0,0,0,0,0,0
530700,2016,530000,10.1245248486404,19.7170081919878,37.549928032615,2.31496068336208,2.98148162326245,3.62567146163347,0,0.0435623513407397,0.131147540983607,0.909467891725464,0.0148232764869408,1.79175946922805,1,5.30917856677285,3,0.658651086255963,14.5383080913151,2.88782738793867,2.44785127351108,0,0,0,0,0,0,0
530700,2017,530000,9.46806769747581,18.280249723905,38.4216059545541,2.24792484176093,2.90582122697782,3.64861995642918,0,0.0453748954065755,0.130081300813008,0.918618869495678,0.00972159053203989,1.6094379124341,1,5.41937825161162,3,0.66639777020894,14.6967126269811,2.60388649652339,2.38189473148557,0,0,0,0,0,0,0
530700,2018,530000,9.53049886577149,18.5858289607156,37.7885358424999,2.25449706317659,2.92239940650567,3.63200577203552,0,0.0482775927873705,0.130081300813008,0.934651086767089,0.00785586773844918,2.484906649788,1,5.54539594224942,3,0.679002663315232,14.4187825001415,2.98724307939303,2.47668403055286,0,0,0,0,0,0,0
530700,2019,530000,8.0754442875358,15.2370236263028,28.4234549894452,2.08882788772344,2.72372823107359,3.34721468422604,0,0.0520953184526092,0.130081300813008,1.11799442384796,0.00626839229208747,2.56494935746154,1,5.7165977874671,3,0.652903877115604,15.2125429649731,2.53734725058809,2.52600995705079,0,0,0,0,0,0,0
530700,2020,530000,8.02277934958736,15.0665145181436,25.968041958599,2.08228491416066,2.71247469976579,3.25686662655185,0,0.0624933671394692,0.129554655870445,1.1671658540466,0.00618782250281999,2.83321334405622,1,5.82768933668078,3,0.669856080335312,15.0761965385111,2.51124835110916,2.40659276969456,0,0,0,0,0,0,0
530900,2011,530000,16.3620486290793,27.1221960070077,48.5777582157657,2.79496454516137,3.30035243350372,3.88316577627142,0,0.0617899619270006,0.134068731438269,0.544756094467929,0.0369994269036693,1.38629436111989,0,5.37913972124962,3,0.737921859794015,18.8076648669825,3.30178662899651,1.26510857754655,0,0,0,0,0,0,0
530900,2012,530000,17.1662258626508,29.2163197545056,53.7159070770785,2.84294384076806,3.37472744885245,3.98370917882464,0,0.0626247038714836,0.134517766497462,0.649299925427533,0.0312954649096381,1.38629436111989,0,5.52887551263843,3,0.72220709579903,19.199582645692,2.88508268677888,1.33780597105422,0,0,0,0,0,0,0
530900,2013,530000,19.1387735053675,32.7963866208131,56.0078765011883,2.95171630379225,3.490318345322,4.02549233265155,0,0.0656396850499585,0.135363790186125,0.720204627599184,0.0376723220619234,1.38629436111989,0,5.5217134223908,4,0.714883029260891,19.04052151954,3.62931849419198,1.4484116548988,0,0,0,0,0,0,0
530900,2014,530000,18.8652496126622,32.5468231011566,55.8742334046604,2.93732158485072,3.48267976331243,4.02310333301251,0,0.0693064510343996,0.13582842724979,0.770217947666556,0.0461725258919018,0.693147180559945,0,5.81421138646525,4,0.705230585680712,19.5697116209882,2.71847329658902,1.64228966966347,0,0,0,0,0,0,0
530900,2015,530000,15.9139541438697,26.5804472040326,48.1977103245961,2.76719634345501,3.28017587797549,3.87531151628914,0,0.0757328205248026,0.135565849305172,0.817939442120702,0.0543222246605502,1.94591014905531,1,5.90604704139612,4,0.728534037034784,19.0201932669829,3.49590530882673,1.5247590785415,0,0,0,0,0,0,0
530900,2016,530000,15.5283584760342,25.6715952355707,45.5554687000825,2.74266793138296,3.24538513691677,3.81893067577676,0,0.0846900970980215,0.135021097046413,0.858470241804946,0.0802185871570843,1.79175946922805,1,6.28496627217154,4,0.746093959416319,18.9303543707393,4.36714459189256,1.45371562628237,0,0,0,0,0,0,0
530900,2017,530000,14.6160426182802,24.1615605106782,44.4737593295326,2.68211973493627,3.18476296165449,3.79489933725572,0,0.093441546890409,0.138075313807531,0.869792849122163,0.0752368670148228,2.484906649788,1,6.4872328660514,4,0.751705656315656,19.1974714549897,3.96845678544741,1.39655477779176,0,0,0,0,0,0,0
530900,2018,530000,15.0319442420479,24.8806349574305,45.5671743256694,2.71017755282062,3.21408978834237,3.81918759601662,0,0.0976190682198762,0.136929460580913,0.882742693753019,0.0777087884246551,3.09104245335832,1,6.67196645592326,4,0.733081494401765,18.8296192396019,3.7219644382159,1.37359438407103,0,0,0,0,0,0,0
530900,2019,530000,14.8231861673028,24.4743878821033,41.206388636977,2.69619258780675,3.19762717817954,3.7185933083386,0,0.103088724340118,0.136929460580913,0.988063301845272,0.0803702762024678,3.78418963391826,1,6.88791342261659,4,0.731570469453031,19.4840887853748,2.7522347461606,1.42991987405977,0,0,0,0,0,0,0
530900,2020,530000,13.2453676927574,21.3889471518871,35.6923831378211,2.58364788321129,3.06287430037224,3.57493730853764,0,0.113277149991273,0.136645962732919,1.03356082929215,0.066822289637176,3.2188758248682,1,7.0628179440138,4,0.740342283808945,18.8981715421201,3.3071733227952,1.50740777292754,0,0,0,0,0,0,0
610100,2011,610000,37.2632076283821,63.5275035854462,112.828340136324,3.61800644918636,4.15147293945594,4.72586754985118,0,10.2916848310984,0.71836322303612,1.40061766568329,0.210718306536926,6.91968384984741,0,7.64980935105035,17,0.654448530910646,13.2796968434659,2.47576038047644,2.49785078470688,0,0,0,0,0,0,0
610100,2012,610000,38.2630715871582,64.7025667425943,114.046921408075,3.64448524273318,4.16980087216655,4.73660995501294,0,10.9119014069696,0.719597989949749,1.47208812554947,0.188157859603514,7.08170858610557,0,7.84412571444496,18,0.674002100877902,13.2817081640149,1.52380999932371,2.50110371995602,1,0,0,0,0,0,0
610100,2013,610000,41.3135963773579,72.0931401767117,131.672655346185,3.72119165589475,4.27795889658436,4.88031895884057,0,11.6896183098898,0.719543933572933,1.53202968562553,0.228152855088067,7.43543801981455,1,8.01619013185768,18,0.655128150082686,14.7434340582961,1.55220611310521,2.47311091963192,1,0,0,0,0,0,0
610100,2014,610000,36.5356468775308,62.10019549267,114.049292548264,3.59828841078045,4.12874913696459,4.73663074571479,0,11.9046061671974,0.720225683797375,1.60869352068968,0.278975039643192,7.34536484041687,1,8.14758922374065,18,0.658134454313447,14.4362106717817,2.01502378873794,2.41748069742017,1,0,0,0,0,0,0
610100,2015,610000,28.0828187972169,47.7817208637654,90.1605359551061,3.33515795863569,3.86664315765272,4.50159181420261,0,12.2332769300251,0.761812519922517,1.65231342263392,0.303632368032038,7.04403289727469,1,8.01221486078844,18,0.674278360517586,14.1748259381431,1.92208091522014,2.47587449285284,1,0,0,0,0,0,0
610100,2016,610000,30.3301074572044,51.8076977228392,93.6544719866615,3.41214086462875,3.94753874291287,4.53961217987666,0,12.4950497096483,0.762424242424242,1.69317255965024,0.292551542704948,7.27793857294566,1,8.00021713839482,18,0.688565126455882,14.576422767815,1.7296855713396,2.52142302086013,1,0,0,0,0,0,0
610100,2017,610000,29.9071628261005,51.3497093982911,92.4577955611118,3.39809801110822,3.93865927712372,4.526752276194,0,12.7136823351896,0.850993377483444,1.70912682581567,0.348832613731359,8.03624994213212,1,8.33868450732604,18,0.681352942962857,14.4888814302706,2.25608242283859,2.32344287987968,1,0,0,0,0,0,0
610100,2018,610000,26.7584747421955,45.6728968035505,89.577805171553,3.2868512359598,3.82150505420991,4.49510757915674,0,12.9554133452342,0.86322188449848,1.72049090645799,0.395517821762128,7.83636976054512,1,8.37939301380284,19,0.685473741196534,14.3604823180067,1.679794088003,2.46002344883964,1,0,0,0,0,0,0
610100,2019,610000,25.4566379987354,42.855297074722,73.7714297462363,3.23697653408524,3.75782925641694,4.30097152584214,0,13.0797988586974,0.857889237199582,1.82684237012195,0.226454630545419,8.08394570229562,1,8.40390363124694,19,0.689074579845457,14.1974503524956,2.10326147218113,2.33906421568773,1,0,0,0,0,0,0
610100,2020,610000,22.5423813184106,38.0763854572687,66.0623043431033,3.11539715158537,3.63959428570342,4.19059830193227,0,13.3275628958673,0.861451942740286,1.86532280142664,0.22645463054542,8.12444685571585,1,8.55085276247051,19,0.70375525513116,14.1621438639732,1.95127580589857,2.28144793217855,1,0,0,0,0,0,0
610200,2011,610000,34.3554853652299,60.5767862603122,118.038848435103,3.53676169631891,4.10391175467578,4.77101379430962,0,1.51489147816663,0.888888888888889,1.00012316915694,0.00280137718175917,0.693147180559945,0,4.27765405447441,1,0.607067532430996,12.0618825492091,2.14778091827925,2.58147943165607,0,0,0,0,0,0,0
610200,2012,610000,34.1818902358542,59.4689334630672,115.437940368652,3.53169597855312,4.08545404952485,4.74873307273206,0,1.65265298306554,0.889800703399766,1.08577842416116,0.0028676254593,0.693147180559945,0,4.79359943759209,1,0.661438962546262,12.0154469519505,1.41715724674671,2.58463226338922,0,0,0,0,0,0,0
610200,2013,610000,35.3659884217618,63.127534790975,128.628100400586,3.56575057924942,4.14515704189388,4.85692529804708,0,1.81337473878095,0.889018691588785,1.1799512887989,0.00312313558372283,0,0,5.03537603546896,1,0.633711689710617,13.4133751735067,1.67251891373287,2.68523093417983,0,1,0,0,0,0,0
610200,2014,610000,33.8305282845526,58.9673137641391,116.8335475711,3.52136359853095,4.07698328639116,4.76075025150899,0,1.85548393117376,0.889417360285375,1.19237671056698,0.00497949730028818,0.405465108108164,1,5.25899285631769,1,0.642018182169307,13.0712702762703,1.95311419596302,2.5969825047335,0,1,0,0,0,0,0
610200,2015,610000,27.343067887195,47.4511173430834,93.8067255200343,3.30846303740701,3.85970007257813,4.54123655408184,0,1.90151992702613,0.889287422285987,1.19445208209297,0.00688581890206778,0.693147180559945,1,5.41932118697854,1,0.648472727428783,12.8603661150126,1.85637919752425,2.67608398199972,0,1,0,0,0,0,0
610200,2016,610000,27.2517059213837,47.6030682728775,91.3494739331206,3.30511612176938,3.86289721867418,4.51469252400197,0,1.95825068759483,0.880952380952381,1.15373743396037,0.00914385550132919,0,1,5.47963512540902,1,0.640844158692793,13.1252708322107,1.72916062509519,2.73229647587652,0,1,0,0,0,0,0
610200,2017,610000,26.1427979376857,45.832098920389,89.1525168614301,3.26357373910485,3.82498469542977,4.49034857567093,0,2.0030393458777,0.879518072289157,1.15128422334561,0.0108319818305252,0.693147180559945,1,5.57753494687477,1,0.638329867883162,13.1191433025966,2.16403703076057,2.52244393651153,0,1,0,0,0,0,0
610200,2018,610000,23.6246874906388,41.9440253069358,91.5626027843265,3.16229224538285,3.73633599862061,4.51702292176995,0,2.03080415622118,0.8875,1.17027627717039,0.00801483720169848,1.79175946922805,1,5.64749650917872,1,0.665018185160377,12.9483125417034,1.66871437942304,2.66582191926384,0,1,0,0,0,0,0
610200,2019,610000,23.2178654152337,39.7951909534479,73.9838052517944,3.14492204332887,3.68374607467444,4.30384622130474,1,2.05672105905427,0.886075949367089,1.22544999480202,0.00801483720169848,2.39789527279837,1,5.72546593624497,1,0.638189608400518,12.8847258836039,1.998781832391,2.5215752064511,0,1,0,0,0,0,0
610200,2020,610000,21.0397795207953,36.1148964190338,65.9455963321991,3.04641490876495,3.58670542341158,4.18883010410904,1,2.1449355438311,0.885350318471338,1.27881712291287,0.00801483720169845,2.19722457733622,1,5.75302053537368,1,0.686166232282465,12.7780825869831,1.86895483314987,2.46900721424583,0,1,0,0,0,0,0
610300,2011,610000,30.7489688451127,53.1196056940339,97.2636980832697,3.425856460198,3.97254608221205,4.5774258269062,0,2.37270311760488,0.373956158663883,1.07240050029096,0.0452114123554246,2.39789527279837,0,6.35469116039157,2,0.685789713025093,12.1810838340557,2.72826885106726,2.16352272015722,0,0,0,0,0,0,0
610300,2012,610000,30.8533090710756,52.8375303036572,95.9657067681032,3.42924400784305,3.96722173941831,4.56399090648357,0,2.47273151882788,0.373534774680907,1.16060660420001,0.034230491453663,3.13549421592915,0,6.60947666239598,2,0.716280570983887,12.188601740614,1.74799458017423,2.15832497991384,0,0,0,0,0,0,0
610300,2013,610000,32.8158562857364,57.7941501607615,111.353474500347,3.4909118219243,4.0568875622651,4.71270959663234,0,2.69710167782053,0.372147302904564,1.22456063720717,0.0355655630425668,3.2188758248682,0,6.85410458344425,2,0.711852571249008,13.676366155653,2.01077001758009,2.20330188702514,0,1,0,0,0,0,0
610300,2014,610000,30.9926172456593,53.6781629992789,100.28362582252,3.4337490227563,3.98300627075295,4.60800242962208,0,2.75595800318963,0.370505471599792,1.26390303228447,0.0341967513132387,3.55534806148941,1,7.06818847914127,3,0.706709715723991,13.2794728639154,1.82225866807953,2.1692403481236,0,1,0,0,0,0,0
610300,2015,610000,23.6935749151037,40.6586619908443,76.2112431705993,3.16520391075813,3.70521190039963,4.33350899997903,0,2.83270247408917,0.370078535392937,1.3237961650965,0.0320998137766388,3.78418963391826,1,7.33715189820039,4,0.720263999581337,13.0798343177337,1.95205656401967,2.17262098839327,0,1,0,0,0,0,0
610300,2016,610000,24.5498006558755,42.3254399856288,77.0391343480948,3.20070373428396,3.74538832337282,4.3443135310313,0,2.92139724071004,0.369791666666667,1.3720323049314,0.0303203748544571,3.91202300542815,1,7.50817289974415,4,0.71815885579586,13.5192806094634,1.37998885945998,2.23199699057335,0,1,0,0,0,0,0
610300,2017,610000,23.7109357804533,40.8362877175414,77.6349036389133,3.16593636705273,3.70957109096569,4.3520171152256,0,2.98059173508,0.36745406824147,1.4088723318002,0.0284868330787297,4.44265125649032,1,7.65092886794133,4,0.708729142785072,13.2747120253624,2.21582710363244,2.15725367632506,0,1,0,0,0,0,0
610300,2018,610000,21.8526794960147,37.8068038063958,78.9381328505738,3.08432354541954,3.6324890813066,4.36866441718798,1,3.01480648104869,0.367724867724868,1.44677115528541,0.0348980272481149,4.46590811865458,1,7.72359054180646,4,0.728715429782867,12.9948179346895,2.25851166165152,2.19007117291385,0,1,0,0,0,0,0
610300,2019,610000,20.155251818725,34.3384166474508,60.9259821731163,3.003464890598,3.53626474629481,4.10965972040088,1,3.03770251163587,0.368700265251989,1.42507127109123,0.034898027248115,4.27666611901606,1,7.7286438127545,4,0.728082856059074,12.9381786286155,2.28571018373715,2.12871941414897,0,1,0,0,0,0,0
610300,2020,610000,18.0261784041958,30.7417716599999,54.8432279299396,2.89182505713372,3.42562237015171,4.00447871382876,1,3.10043783436771,0.438666666666667,1.44331956998792,0.034898027248115,4.45434729625351,1,7.72273161656465,4,0.742030284881592,12.9136278943659,2.13434574373874,2.05143232818671,0,1,0,0,0,0,0
610400,2011,610000,38.4577623466116,66.6998407573225,124.251931913599,3.64956055715268,4.20020256547229,4.82231121345625,0,4.84569422455339,0.172531862278866,0.964110929631205,0.0221381895745418,3.49650756146648,0,6.63561044081027,6,0.55202897278579,12.6932079144262,2.22805639119987,2.522931456137,0,0,0,0,0,0,0
610400,2012,610000,38.9230638692844,66.7280562784997,123.547175899233,3.66158697645176,4.20062549834052,4.81662307421492,0,5.17775549451627,0.172381132790301,1.03857285924112,0.0173680537896729,3.68887945411394,0,6.8134884942709,7,0.59665334704039,12.6264855246567,1.36198739153498,2.50582582552803,0,0,0,0,0,0,0
610400,2013,610000,42.0905924071072,74.3982743470872,141.03859851445,3.73982425745433,4.30943274731047,4.94903360124536,0,5.7984387481223,0.172918229557389,1.12850432392646,0.0201540062401811,3.40119738166216,0,7.06771783910997,8,0.557992008599368,14.1127393307763,1.56870886356001,2.4576165616205,0,1,0,0,0,0,0
610400,2014,610000,37.4892995634017,64.3857329680785,122.86804962878,3.62405554728179,4.16489207080444,4.81111101230009,0,6.00270972594639,0.174672489082969,1.20584266223209,0.0181897927418395,3.85014760171006,1,7.27806207923093,8,0.57789610295029,13.7936375493488,1.79921857503376,2.42440172281882,0,1,0,0,0,0,0
610400,2015,610000,29.7059172869427,50.9160336001901,99.9756833053354,3.39134626121454,3.93017787592214,4.60492698947157,0,6.28166594543855,0.1750601793059,1.23081988539279,0.0176623870669527,3.97029191355212,1,7.48883831601742,9,0.585904095347945,13.5178553703595,1.7221013685606,2.44737862965045,0,1,0,0,0,0,0
610400,2016,610000,31.7664910863909,55.0262914212826,102.53263349642,3.45841199479076,4.00781109685602,4.63018112348254,0,6.53977409653649,0.177358490566038,1.29169955220225,0.0160481519001473,4.48863636973214,1,7.6515233768773,9,0.566560438254496,13.9139853389146,1.49766033248806,2.50589313185545,0,1,1,0,1,1,1
610400,2017,610000,31.074163044873,53.9284051814332,101.456687442716,3.43637670364301,3.98765733690062,4.61963198270664,0,6.73988766272846,0.123931623931624,1.35028064452797,0.0162195729625319,4.84418708645859,1,7.18104214128944,9,0.583862138794852,13.8075103614409,2.01483783470064,2.30362072941208,0,1,1,1,1,0,0
610400,2018,610000,27.8065967144046,48.1669064808252,101.547439526239,3.32527328443238,3.87467219771264,4.6205260737867,0,6.91669531968709,0.119565217391304,1.33535006507418,0.0207582908320792,5.11198778835654,1,7.22545430961965,9,0.588612389106017,13.627490976114,1.72472608475869,2.43567374125695,0,1,1,1,1,0,0
610400,2019,610000,27.1338591153094,45.9429468736441,82.2849312062592,3.30078236186674,3.82740034134308,4.4101879950047,1,7.00404454269997,0.120087336244541,1.27136547304553,0.020758290832079,4.9272536851572,1,7.16032159596304,9,0.578345654727696,13.5248556196112,1.99871999398822,2.32060656821488,0,1,1,1,1,0,0
610400,2020,610000,24.1990095475851,40.9273009237681,74.1805808367985,3.18631170453934,3.71179734461549,4.30650240213053,1,7.27827682696234,0.119386637458927,1.27346245112261,0.0207582908320791,4.97673374242057,1,7.17912481639112,9,0.618892106351319,13.4790914059402,1.86056398683799,2.31753368208347,0,1,1,1,1,0,0
610500,2011,610000,40.419252337154,71.1594919297014,130.455405301506,3.69930621445541,4.2649237229422,4.871031446535,0,7.03428896592745,0.174428900301045,0.761581030270578,0.0109202189718264,5.11799381241676,0,6.34912248865057,3,0.518364130640807,10.1792601773366,2.3683260905651,2.8491313989335,0,0,0,0,0,0,0
610500,2012,610000,41.1419755093215,72.0024360192941,130.647071958197,3.71702890225816,4.27669995204502,4.87249958037371,0,7.2740480609988,0.174305432666785,0.810977230144637,0.0127632658591026,6.17170059741091,0,6.48016535032091,3,0.550763198700936,10.1751975242718,1.66869281009157,2.91683576135257,0,0,0,0,0,0,0
610500,2013,610000,44.9401570510177,79.8529019216741,147.660049429304,3.80533176143327,4.38018621616314,4.99491266838177,0,7.5876212841289,0.174447174447174,0.883295399233678,0.0111766491465139,5.05624580534831,0,6.70174496867362,4,0.519144408242858,11.7184564224947,1.62412323154388,3.2609647903271,0,1,0,0,0,0,0
610500,2014,610000,40.4777885489469,70.391698110057,129.240038556167,3.70075339277907,4.25407533163729,4.86167143928624,0,7.77048357640847,0.171535447096544,0.918035572111087,0.0102841983041145,4.969813299576,1,6.88408985254714,4,0.535433229382919,11.2509059694467,2.25606045096639,3.02383710202266,0,1,0,0,0,0,0
610500,2015,610000,32.9327328248823,57.0306290086768,107.389609280383,3.49446708185719,4.0435884745426,4.67646342953948,0,8.04433364512384,0.173875556832878,0.942098129237335,0.00967059039223218,4.59511985013459,1,7.06773780608233,7,0.543634315223797,11.0595754203515,2.07994963787183,3.25866647329404,0,1,0,0,0,0,0
610500,2016,610000,34.5326426865498,60.392208779005,109.904404932291,3.54190504153305,4.10086010289528,4.69961094188288,0,8.24355212288878,0.172351885098743,0.941326584923603,0.00925126418078638,4.00733318523247,1,7.17516173215302,7,0.540451861432065,11.1990546890315,2.15973314799639,3.32874690710337,0,1,1,0,1,1,1
610500,2017,610000,33.564450593191,58.9610920775068,109.619613799384,3.51346748881316,4.07687777005532,4.69701631652641,0,8.36178635316364,0.172661870503597,0.972083839856392,0.00819103662975487,4.35670882668959,1,7.31661259238807,7,0.541499225179786,11.240853497789,2.45876436877947,3.1411239689433,0,1,1,1,1,0,0
610500,2018,610000,29.9398337132873,52.3335294674779,107.366442756893,3.39918982497764,3.95763726445938,4.67624768219863,0,8.53849689080067,0.173992673992674,1.01361446335306,0.0123767268639017,4.15888308335967,1,7.41148465524512,7,0.544722049294607,11.0583335105943,1.82892820617809,3.26552739731471,0,1,1,1,1,0,0
610500,2019,610000,29.5429596367777,50.5822971287811,91.155351673765,3.38584546290294,3.92360165596344,4.51256521222358,1,8.55705606950263,0.174953959484346,1.03042447906495,0.0123767268639017,3.46573590279973,1,7.25367416406347,7,0.518470498206823,11.069003618945,1.97329486521954,3.05479636959028,0,1,1,1,1,0,0
610500,2020,610000,26.283401345361,44.7906529955724,79.608845773817,3.26893761238607,3.80199947916121,4.37712521448787,1,8.84406867630451,0.175763182238668,1.04351226218706,0.0123767268639017,3.85014760171006,1,7.06843630690753,7,0.576662269299445,10.8909465730927,2.00228693942923,2.90378194041914,0,1,1,1,1,0,0
610600,2011,610000,27.8226906134973,50.9819577865321,108.271039870927,3.32585189689768,3.93147180124182,4.68463771170014,0,0.328628816999921,0.198368398454272,1.38507090495765,0.001409428896713,1.09861228866811,0,6.23591174602725,4,0.540220536555214,10.501475779648,1.80415959311049,1.89186094652945,0,0,0,0,0,0,0
610600,2012,610000,27.3924799130372,49.3990771119901,105.786768421404,3.31026851999559,3.89993174207585,4.66142544942373,0,0.342879944661401,0.197536108751062,1.45998352954951,0.00127174934041711,2.07944154167984,0,6.28126269777986,4,0.594809256119435,10.3871143766547,1.46541796089863,1.90811900113379,0,0,0,0,0,0,0
610600,2013,610000,27.1365639766326,50.1820024003208,112.88145474585,3.30088204273051,3.91565644449287,4.72633819500448,0,0.369914564671909,0.197224558452481,1.48448510903334,0.00122857029111463,2.07944154167984,0,6.53838748650753,4,0.579208566434335,11.2129584770452,2.30330202866573,2.42045325293235,0,1,0,0,0,0,0
610600,2014,610000,27.2514922143456,49.1445650485421,105.742912651838,3.30510827976944,3.89476626160893,4.66101079583968,0,0.381495276425466,0.198463508322663,1.50612768981227,0.00123431831871436,2.07944154167984,1,6.647875178707,5,0.605575684118093,10.9579383513542,1.90536820979122,2.3381060234653,0,1,0,0,0,0,0
610600,2015,610000,23.3733924913873,42.1637521030217,90.6955458757105,3.15159830238802,3.74156089702412,4.50750824759893,0,0.39519968563446,0.200552016985138,1.39109548626024,0.00146676822719404,2.07944154167984,1,6.7177965744464,5,0.578704176945837,10.89727639355,2.11227187664555,2.44352862080166,0,1,0,0,0,0,0
610600,2016,610000,22.5066339853202,40.2541900643164,83.8292570825089,3.11381010954449,3.69521409942325,4.42878207641926,0,0.41086256183325,0.20253164556962,1.30097690225845,0.00166712092190691,2.70805020110221,1,6.55716451879475,5,0.596279329927274,10.7380403446247,1.78699811514916,2.45845923116843,0,1,0,0,0,0,0
610600,2017,610000,21.9390042951215,39.975208712599,87.341262120289,3.08826607073253,3.68825947978454,4.46982299860894,0,0.421468899811487,0.285714285714286,1.414587108878,0.00140249726735265,2.56494935746154,1,6.49705508352287,5,0.592923650139981,10.9950679313736,2.20815976375539,2.32180527734101,0,1,0,0,0,0,0
610600,2018,610000,20.4820597441746,38.038078365863,93.4982722773732,3.01954936856016,3.6385877202567,4.53794295780705,0,0.429404821881801,0.286324786324786,1.52875234916958,0.0016930150009762,3.25809653802148,1,6.48148440170996,5,0.626512371294991,10.7536591247954,1.84753558007994,2.43138066705032,0,1,0,0,0,0,0
610600,2019,610000,18.8266449733867,33.6960960016206,71.4600056772351,2.93527315225276,3.51738198499845,4.2691379320416,0,0.432670553437987,0.286324786324786,1.57006313093379,0.0016930150009762,2.56494935746154,1,6.4382355579418,5,0.596735302351929,10.9265798191553,2.06497720492678,2.31584430916075,0,1,0,0,0,0,0
610600,2020,610000,17.9965444631036,31.8745052465577,64.5343814709605,2.89017976519472,3.46180648168151,4.16719812784454,0,0.449524060933302,0.289079229122056,1.53744175782466,0.0016930150009762,2.63905732961526,1,6.47733885466703,5,0.617188081617018,10.5923836084548,1.71541950426667,2.23963039443671,0,1,0,0,0,0,0
610700,2011,610000,28.5488813783329,49.4933907104664,82.1954731718724,3.35161775419021,3.90183913965924,4.40910022964388,0,0.941457933364067,0.145173947161915,0.723260587929528,0.00458561951399886,2.70805020110221,0,5.38635753706769,2,0.766796026159735,14.9480176060874,3.84347260796751,1.48360177321547,0,0,0,0,0,0,0
610700,2012,610000,28.1475481985755,48.7429158963626,81.7288288603282,3.33746025305093,3.88655987193821,4.40340680205217,0,0.994837786165623,0.146500130106687,0.789451666337482,0.00453909208377593,1.38629436111989,0,5.64205285771803,3,0.783315508123388,15.1022417560805,2.69105865650853,1.50377434384966,0,0,0,0,0,0,0
610700,2013,610000,30.9507992974261,53.6010919198092,94.4233732340346,3.43239882423901,3.98156943950749,4.54778864032234,0,1.07527832806573,0.147074054893837,0.862157898534963,0.00514011911827793,2.89037175789616,0,5.86820042168946,4,0.793183346323789,16.0406218873957,3.04356699879803,1.53031234012401,0,0,0,0,0,0,0
610700,2014,610000,29.6145463281559,51.1405735133062,87.2872394753121,3.3882656706231,3.934578184374,4.4692042834942,0,1.0926825608922,0.148919552199948,0.928430948212349,0.00505014694864863,2.77258872223978,0,6.0366439797327,4,0.786038197218416,15.6781877675868,2.66733435866447,1.55263524875462,0,0,0,0,0,0,0
610700,2015,610000,20.8652780135284,35.7771056963697,59.7197603263992,3.03808643835103,3.57730818314767,4.08966295937424,0,1.12086052592306,0.149321149502869,0.970698556426452,0.00514420051722548,3.13549421592915,1,6.25550228280266,4,0.791411382469901,15.7940740449022,2.73857784973747,1.5084224845907,0,0,0,0,0,0,0
610700,2016,610000,21.5403198991122,36.8050020549813,61.7092289981971,3.06992652301593,3.60563376134496,4.12243349830252,0,1.19104607087307,0.1484375,1.01586843215506,0.00632066247174007,3.52636052461616,1,6.43101246568034,4,0.795270434994111,16.0891250515222,2.01508683857064,1.52942343838551,0,0,0,0,0,0,0
610700,2017,610000,20.4526090330375,34.9359668964236,59.7765360528807,3.01811045542867,3.55351686863368,4.09061321026024,0,1.25077378008764,0.295811518324607,1.07525690820496,0.006956315262663,4.4188406077966,1,6.59682578526708,4,0.789897250300423,15.7882728344596,3.30185258455355,1.42766418278574,0,0,0,0,0,0,0
610700,2018,610000,18.9385919723991,32.4002798550162,58.5681905742549,2.94120174351607,3.47816706026148,4.07019172623631,1,1.28468443472355,0.296587926509186,1.12971889385059,0.00650582578730614,4.63472898822964,1,6.74057577020079,4,0.79661000699283,15.7341404275998,2.52907875774822,1.49166466321074,0,0,0,0,0,0,0
610700,2019,610000,17.319581023915,29.5507098722736,47.3044807120988,2.85183771253656,3.38610776631394,3.856605020654,0,1.31345761520644,0.299212598425197,1.15534961600067,0.00650582578730613,4.34380542185368,1,6.66271723173815,4,0.80398166625895,15.4449690919738,3.28703280537226,1.47040113179335,0,0,0,0,0,0,0
610700,2020,610000,15.0169890310734,25.7432432425059,42.6178833040202,2.70918216226393,3.24817219432799,3.75227396105471,0,1.34833258537917,0.299605781865966,1.17258153476896,0.00650582578730613,3.76120011569356,1,6.5938010630568,4,0.80508785403986,15.7685034057463,2.44135074626906,1.36427248691635,0,0,0,0,0,0,0
610800,2011,610000,26.2703152160914,49.1906778882305,110.636358523751,3.26843960271535,3.89570413172938,4.7062487739782,0,0.937711357569976,0.144051793903426,1.58397197957977,0.00283229706629104,2.39789527279837,0,6.6133962684253,2,0.305820181208944,9.00963820030708,1.34346261422387,2.16337494017562,0,0,0,0,0,0,0
610800,2012,610000,26.2220306815753,48.416128023772,109.688586510056,3.26659992314652,3.87983298184758,4.69764531911591,0,0.963700889172825,0.145755472504004,1.67967534123115,0.00109205901865014,2.07944154167984,0,6.81860877818085,3,0.34152403589752,8.74207416229308,1.55876245309385,2.21969925132187,0,0,0,0,0,0,0
610800,2013,610000,24.6607471117166,46.5127700048882,111.748893607336,3.20521279377835,3.83972689865214,4.71625433283917,0,1.01585816391339,0.146949602122016,1.70935203380288,0.00100355288429913,2.77258872223978,0,6.86215962011686,4,0.347222222340485,10.1042317695949,1.64635218846835,2.47050053786986,0,0,0,0,0,0,0
610800,2014,610000,24.6938609980834,45.9513649601182,106.298371135645,3.20655467015439,3.82758355369496,4.66624996195341,0,1.05318404574023,0.148475120385233,1.72894454394807,0.00183663511119668,3.3322045101752,0,6.7194800206426,4,0.345484807708907,10.3008404427375,1.3886359136582,2.42127710434024,0,0,0,0,0,0,0
610800,2015,610000,23.0296148740297,42.5554276875422,95.1472190271221,3.1367809908977,3.75080740710853,4.55542536606461,0,1.08901924049305,0.15100937847719,1.63306524237899,0.0030028021976733,3.40119738166216,1,6.51100051327294,4,0.312185487222104,10.1130685297085,1.63991199240564,2.63948528234077,0,0,0,0,0,0,0
610800,2016,610000,21.1578022118208,38.6450974173144,85.9803660397917,3.05200873636987,3.65441992138149,4.45411896832578,0,1.12615433114727,0.151832460732984,1.65755999305233,0.00374258524082807,3.25809653802148,1,6.6010722669376,4,0.360194331171021,9.55727476229557,2.18262302282013,2.59954973734586,0,0,0,0,0,0,0
610800,2017,610000,20.8617301882138,39.0534283479038,90.641903653656,3.03791638900045,3.6649306662324,4.5069166188564,0,1.15646706492542,0.150649350649351,1.7623712823328,0.00389193684801395,4.02535169073515,1,6.66717438437424,4,0.359280044881124,10.0403483009925,2.17831258872126,2.48343164401394,0,0,0,0,0,0,0
610800,2018,610000,19.5380673219415,37.3982333898883,98.2141051460663,2.97236473291739,3.62162346774037,4.58714984197094,0,1.17377454987068,0.255208333333333,1.86168662765319,0.0030843883441129,4.24849524204936,1,6.70416444820514,4,0.391755102267341,9.72716274622452,2.00075250449539,2.59287001777868,0,0,0,0,0,0,0
610800,2019,610000,17.9503482773305,32.8853512787467,74.8503781936292,2.88760951738286,3.49302730873204,4.31549116353997,0,1.20030500589702,0.150649350649351,1.90972267309898,0.0030843883441129,4.45434729625351,1,6.81625016300461,4,0.360761451390054,10.0498224905506,1.68030014642899,2.45355317422322,0,0,0,0,0,0,0
610800,2020,610000,18.0787897245878,32.8853446952866,70.5761817991122,2.89473941271171,3.49302710853772,4.25669271929318,0,1.24845566601246,0.156939040207523,1.89492351860834,0.0030843883441129,4.23410650459726,1,6.89107175424562,4,0.350425396694077,9.68083163643414,1.13393454061258,2.38438187192019,0,0,0,0,0,0,0
610900,2011,610000,29.4447012732218,52.0438036685318,87.2404577412008,3.38251397109874,3.952085742221,4.46866818823852,0,0.456860923823784,0.3320222877745,0.607670780394222,0.0036406405238133,1.79175946922805,0,5.25108948386583,6,0.772900260439733,15.4641763490611,3.60465290209685,1.58557336555378,0,0,0,0,0,0,0
610900,2012,610000,29.2893719666399,51.5954340206169,85.3808495594092,3.37722471870604,3.94343318059968,4.44712183161305,0,0.475437921229014,0.333006535947712,0.690269477777325,0.00331511961802804,1.6094379124341,0,5.29142155839391,6,0.793057056371032,15.450314607813,2.55097479902446,1.59403989574905,0,0,0,0,0,0,0
610900,2013,610000,31.1501101307708,54.9478892844916,96.5632399270485,3.43881778072547,4.00638526854668,4.57019812973764,0,0.517062951063029,0.332468374959455,0.777114934563199,0.00299768972103157,1.38629436111989,0,5.54478109973569,7,0.792044424792615,16.5706651675928,2.42376650903798,1.61563797434173,0,0,0,0,0,0,0
610900,2014,610000,29.9267264568256,52.7511198870861,89.8364409213889,3.39875194257271,3.96558500221776,4.49799069389957,0,0.527314176913267,0.335075114304376,0.848275591197988,0.00315290778657504,1.6094379124341,0,5.77261934176512,7,0.795714284588651,16.2273480312246,2.81683922604934,1.60531786886186,0,0,0,0,0,0,0
610900,2015,610000,21.3403234556786,37.6311000838397,62.0239732747803,3.06059840300703,3.62783083840178,4.12752097603143,0,0.545921797846056,0.330839895013123,0.917637182132784,0.00384286677448454,1.94591014905531,1,5.98171390416898,8,0.8019081030677,16.215303968316,2.72780943825933,1.59218273106126,0,0,0,0,0,0,0
610900,2016,610000,21.3865622229436,37.7802086504951,63.0303616063856,3.06276279128768,3.63178538483458,4.14361654056053,1,0.56812002738509,0.332236842105263,0.963890891096712,0.00315290778657503,1.09861228866811,1,6.22965576085423,8,0.804967334266843,16.6573076022113,2.57627410759345,1.62276733004208,0,0,0,0,0,0,0
610900,2017,610000,19.8021355298455,34.9747053428162,58.3135764378523,2.98578978692725,3.55462509572167,4.0658349382503,0,0.589690474609172,0.331147540983607,1.03622593161658,0.00315290778657504,1.79175946922805,1,6.3996635136122,8,0.797914200621407,16.3347988434035,3.67265663489868,1.51733675237633,0,0,0,0,0,0,0
610900,2018,610000,18.3877737002516,32.6063502380908,59.1465361111244,2.91168597094263,3.48450706198252,4.08001802761283,0,0.608294267601016,0.332236842105263,1.10601522811368,0.00315290778657503,3.43398720448515,1,6.5179816487668,8,0.805256096964202,16.2769407197587,2.77241289534232,1.58686798848992,0,0,0,0,0,0,0
610900,2019,610000,17.5274394403214,30.7604292989076,49.5363370627687,2.86376762096943,3.42622910094147,3.90270648234432,0,0.624781209250372,0.335526315789474,1.12542796136415,0.00315290778657503,2.83321334405622,1,6.57937904123357,8,0.80562543432887,16.0360533962173,3.03830386320723,1.55502037758031,0,0,0,0,0,0,0
610900,2020,610000,14.8035445216804,26.2563435591825,43.5278179170173,2.69486664680393,3.26790761924013,3.77340022605177,0,0.643032831675293,0.338283828382838,1.06975296229394,0.00315290778657503,2.77258872223978,1,6.52842116151947,8,0.811429441792936,16.1207892759949,2.51139623871156,1.46904982159446,0,0,0,0,0,0,0
611000,2011,610000,29.7432720192719,52.3538126642958,94.2570420310871,3.39260295580302,3.95802476492808,4.54602554004719,0,0.592402368671132,0.223880597014925,0.650829335383802,0.0599474038178891,1.09861228866811,0,5.21617690307238,4,0.738225535158709,11.9787945067071,2.68130390038394,2.24229751960355,0,0,0,0,0,0,0
611000,2012,610000,30.1607607804602,52.6031884479561,93.2817350630384,3.40654176763793,3.96277673478783,4.53562432301923,0,0.621895764855022,0.222668810289389,0.713791931737655,0.011524320659943,2.83321334405622,0,5.36173390870881,4,0.757500260959178,11.9915578807507,1.85893967147312,2.30936462875913,0,0,0,0,0,0,0
611000,2013,610000,31.9392913789276,56.138268301929,105.003700875084,3.46383695653348,4.02781772439331,4.65399559596575,0,0.67412557048011,0.221069433359936,0.7982984232568,0.00757369849500548,1.6094379124341,0,5.63155513007239,4,0.745755101953234,13.3691523107056,1.76775017424318,2.52104691106432,0,0,0,0,0,0,0
611000,2014,610000,29.9923305552462,52.6926430061221,96.0783068789256,3.40094170082013,3.96447584440028,4.56516355562359,0,0.69110773185112,0.224076281287247,0.857857456319941,0.0385918878263877,2.39789527279837,0,5.87087805213056,4,0.758469387725159,13.0123347035429,2.37730381731099,2.37994622526297,0,0,0,0,0,0,0
611000,2015,610000,22.7230867508049,39.8721200686911,70.3381922474371,3.12338144513553,3.68567733451406,4.25331492650855,0,0.713135784615413,0.222899486076252,0.90403857670957,0.0293432489082156,2.39789527279837,1,6.07264987089804,4,0.768133961237394,12.7431185102572,2.31548558420261,2.67479304562504,0,0,0,0,0,0,0
611000,2016,610000,22.5672691103575,39.5826092363624,69.569864343533,3.11650058706915,3.67838986110321,4.24233149000599,0,0.738705620764234,0.225296442687747,0.961982056493937,0.0288477295753356,3.09104245335832,1,6.27196674654179,4,0.778350077924274,13.0744016974969,2.3155954807665,2.72396337136341,0,0,0,0,0,0,0
611000,2017,610000,21.0882116044295,37.1960558331116,67.3595694564572,3.04871419262244,3.61620272966632,4.21004497823397,0,0.760885464245007,0.221343873517787,0.989682792225622,0.0290010955980244,3.73766961828337,1,6.42929394945164,4,0.769778126325363,12.9857965823321,2.77533148318901,2.58322427736366,0,0,0,0,0,0,0
611000,2018,610000,19.731309213162,35.01999155586,69.3553125718746,2.98220667430348,3.55591908573432,4.2392427490449,0,0.78104603122473,0.223107569721116,1.02308480865468,0.0290010955980242,3.78418963391826,1,6.51356808315072,4,0.781363684615809,12.8148243552684,2.10064746948401,2.68715510248235,0,0,0,0,0,0,0
611000,2019,610000,18.6482658232034,32.5822918470697,57.2466084577489,2.92575315641539,3.48376894591372,4.04736839976685,0,0.792361339180496,0.224,1.02688726841733,0.0290010955980242,3.61091791264422,1,6.4836435174668,4,0.771045003618513,12.7714308084111,2.22559218702434,2.54230141430296,0,0,0,0,0,0,0
611000,2020,610000,16.2125719345547,28.5792625713582,50.7520576663256,2.78578698661373,3.35268136990705,3.92695216224924,1,0.818533738476555,0.224448897795591,0.946976079127808,0.0290010955980243,3.76120011569356,1,6.4358195441022,4,0.790689168177245,12.7237931026419,2.10775516149473,2.41399364091909,0,0,0,0,0,0,0
620100,2011,620000,29.2458013908483,55.0294411329672,129.59799194059,3.37573602118148,4.00786833534078,4.86443728951257,0,1.14457805037169,0.646767708011135,1.29079700197249,0.0891841171182287,4.77068462446567,0,6.3895292072154,7,0.261389473629625,5.82418017349384,1.026505149573,2.76357162250812,0,0,0,0,0,0,0
620100,2012,620000,27.5656024881358,51.1464912905751,116.928316900897,3.31656870880028,3.9346938935751,4.76156107097437,0,1.15858321714636,0.64199066874028,1.38081852885975,0.136998407834334,5.09375020080676,0,6.6316216425386,7,0.309357895584483,5.48422946010957,1.27253880222631,2.67667049646409,1,0,0,0,0,0,0
620100,2013,620000,29.3763305213844,57.5431088787243,140.525741459748,3.38018926578357,4.05253438653392,4.94539068522895,0,1.18786178877754,0.670374389582203,1.35790608611822,0.141510117001424,4.95582705760126,1,6.67101887397489,7,0.305123308222545,6.7087390029106,1.09188076319968,2.73851374341047,1,0,0,0,0,0,0
620100,2014,620000,28.5470498285698,53.5012201914344,119.948996331303,3.35155359726256,3.97970446095841,4.78706662185848,0,1.19186423906806,0.641846810781959,1.42736125147569,0.140004572207918,5.19849703126583,1,6.6277823554619,8,0.298184962335386,6.46104926615582,1.29680682903844,2.83563579353543,1,0,0,0,0,0,0
620100,2015,620000,25.0795024576387,46.2968288149449,105.535292230099,3.22205087735577,3.83507346662868,4.65904542048365,0,1.19960321876098,0.636036036036036,1.58156202243633,0.150310045060424,5.48063892334199,1,6.97540818671459,8,0.262723307468389,6.72210047434922,1.09428014798258,2.88817804420997,1,0,0,0,0,0,0
620100,2016,620000,23.1674824180473,41.5673013310428,99.3023387955732,3.14274967557251,3.72731383249096,4.59816912359927,0,1.2081535980869,0.635802469135803,1.62688577299656,0.0972270285205786,5.50125821054473,1,7.0601769187951,9,0.290396240157516,6.59439145038797,1.15432452971947,2.88004442683352,1,0,0,0,0,0,0
620100,2017,620000,22.0061120265645,40.2555135666151,105.782690067184,3.09132023416295,3.69524697750475,4.66138689608763,0,1.22575892457774,0.634969325153374,1.66796763056406,0.0501245425636341,5.78074351579233,1,6.60421225619188,9,0.299031578592564,6.40251033295829,1.35403291405295,2.72425431006233,1,0,0,0,0,0,0
620100,2018,620000,21.0568632764913,38.8841482447532,103.711782001485,3.04722655337595,3.66058666743878,4.64161572499655,0,1.24451657491714,0.63719512195122,1.70801909174925,0.0958350596534073,5.86929691313377,1,6.68412437007153,9,0.366362405842856,6.27699933157312,1.9294140799425,2.76066345317711,1,0,0,0,0,0,0
620100,2019,620000,17.2605795795566,31.335008162688,73.0743209474477,2.84842526444009,3.44473594417407,4.29147701841151,0,1.25175098677105,0.63855421686747,1.71823572603553,0.0958350596534073,6.11809719804135,1,6.62361744316009,9,0.387652632123546,6.22948245605153,1.71078363216646,2.78379074761003,1,0,0,0,0,0,0
620100,2020,620000,17.3407131353449,30.7149892668424,69.3889757206076,2.85305709711254,3.42475078517231,4.23972800360648,0,1.2664311834925,0.640718562874252,1.72361546085788,0.0958350596534068,5.98645200528444,1,6.65175319458227,9,0.322223307466821,6.28875432222372,1.90178030510779,2.8171046191921,1,0,0,0,0,0,0
620200,2011,620000,23.5091941596089,43.5114576105013,132.277583973411,3.1573915854698,3.77302429675756,4.88490262345791,0,0.162331578231842,1,2.1480150463841,0.258785236181137,0.693147180559945,0,3.71057372037621,1,0.308857142925263,7.92567015350993,0.26902893069869,2.24461494726564,0,0,0,0,0,0,0
620200,2012,620000,22.2847245687137,42.1688833546942,133.556084466958,3.10390144682982,3.74168258779427,4.89452149798622,0,0.180482732520328,1,2.23245390857979,0.1997285561366,1.09861228866811,0,4.04575950806875,1,0.335428565740585,7.86544957276143,0.364684279036607,2.37112175793245,0,0,0,0,0,0,0
620200,2013,620000,22.9680342991248,44.3228437593668,140.33239315524,3.13410343616164,3.79150020462623,4.94401384538546,0,0.214433474549804,1,2.05138294533324,0.226694627208432,1.6094379124341,0,4.12249000926413,1,0.350857138633728,9.09482972886294,0.298605686606343,2.41156973609908,0,1,0,0,0,0,0
620200,2014,620000,22.631542115434,42.7070729176091,134.398871301762,3.11934460206228,3.75436454861602,4.90081203000142,0,0.226264793741894,1,1.94342499931143,0.0828166999257043,1.79175946922805,1,4.30798753171558,1,0.343857139348984,8.8848145331887,0.266941431525948,2.41663839593574,0,1,0,0,0,0,0
620200,2015,620000,21.8638617449468,40.5240460237992,115.562660627352,3.084835125195,3.70189552690787,4.74981289910724,0,0.229498197744701,1,1.88208264439764,0.103300703551715,2.56494935746154,1,4.44873661704943,1,0.33685714006424,8.95956927509202,0.917547468127063,2.53474939500542,0,1,0,0,0,0,0
620200,2016,620000,20.3550923319146,37.9954038873589,113.88833264212,3.01333111802496,3.63746520207864,4.73521843010639,0,0.231776277837588,1,1.66266270042163,0.12472419994996,1.79175946922805,1,4.54167367164648,1,0.337857156991959,8.59324560617199,2.01813639801584,2.45336708076405,0,1,0,0,0,0,0
620200,2017,620000,15.9874118895308,29.647737374906,107.957993050107,2.77180165567982,3.38938581139887,4.68174219822254,0,0.236038492204924,1,1.95352727076362,0.08227252345073,1.38629436111989,1,4.41625015739036,1,0.353714287281036,9.23511157564181,0.365777991537373,2.56360050961298,0,1,0,0,0,0,0
620200,2018,620000,16.9922210060724,31.8352905149339,116.56358016903,2.83275565145284,3.46057543907315,4.75843687666087,0,0.24632659585022,1,2.16750821483671,0.242739931694784,2.484906649788,1,4.1687831209834,1,0.349428564310074,8.02868411316298,3.01658873801338,2.48419229829801,0,1,0,0,0,0,0
620200,2019,620000,15.7045971440122,28.3763794433615,85.0930001233222,2.7539534812138,3.34555708936393,4.44374477747616,0,0.255585889130986,1,2.10590250275548,0.242739931694784,2.484906649788,1,4.26896458597819,1,0.369857132434845,8.69693959804349,4.13633270743917,2.48977177537389,0,1,0,0,0,0,0
620200,2020,620000,16.1034656744529,30.9637911741265,90.8056592064496,2.77903450810825,3.43281849516931,4.50872160972728,0,0.269033910324479,1,2.0984826454901,0.242739931694784,2.77258872223978,1,4.33785994435395,1,0.378285706043243,8.78570823035595,0.254568267736914,2.42072132760053,0,1,0,0,0,0,0
620300,2011,620000,23.6339326743581,46.342171641845,120.911565143924,3.16268350453536,3.83605238113115,4.79505941180442,0,0.143201133144476,0.493562231759657,1.41813510096099,1.21216423291404,2.39789527279837,0,4.40547282099196,3,0.276538462363757,6.21203501255335,0.772478212738549,2.99351210674415,0,0,0,0,0,0,0
620300,2012,620000,22.0337982166077,44.2065892118709,119.485957104774,3.09257755705656,3.7888738551644,4.7831988506987,0,0.156775259678942,0.494646680942184,1.43293670580438,0.891445541052344,2.30258509299405,0,4.72909641404195,3,0.273637362626883,5.94428029630188,0.844324307166486,2.93137607980081,0,0,0,0,0,0,0
620300,2013,620000,22.5850755535089,46.8249610487748,133.508424671015,3.11728931439692,3.84641641648303,4.89416458199912,0,0.166772898961284,0.492537313432836,1.43997643666677,0.928106215705394,3.09104245335832,0,4.79482467175102,3,0.263191208701867,7.3450399664063,0.610496983964924,3.05424128885862,0,1,0,0,0,0,0
620300,2014,620000,21.8994503354636,44.1128476134374,119.026343297732,3.0864615376702,3.78675106912761,4.77934484086216,0,0.168319169027384,0.493617021276596,1.44273993762134,0.469808232168428,2.39789527279837,1,4.98779558140409,3,0.284279122260901,7.21828626912485,0.905292052262902,3.15794873246518,0,1,0,0,0,0,0
620300,2015,620000,20.7175532544888,40.8226874773142,106.211051490484,3.03098132424524,3.70923799248336,4.66542816639257,0,0.169582152974504,0.454147515867805,1.36480349939617,0.926665030790181,3.40119738166216,1,4.99358600693654,3,0.280841758159491,7.22854888771749,0.778304142161101,3.15157113098322,0,1,0,0,0,0,0
620300,2016,620000,19.3140451117463,37.3164535369053,104.817652147567,2.96083255724389,3.61943434297773,4.65222219422569,0,0.171966477809254,0.456521739130435,1.29273708674434,0.926665030790181,2.99573227355399,1,4.89802505968437,3,0.274008790117044,7.15568065083683,0.860291020480052,3.19755479248259,0,1,0,0,0,0,0
620300,2017,620000,16.6371596256746,32.3012595909351,98.0864090037641,2.81163872525048,3.47510622609164,4.58584881470805,0,0.174421624173749,0.456521739130435,1.35574036994077,0.926665030790179,3.68887945411394,1,3.95570608549602,3,0.304219779830713,7.21024412840912,0.879824661664911,3.10009672221611,0,1,0,0,0,0,0
620300,2018,620000,16.2316590543336,32.3995116844313,106.857195131557,2.78696359776457,3.47814335121654,4.67149331811811,0,0.180394239848914,0.466666666666667,1.43127846778184,0.926665030790175,3.2188758248682,1,4.03034409535432,3,0.283800000181565,6.87345211332316,1.00000463320737,3.12084430950312,0,1,0,0,0,0,0
620300,2019,620000,14.1328568188693,27.0496764668566,72.0393608595924,2.64850235735538,3.29767504466113,4.27721264824719,0,0.181916902738433,0.466666666666667,1.61837508264186,0.926665030790179,3.36729582998647,1,4.11622532842102,3,0.313417581640757,7.05048251256825,1.09736128011365,3.29758532576576,0,1,0,0,0,0,0
620300,2020,620000,14.7295320706939,27.8524145101397,72.6910904801681,2.68985446287517,3.32691965956828,4.28621882517475,0,0.264447592067989,0.477777777777778,1.65596924297512,0.92666503079018,3.36729582998647,1,4.2048951189141,3,0.289424174794784,6.93308275521327,1.42686652405624,3.16274133876213,0,1,0,0,0,0,0
620400,2011,620000,28.4805715069338,52.4828813212986,122.997107944049,3.34922215329938,3.96048704635467,4.81216084244598,0,0.218149407287106,0.279821627647715,0.838311392302698,0.164465333002295,2.19722457733622,0,4.93231466943738,4,0.205383833086788,6.69766399166782,1.01265176168659,2.96838490759927,0,0,0,0,0,0,0
620400,2012,620000,26.0752675044256,48.5114472695233,116.242548770165,3.26098725987259,3.88179979626938,4.75567894581246,0,0.222533802387475,0.280022766078543,0.920903719566078,0.0768251467428129,2.39789527279837,0,5.28049618011436,4,0.249913064928666,6.44477556225061,1.16857766489413,2.92723885373926,0,0,0,0,0,0,0
620400,2013,620000,28.2774475607231,53.696172488232,132.86934276283,3.34206458096931,3.98334172315022,4.88936626012323,0,0.232507293591277,0.276271186440678,0.943402655247452,0.104446566558063,2.19722457733622,0,5.35169579073838,7,0.238682256580672,7.81400987444722,1.18735226965158,2.98277070159822,0,0,0,0,0,0,0
620400,2014,620000,27.2947969933335,49.9257925390987,116.617600215116,3.30669609770225,3.91053775376974,4.75890020776644,0,0.234670381265923,0.276559865092749,0.913331702309131,0.112390421117186,3.63758615972639,0,5.53791567630665,7,0.249537874530219,7.51729412050564,1.27038213838277,3.04665596617987,0,0,0,0,0,0,0
620400,2015,620000,24.6181835004397,44.941766842251,104.318088839836,3.20348533657371,3.80536758156626,4.64744477784024,0,0.238351660910973,0.273511838902412,0.885902524701124,0.120271012216743,2.77258872223978,1,5.63996871481843,7,0.218857651185311,7.67805556552637,1.08373656672534,3.06675144713955,0,0,0,0,0,0,0
620400,2016,620000,22.3610372213883,40.4290218962827,98.9508663435375,3.10732003457187,3.69954789083673,4.59462342737697,0,0.242270298002722,0.274725274725275,0.88431197372269,0.122455034219795,3.40119738166216,1,5.73362923502053,7,0.226890188254071,7.61876714391352,1.05977666681076,3.08282834278801,0,0,0,0,0,0,0
620400,2017,620000,20.9556805061096,38.4005182370507,103.725108135837,3.0424097554911,3.64807095525914,4.64174420874273,0,0.250533024213326,0.274725274725275,0.90445472745347,0.117572490310639,3.04452243772342,1,5.15245397027198,7,0.238281138639009,7.48940620934751,1.31094061487462,2.94010537553524,0,0,0,0,0,0,0
620400,2018,620000,20.6224094723703,38.4959904121156,109.736473192428,3.02637832299261,3.6505540907304,4.69808179326519,0,0.256753580693829,0.274725274725275,0.92593362747913,0.114981455713913,3.29583686600433,1,4.88473400410037,7,0.296122012613507,7.26798613480733,1.73214802528694,3.00491288703385,0,0,0,0,0,0,0
620400,2019,620000,16.5527337934556,30.1928277768947,73.7413507316876,2.80655127207631,3.40760440534411,4.3005637101279,0,0.258885319271741,0.276243093922652,0.890958988527431,0.114981455713913,3.29583686600433,1,4.994788222036,7,0.310194204392382,7.28525310229002,1.51346436930506,2.95075108173466,0,0,0,0,0,0,0
620400,2020,620000,16.9694843084785,30.5336069507604,71.2531947757846,2.83141669036239,3.41882794424127,4.2662396571019,0,0.262356112124433,0.277008310249307,0.902941690573594,0.114981455713913,3.89182029811063,1,5.13846590954028,7,0.279697001510668,7.25406130304222,1.61006588571258,2.91381883631186,0,0,0,0,0,0,0
620500,2011,620000,26.5922679343145,46.5399128615639,90.7118955076985,3.28062049437117,3.84031028553814,4.50768850075621,0,0.776273286827498,0.354437229437229,0.473819254468949,0.0473153926760242,2.56494935746154,0,5.20956414690696,2,0.550428571529908,10.2187927485878,1.81916435643276,2.49396991549254,0,0,0,0,0,0,0
620500,2012,620000,25.1296597730818,43.5733560769869,85.293731802621,3.22404881278824,3.77444586440612,4.44610096765476,0,0.802396807836855,0.352408836837903,0.514529786085733,0.0472874529247686,1.79175946922805,0,3.09331313790482,2,0.605955446858217,10.0784548646111,1.58508664649303,2.46632478057203,0,0,0,0,0,0,0
620500,2013,620000,27.9436619620683,49.0906888563346,104.526989580428,3.33019041045413,3.89366938049004,4.64944531155493,0,0.864433866295608,0.352116402116402,0.542517487866681,0.0502166577715273,2.07944154167984,0,5.535109025126,3,0.599719234179742,11.3628933947803,2.28524039970236,2.44499310870369,0,0,0,0,0,0,0
620500,2014,620000,26.3871381439001,46.3779639527131,95.6849486449639,3.27287669991699,3.83682443161223,4.56106100965251,0,0.892423353091347,0.356927297668038,0.615640903984518,0.043711894032735,2.83321334405622,0,5.76517357791542,3,0.55842079074666,11.2091777648227,1.54110488030177,2.47536185988376,0,0,0,0,0,0,0
620500,2015,620000,20.383361179641,35.2224426675577,69.695194296514,3.01471893959534,3.56168345522185,4.24413136698934,0,0.9267546019854,0.355666312607239,0.63905174445724,0.0517149413812599,2.77258872223978,1,5.87935561294223,3,0.597239746463181,11.2941800861438,1.43612849346725,2.47151215820131,0,0,0,0,0,0,0
620500,2016,620000,20.2713848225871,34.8395213979954,68.8319337546462,3.0092102769555,3.5507524147486,4.23166779066398,0,0.97177102658188,0.355795148247978,0.658084450393673,0.0582934600482942,3.04452243772342,1,5.9728455954716,3,0.562499293006293,11.5103213259588,1.49122430830387,2.56358947646309,0,0,0,0,0,0,0
620500,2017,620000,19.4070941816728,33.5023149027467,70.925087187288,2.96563867869251,3.51161453801815,4.26162420998268,0,1.00561687221393,0.355795148247978,0.662598663623146,0.064717328114591,2.56494935746154,1,5.92566883321856,3,0.584603959528527,11.1772411646074,2.03080561023341,2.47423573092573,0,0,0,0,0,0,0
620500,2018,620000,19.2194413903684,33.5890268977571,75.0689754651134,2.95592233914311,3.51419943320626,4.3184073637645,0,1.02228448552203,0.354838709677419,0.668064381117934,0.0473014228003962,1.79175946922805,1,5.87524187816549,3,0.625002828860047,10.7746126077659,2.1648481019252,2.52677104926845,0,0,0,0,0,0,0
620500,2019,620000,15.3780595995276,26.4271807109338,52.7409085995577,2.7329417922383,3.27439305288999,3.96539140867886,0,1.03618466984288,0.354838709677419,0.647607225557784,0.0473014228003962,2.56494935746154,1,5.97113246285859,3,0.628786423271245,10.8484142816827,2.04184962720485,2.52182614979458,0,0,0,0,0,0,0
620500,2020,620000,13.8921029339485,23.670471478124,46.7282523756546,2.63132054443892,3.16422834213292,3.84434895767477,0,1.07178931430737,0.354838709677419,0.67048669982664,0.047301422800396,2.94443897916644,1,6.09390835404033,3,0.648287128693987,9.57220836725348,2.17367282690959,2.73403834256549,0,0,0,0,0,0,0
620600,2011,620000,24.2766213079973,47.5837082741283,124.36812280977,3.18951380115398,3.86249043950341,4.82324589995819,0,0.0424381434266463,0.535416666666667,0.636776478664757,0.0136825908583455,1.79175946922805,0,5.18770087043019,5,0.352133817373449,6.05197905300528,0.816887722687008,3.4133120842096,0,0,0,0,0,0,0
620600,2012,620000,22.8850104842799,45.7498412232611,123.156551837995,3.1304821322344,3.8231883211857,4.81345632524633,0,0.0442854541145248,0.53578947368421,0.74222745700209,0.00758780183045755,1.94591014905531,0,5.53998155374088,5,0.384992196529853,5.83096017631737,0.918050998606974,3.31477996889313,0,0,0,0,0,0,0
620600,2013,620000,23.2529231394371,47.599403624547,133.600813520038,3.14643085055786,3.86282023226282,4.89485635030585,0,0.0463161069157867,0.538992042440318,0.793856132257739,0.00380343407296758,1.09861228866811,0,5.59727439609287,5,0.344145246941175,7.34888846671014,0.559080814754906,3.44209465073263,0,0,0,0,0,0,0
620600,2014,620000,22.6239444214106,45.6320383362059,121.667730434323,3.11900883309033,3.82061006490819,4.80129380817197,0,0.0468077971289514,0.541556379036527,0.821904829384516,0.00714722499691971,1.94591014905531,0,5.7872410925577,5,0.360666866312508,7.17623612478983,0.894264427583248,3.54437240418956,0,0,0,0,0,0,0
620600,2015,620000,21.5964468394978,42.382575480374,110.15248813321,3.07252880298741,3.74673732212094,4.70186566158343,0,0.0475550551365293,0.542780467270048,0.83252562010598,0.00567416762618948,2.70805020110221,1,5.90767228253402,5,0.348469217639089,7.12741229858566,0.824651784744729,3.57499844489034,0,0,0,0,0,0,0
620600,2016,620000,19.7511170893124,38.3304547749627,105.463371242905,2.98321005123176,3.64624474404847,4.65836370062064,0,0.0491856887813183,0.544502617801047,0.881336653795642,0.00394494400702811,2.63905732961526,1,5.99937605508542,5,0.369276710167652,6.99670460749191,0.853026586783405,3.64205407436882,0,0,0,0,0,0,0
620600,2017,620000,17.802242572053,35.1249692627273,107.078530998448,2.87932443655631,3.55891225257103,4.67356249982858,0,0.0518219261389073,0.547368421052632,0.864986104551806,0.00275288998433242,3.13549421592915,1,5.20207866552976,5,0.373427970569675,7.08316926689364,0.84862386388979,3.53922789996046,0,0,0,0,0,0,0
620600,2018,620000,17.0267280926106,33.9541148020557,110.451510894657,2.83478435012151,3.52501004848821,4.70457660921717,0,0.0555332149795173,0.55026455026455,0.852849015239747,0.00378809951966452,2.99573227355399,1,4.93183101536287,5,0.38420860812255,6.80521963210833,1.06617272481514,3.579834580079,0,0,0,0,0,0,0
620600,2019,620000,14.8159882752296,28.449249572749,77.0102961060891,2.69570688654482,3.34812178316819,4.34393912857804,0,0.0575444224051174,0.55026455026455,0.868060537752495,0.00378809951966451,2.99573227355399,1,5.05226305731529,5,0.415075911450586,6.92162227412651,1.16262482505793,3.61594576261704,0,0,0,0,0,0,0
620600,2020,620000,15.4935313391926,29.3971406248636,77.0357358978473,2.74042260386225,3.3808974119571,4.34426941676084,0,0.0593500644308633,0.553191489361702,0.912486507358693,0.00378809951966451,3.2188758248682,1,5.17319117291139,5,0.377323371782961,6.854632541297,1.92255627479536,3.47115503201696,0,0,0,0,0,0,0
620700,2011,620000,22.3779333661538,43.2171593928485,108.241592770189,3.10807535573134,3.76623762455157,4.684365698926,0,0.0558651492280396,0.394957983193277,0.801702244765427,0.00462022450225715,1.6094379124341,0,4.51125477880659,6,0.295421751300294,7.08693350086179,0.438660299463274,2.69186058414363,0,0,0,0,0,0,0
620700,2012,620000,21.2298448781378,41.4556769129973,106.674255290331,3.05540796895921,3.72462483029742,4.66977984794195,0,0.0565203216587768,0.393730886850153,0.861412950446474,0.00391936863949858,1.79175946922805,0,4.85458404795362,6,0.305281418139923,6.77048828540166,0.561698266939715,2.70724176516595,0,0,0,0,0,0,0
620700,2013,620000,21.1768236837474,42.4159207399176,114.244724932134,3.05290736120967,3.7475237809085,4.73834285743604,0,0.0586262330432893,0.395277989337395,0.929603696220645,0.00428391508988231,2.19722457733622,0,4.9129502816191,7,0.298203724163367,7.9865462735054,0.471634539442289,2.78330214288698,0,0,0,0,0,0,0
620700,2014,620000,21.0752905724798,41.1454902700723,105.810353869308,3.0481012913364,3.71711432865256,4.66164837729483,0,0.0596136714924718,0.390902081727063,0.976294316103035,0.00395154119425334,2.77258872223978,0,5.09703630857584,7,0.300512773639309,7.8189865607048,0.581195594621988,2.82665633367497,0,0,0,0,0,0,0
620700,2015,620000,20.9203274442599,40.0460329319193,98.1662731544263,3.0407212912855,3.6900296157224,4.58666270580184,0,0.0604724153570452,0.390712693165219,0.994563407378808,0.00474027650470408,2.56494935746154,1,5.22336506982464,7,0.301386216627293,7.95378186756478,0.701491845112,2.86104227304813,0,0,1,0,0,1,0
620700,2016,620000,18.4967443203797,35.1681436885372,89.4295612900884,2.91759473391533,3.56014066398792,4.49345129072254,0,0.061340518827772,0.389312977099237,1.02457960449067,0.00527997910659581,3.09104245335832,1,5.32093970293298,7,0.31266451823084,7.80067556836968,1.03384684346486,2.85699456242515,0,0,1,1,0,0,0
620700,2017,620000,15.321658459693,29.4817004842588,82.5186858811316,2.7292674130025,3.38376974829863,4.41302476322326,0,0.0626110853630946,0.389312977099237,1.00431266275055,0.00607379758499765,3.25809653802148,1,4.92601766613007,7,0.324736822955784,8.04462138448135,0.667908962757037,2.83560805230565,0,0,1,1,0,0,0
620700,2018,620000,14.4445406976625,28.2102090250603,84.3820956192069,2.67031653678149,3.33968393459511,4.43535524188444,0,0.0641741395907105,0.389312977099237,0.988647671332739,0.00567688834579675,4.07753744390572,1,5.00601637313434,7,0.320495166724786,7.22900389189775,1.32543230549252,2.86184237893497,0,0,1,1,0,0,0
620700,2019,620000,12.5783493227628,24.0257979696487,64.8084794228857,2.53197702825616,3.17912816844208,4.17143645008887,0,0.0650352233568223,0.396946564885496,1.04201045082216,0.00567688834579674,3.29583686600433,1,5.11951230615611,7,0.335251092587655,7.75365801677738,1.81833253960885,2.85093057695461,0,0,1,1,0,0,0
620700,2020,620000,12.4404937317096,23.9742539339253,62.3335177482061,2.52095677556762,3.17698050178376,4.13249928670947,0,0.0675225386920854,0.396946564885496,1.06440641306035,0.00567688834579673,2.63905732961526,1,5.19378249067622,7,0.320664518309715,7.64378269298478,0.690821900220154,2.76528501196691,0,0,1,1,0,0,0
620800,2011,620000,29.0054132771436,51.1814424741085,103.469131188516,3.36748247729587,3.93537701466641,4.63927331883391,0,0.67757249291663,0.230042918454936,0.55542055580691,0.00319204432136788,1.6094379124341,0,5.28503372939212,3,0.499806827156799,9.58454611693348,1.87480227140399,2.43847323421194,0,0,0,0,0,0,0
620800,2012,620000,27.9366100856003,48.7538885733899,99.1832389166208,3.32993801810717,3.88678495987075,4.59696903748099,0,0.702838017638768,0.23034188034188,0.614692481401951,0.00357605088704819,0,0,6.06601869729156,3,0.556542675075291,9.51686319809679,1.48701219553885,2.43376418246682,0,0,0,0,0,0,0
620800,2013,620000,29.6064529025644,53.1895788926747,115.296977219072,3.38799234103573,3.97386249168349,4.74751121027109,0,0.75705935512702,0.221647261750755,0.632044611521362,0.00339890008615478,1.09861228866811,0,5.58123104364225,3,0.555548968180171,11.0725137819884,2.0946728571196,2.41814034049685,0,0,0,0,0,0,0
620800,2014,620000,28.3294703103962,49.9702731130132,105.272112503792,3.34390261654078,3.91142829088077,4.65654854554352,0,0.774442554071015,0.219512195121951,0.636465691189502,0.0049641214092261,1.94591014905531,0,5.76479043614829,7,0.546267743755437,10.747523391247,1.72428996711894,2.37938682749008,0,0,0,0,0,0,0
620800,2015,620000,23.1531320944389,40.6871302398438,84.5081723184762,3.14213006703672,3.70591183212028,4.43684824351477,0,0.799813284373354,0.219838681997597,0.633885230049894,0.00589792424992999,1.38629436111989,1,5.87962432670067,7,0.557216530138592,10.6258932033576,1.65983435814893,2.34652874918059,0,0,0,0,0,0,0
620800,2016,620000,22.1411551227992,38.7106631993734,80.1019948196838,3.09743809948766,3.65611509695051,4.38330075788011,0,0.836020189436405,0.222222222222222,0.651390890345479,0.00642858781455857,0.693147180559945,1,5.97221068995581,7,0.529921832886882,10.9018896051886,1.5041246975786,2.44520602785452,0,0,0,0,0,0,0
620800,2017,620000,21.3080423238585,37.4061782894928,82.1120128289092,3.05908457534237,3.62183588568353,4.40808432522987,0,0.863600236922967,0.222222222222222,0.649370725207445,0.00700815259774802,1.94591014905531,1,5.47312484030379,7,0.536398921935063,10.4384569140133,2.02139175243228,2.53058900410744,0,0,0,0,0,0,0
620800,2018,620000,20.4635195810367,36.6349779950536,88.2844675324485,3.01864376826286,3.6010034669581,4.48056418650192,0,0.881630854822045,0.222222222222222,0.650085105684644,0.00334812534253498,1.79175946922805,1,5.24198072853606,7,0.586743036531053,10.0082407153858,2.70632525362995,2.54704725072734,0,0,0,0,0,0,0
620800,2019,620000,17.5679442906096,30.4498071956495,63.9228553562212,2.86607589425023,3.41607966230169,4.15767697123974,0,0.892523678741327,0.226495726495726,0.715661327020683,0.00334812534253497,1.79175946922805,1,5.34537798437794,7,0.593663969317322,10.0876485122001,2.17384190969753,2.47154268219537,0,0,0,0,0,0,0
620800,2020,620000,16.1631156780617,27.8705735187347,57.5847245590088,2.78273183636931,3.32757141963644,4.05325733390215,0,0.927589507896043,0.227467811158798,0.736360747724727,0.00334812534253497,3.09104245335832,1,5.47447012687485,7,0.610358490883929,9.72126052617327,2.0214247929921,2.48999826876558,0,0,0,0,0,0,0
620900,2011,620000,22.4821274660271,43.956614498672,145.517741113105,3.11272065871605,3.78320311334573,4.98029801122727,0,0.0116979258048884,0.409687184661958,1.39735515680368,0.00172369756315728,2.63905732961526,0,5.86739299415482,2,0.224162991714958,7.43218601901374,0.178518716461869,2.82080482887472,0,0,0,0,0,0,0
620900,2012,620000,21.9431605948109,43.1958732868789,144.690422126995,3.08845550075324,3.7657449649205,4.97459644020271,0,0.0118476790075848,0.411943319838057,1.51746078818022,0.0079955528069026,2.99573227355399,0,6.1738510232401,2,0.235671525909787,7.07965517600249,0.310496058931899,2.78625608600969,0,0,0,0,0,0,0
620900,2013,620000,22.6187395336904,44.8273001825444,150.319070026486,3.11877874560266,3.80281733289956,5.01276016846078,0,0.012186904900431,0.36913357400722,1.49787296094433,0.0103374887709672,3.40119738166216,0,6.20912949437257,3,0.228248321920033,8.14720936617108,0.232051553010627,2.87233468392508,0,0,0,0,0,0,0
620900,2014,620000,22.4388215806765,44.5549512306876,148.162264875154,3.11079256504547,3.79672328647734,4.99830805746538,0,0.0123033796136392,0.371402877697842,1.44854805551461,0.00766845569590213,2.99573227355399,0,6.38916423273741,3,0.226605041774319,7.96112779324588,0.185325149444255,2.88131052652684,0,0,0,0,0,0,0
620900,2015,620000,21.6555558751497,41.4421568775371,122.154683537948,3.07526204393536,3.72429864479988,4.80528813948157,0,0.0124225380759997,0.372063833602295,1.3603096536425,0.00864938666835149,2.89037175789616,1,6.4903237047379,6,0.231027991083023,8.12829484104143,0.320678096600788,3.03859667849573,0,0,0,0,0,0,0
620900,2016,620000,20.0919965747745,39.0002278892911,129.326946749661,3.0003215554107,3.66356748942773,4.8623436689343,0,0.0125942980217446,0.366071428571429,1.39091672535754,0.00858268314996269,2.77258872223978,1,6.56686859805404,6,0.231040268186355,8.0076648911196,0.571420766603367,3.00648713802235,0,0,0,0,0,0,0
620900,2017,620000,16.8735888904255,32.4325744309396,114.98138514275,2.82574961195402,3.47916330140959,4.74477024693725,0,0.0128267106983307,0.414141414141414,1.46555685019211,0.00886653504300143,3.40119738166216,1,5.81729853977123,6,0.240623906558874,8.30990452366517,0.304842182084322,2.97544694722296,0,0,0,0,0,0,0
620900,2018,620000,16.3890874626357,32.456774520696,123.080788719602,2.79661571473447,3.47990918933324,4.81284095861987,0,0.0130762993694912,0.414141414141414,1.45144025926765,0.00878256777488328,3.36729582998647,1,5.85214622740856,6,0.246518695814498,7.50385640194212,0.658023612841307,3.01447706880295,0,0,0,0,0,0,0
620900,2019,620000,15.7119038449413,29.6099170912402,103.034359946034,2.75441863174494,3.38810934208392,4.63506252430936,0,0.0134933539877531,0.414141414141414,1.46831155636051,0.00878256777488326,2.70805020110221,1,5.97790469289309,6,0.258195765923571,7.93029487208875,1.08820256909058,2.92425989380351,0,0,0,0,0,0,0
620900,2020,620000,15.2194945987298,30.7257979986905,99.8755672110283,2.72257714549125,3.42510262740744,4.60392508327961,0,0.0137944706426371,0.419191919191919,1.51309526283217,0.00878256777488327,2.99573227355399,1,6.08694540959033,6,0.239211889121356,7.69711696612158,0.339157235794634,2.77221195657149,0,0,0,0,0,0,0
621000,2011,620000,27.3894338041404,50.1892114150735,108.251846460127,3.31015731143447,3.91580009155045,4.6844604241055,0,0.227188824195895,0.13969465648855,0.73549432580718,0.00195872491748176,1.79175946922805,0,5.97459193760613,6,0.405415385579452,9.98026863776862,1.82328525159893,2.15937859021955,0,0,0,0,0,0,0
621000,2012,620000,26.1311827897297,47.4854856254046,105.036609133914,3.26312934409282,3.8604240985649,4.65430894780853,0,0.232584641783126,0.142203583682806,0.804535532522331,0.00193783533202537,2.484906649788,0,6.30053907444409,6,0.479419413170753,9.89910627172982,1.35550623118554,2.16397492952323,0,0,0,0,0,0,0
621000,2013,620000,27.1599580016243,50.9959767565404,118.218723917301,3.30174375635735,3.93174674248591,4.77253650120246,0,0.23997940225498,0.142748958727755,0.864456992039709,0.00191900658190265,1.38629436111989,0,6.34782668516653,6,0.458665567560074,11.4103317737629,1.91136703817432,2.22457733216621,0,0,0,0,0,0,0
621000,2014,620000,26.4650957733005,48.1636985243187,107.621055665525,3.27582672416985,3.87460559465316,4.67861631320778,0,0.24305750865705,0.143126177024482,0.914043320654814,0.00193999361659932,2.94443897916644,0,6.50113161373121,6,0.472236630014884,11.1037158201142,1.64813067161439,2.22587641559721,0,0,0,0,0,0,0
621000,2015,620000,22.6154388843292,41.1893838510955,90.3863091463839,3.11863280952148,3.71818054963486,4.50409280843305,0,0.252125802706728,0.14275560210991,0.85544852598047,0.00235214052807851,2.07944154167984,1,6.58116470328524,6,0.449668498451893,10.8814502330142,1.65843305228922,2.20920918983572,0,0,0,0,0,0,0
621000,2016,620000,21.1309815966912,38.3073265996157,85.0011799679735,3.05074028566922,3.64564117292117,4.44266513837012,0,0.26313659108781,0.144444444444444,0.830838660346939,0.0026250686674946,2.94443897916644,1,6.64416897404229,6,0.437215017431822,11.0168621352901,1.47055491518302,2.27557262192104,0,0,0,0,0,0,0
621000,2017,620000,20.357133990284,37.3843035703592,87.7477254489615,3.0134314150883,3.62125092569362,4.47446594120047,0,0.279460184477856,0.144444444444444,0.857515959106584,0.00261141963146449,3.13549421592915,1,5.42243153750461,6,0.446690109716012,10.9255393457512,1.91882237143295,2.2288682703331,0,0,0,0,0,0,0
621000,2018,620000,19.6308810078133,36.8265951001948,96.8467122801154,2.97710388796457,3.60622027709817,4.57312944276277,0,0.285782422438526,0.144444444444444,0.884666862373752,0.00662391162099616,2.484906649788,1,5.14046751842976,6,0.523646520422055,10.5647964206962,2.27229818996494,2.28346753423797,0,0,0,0,0,0,0
621000,2019,620000,17.1620992786199,31.0374812082065,69.4305191988467,2.84270342216134,3.43519554537962,4.24032652875604,0,0.289185938147394,0.148148148148148,0.905517297336409,0.00662391162099615,1.94591014905531,1,5.26701059660354,6,0.50992747350381,10.6755557458677,1.96136079487441,2.19096696377624,0,0,0,0,0,0,0
621000,2020,620000,16.6911116096937,29.7167682681284,63.1500063465718,2.81487633879279,3.3917114746412,4.14551294929644,0,0.300983685770429,0.148148148148148,0.912149328756064,0.00662391162099616,2.63905732961526,1,5.49859059753008,6,0.513091940986804,10.5781600383513,1.55336475981402,2.1550490404095,0,0,0,0,0,0,0
621100,2011,620000,27.6639896469423,50.409176170486,105.024292016455,3.32013155469789,3.92017322537988,4.65419167593732,0,0.155649915338555,0.15547469401257,0.327469782939123,0.00861438310500619,2.19722457733622,0,5.1731582099502,7,0.395901530821409,6.17324539794057,1.32382842296845,3.18974296975354,0,0,0,0,0,0,0
621100,2012,620000,27.279939741837,48.2362401363031,96.3165977922072,3.30615162409588,3.87611060859165,4.56764065901192,0,0.160089848093755,0.157273034087074,0.379369844039966,0.00583648304133932,2.19722457733622,0,5.4814178552057,7,0.474323469879372,5.92867314853866,1.43093297783134,3.1804213543272,0,0,0,0,0,0,0
621100,2013,620000,28.0512106783724,51.4234462665792,116.07786847995,3.33403179247658,3.94009422150123,4.75426124589829,0,0.161970398124367,0.155281572809064,0.407917596357219,0.00849214553208554,1.94591014905531,0,5.72417756972192,7,0.478622448976551,7.28312952856231,1.6767490169667,3.19713772407185,0,0,0,0,0,0,0
621100,2014,620000,27.2297284911112,49.1413149304436,103.544909344271,3.30430933568889,3.89470012559631,4.64000542530306,0,0.163690413396268,0.152289316522893,0.451759877706492,0.00946823481405307,1.94591014905531,0,5.69354503566754,7,0.44737908073834,7.01329276164857,1.562329917786,3.23160765113614,0,0,0,0,0,0,0
621100,2015,620000,22.7818533540799,40.4044642148607,83.1820582893202,3.12596431353662,3.69894027923023,4.42103167901126,0,0.165428775497736,0.153122611094493,0.470744581782203,0.00811618959957904,1.79175946922805,1,5.79739082487868,7,0.461352550238371,7.22862105276914,1.34363533947925,3.15280428674167,0,0,0,0,0,0,0
621100,2016,620000,21.3978332701742,37.3910589579816,79.5039728309617,3.06328966784449,3.62143161054521,4.37580699312819,0,0.169212809095918,0.155115511551155,0.494194740042317,0.00665162169961084,1.09861228866811,1,5.89545959974911,7,0.416510713792273,7.3229040790794,1.34873564312821,3.22309327513367,0,0,0,0,0,0,0
621100,2017,620000,20.712108346327,36.3807900618045,80.2388055889468,3.03071847352512,3.59404088978117,4.38500725806117,0,0.177895446188474,0.155115511551155,0.492587349054071,0.00561477881148936,1.94591014905531,1,5.30478481338225,7,0.452733672357031,7.03281310264454,1.742552498963,3.06995394228238,0,0,0,0,0,0,0
621100,2018,620000,19.9728171236086,35.4639054705159,82.8189338364807,2.9943722052607,3.56851543193378,4.41665670477304,0,0.187169768534563,0.154605263157895,0.491922928365947,0.00665162169961089,1.94591014905531,1,5.41058163154024,7,0.505411735123822,6.77481212263496,2.21941076123474,3.13906713857535,0,0,0,0,0,0,0
621100,2019,620000,16.0769275996337,27.9142605404091,59.2299179906885,2.77738517582016,3.32913768872524,4.08142678569714,0,0.191632634826722,0.154605263157895,0.549616091825095,0.00665162169961084,2.19722457733622,1,5.54103130473654,7,0.517849999772651,6.80508963180716,1.9045092463491,3.07837286259055,0,0,0,0,0,0,0
621100,2020,620000,14.8302303533488,25.4192955813063,52.1282526688684,2.696667688959,3.23550855417775,3.9537070794933,0,0.200994104613255,0.154859967051071,0.573282300090714,0.00665162169961087,2.30258509299405,1,5.68246761530671,7,0.520536735387785,6.45577106777099,1.95399780141856,2.99797368994602,0,0,0,0,0,0,0
630100,2011,630000,23.0513260506462,47.6039777481898,102.342935566905,3.13772329710011,3.86291632388436,4.62832928741841,0,0.174624590895778,0.543985637342908,1.15288578623484,0.0683808604336326,2.56494935746154,0,5.80156684392488,5,0.489584534813505,4.7130914590448,1.21346391016662,1.67406599554229,0,0,0,0,0,0,0
630100,2012,630000,22.4029768671377,45.2643454128532,93.9821675869747,3.10919384588548,3.81251964560232,4.5431050577519,0,0.17552502300841,0.462468513853904,1.28789724842768,0.0692855250281084,3.46573590279973,0,5.96301314504522,5,0.512372216226858,4.29972688715542,1.36188278662223,1.6332576275863,1,0,0,0,0,0,0
630100,2013,630000,22.8406957463661,48.8440853527269,110.510632078428,3.12854384607369,3.88863329342496,4.70511173423349,0,0.176141108138105,0.546296296296296,1.27695480921017,0.0785857814193808,3.89182029811063,1,6.29627323290625,5,0.488929871537469,5.28115638189989,1.1511198641344,1.84277649613541,1,0,0,0,0,0,0
630100,2014,630000,22.7879568534592,46.8544530033646,96.7045663067432,3.1262321882277,3.84704605226508,4.57166062271709,0,0.1766505631492,0.464461994076999,1.4159684829406,0.092055153247683,3.80666248977032,1,6.5270799185465,5,0.496677896605348,5.18560785726435,1.43940993632832,2.10162606210889,1,0,0,0,0,0,0
630100,2015,630000,20.5499128479549,41.9097931620001,88.72616459597,3.02285669995782,3.7355195266349,4.48555482435197,0,0.176686106522067,0.46791271064274,1.46715782005464,0.101367764412915,4.39444915467244,1,6.62299698436994,6,0.491785056000456,5.42128353276531,1.11030068093038,1.97375120403973,1,0,0,0,0,0,0
630100,2016,630000,18.8597802651889,37.9519517449155,84.3908219234884,2.9370316262991,3.63632093189773,4.43545865070638,0,0.176875671177358,0.472906403940887,1.52535344744298,0.0682159910865047,4.7361984483945,1,6.69081115138587,6,0.495313490982409,5.5632442433584,1.50595353259228,1.91884770465551,1,0,0,0,0,0,0
630100,2017,630000,16.5028642187601,32.6673217525837,71.0882204627329,2.80353395485747,3.48637524345191,4.26392164745384,0,0.177219257115072,0.475728155339806,1.49347814723979,0.0258949737784675,4.82028156560504,1,6.5522124764195,6,0.505289913976894,5.32573815482714,1.42968265443635,1.78973275923056,1,0,0,0,0,0,0
630100,2018,630000,15.0875815449504,29.8875692574126,70.1404214609016,2.71387199121106,3.39744265005194,4.2504992535463,0,0.178321101673951,0.483091787439614,1.47471458748899,0.0243765390785439,4.969813299576,1,6.80449602208385,6,0.512219478867271,5.28761173176663,1.74779635759509,1.72265579048549,1,0,0,0,0,0,0
630100,2019,630000,12.3721612944134,23.6840799261534,50.7789652639777,2.51544889179033,3.16480308935364,3.92748219922721,0,0.179932401243923,0.483253588516746,1.48198313489181,0.0198553643869706,4.91998092582813,1,6.8347683496319,6,0.531254900144596,5.21468287095308,1.76661934942477,2.85917204057541,1,0,0,0,0,0,0
630100,2020,630000,12.215145280088,23.243297047589,49.1290527747358,2.50267659821966,3.14601679143878,3.89445056601781,0,0.181899134542566,0.604265402843602,1.49661073327185,0.0121977721004363,5.13579843705026,1,6.37887109536763,6,0.51372477138808,4.97769320583808,1.7158446481761,2.75553344374543,1,0,0,0,0,0,0
640100,2011,640000,27.4833427411662,51.1738920485155,118.345201617128,3.31358010264791,3.93522948106414,4.77360579113407,0,3.95945847035389,0.599260172626387,1.57096924281937,0.0900114432560981,3.52636052461616,0,6.11249394146176,6,0.257892488357947,9.83500729588915,0.61098874926799,1.87113726393455,0,0,0,0,0,0,0
640100,2012,640000,25.225581777747,47.2162527891028,112.967835556822,3.22785862951175,3.8547381720727,4.72710313710431,0,4.16249287667365,0.599282296650718,1.65146280215789,0.0760331192159478,3.91202300542815,0,6.3159150464802,7,0.302094256755003,9.74679670684444,0.851737840508413,1.8842158094519,1,0,0,0,0,0,0
640100,2013,640000,24.8499733441066,47.0527590047094,114.850785723243,3.2128566798703,3.85126950415719,4.74363377041117,0,4.58378861627098,0.599073001158749,1.70032942192522,0.116236688438614,4.94875989037817,1,6.51973707084659,7,0.277916052138682,11.1735620808909,0.519578670061069,1.95560076833861,1,0,0,0,0,0,0
640100,2014,640000,25.1155222942534,46.4159282972647,109.382924716881,3.22348607309381,3.83764268259297,4.69485479660742,0,4.68593319496217,0.542857142857143,1.64916374355806,0.212730032459614,4.58496747867057,1,6.70172213280526,7,0.262421207176041,11.1594392301361,0.752208075434011,2.01788449614589,1,0,0,0,0,0,0
640100,2015,640000,24.8988781550435,45.9960256574474,107.149176802359,3.21482274844138,3.82855499400536,4.67422203922427,0,4.81688476679929,0.60765496847626,1.78243091835041,0.12963903738738,4.61512051684126,1,6.80951313527254,7,0.270798233059264,10.7385344748437,1.53380606419309,2.05811022657221,1,0,0,0,0,0,0
640100,2016,640000,24.1505817812542,44.8998385001802,99.9809371077608,3.1843084701295,3.80443419786379,4.6049795388937,0,4.98334840777318,0.614130434782609,1.81531528082749,0.101316649667007,4.58496747867057,1,6.90699933743425,7,0.309980853777571,10.4044640545987,1.22627190575992,2.00033096612716,1,0,0,0,0,0,0
640100,2017,640000,22.4106683163723,42.769416662601,105.411264387577,3.109537109607,3.75582328320732,4.65786950314419,0,5.11020896833322,0.613756613756614,1.82856603941264,0.15286946855436,5.06259503302697,1,6.77184221355925,7,0.293659794115529,10.9634756750001,0.799982298435384,1.90026792119144,1,0,0,0,0,0,0
640100,2018,640000,19.8881020671036,39.0473912441776,104.709601273854,2.9901216668501,3.66477606852728,4.65119081638317,0,5.2756269834216,0.621761658031088,1.84723963365155,0.122937862912998,5.56068163101553,1,6.48126015201113,7,0.310734904611234,10.6280590802729,1.16633324036949,1.95951474323655,1,0,0,0,0,0,0
640100,2019,640000,17.3325720300153,32.4105333639777,77.0749879907184,2.85258750760348,3.47848347378996,4.34477881795927,0,5.32028827905664,0.625,1.80464594468434,0.122937862912998,5.48479693349065,1,6.40447039047304,7,0.305197349682297,10.8357904608155,0.594933380050953,1.9127166731489,1,0,0,0,0,0,0
640100,2020,640000,19.6845325539085,35.5538541660752,78.9833033176421,2.97983317780481,3.57104856573349,4.36923647971978,0,5.48621603676421,0.631707317073171,1.80891200426765,0.122937862912997,5.82008293035236,1,6.41049604267022,7,0.285705447734631,10.6435641209914,0.522121159334762,1.73509299949971,1,0,0,0,0,0,0
640200,2011,640000,25.9245661243531,50.4618099340864,123.217822738568,3.25519101817432,3.92121681125943,4.81395370572221,0,9.64200615297443,0.608521970705726,1.40372046719148,0.106019886969388,1.38629436111989,0,5.23620356442267,5,0.259902380903562,9.55210267968562,0.535329421280281,2.07136501965627,0,0,0,0,0,0,0
640200,2012,640000,23.5937292291326,45.9984893437409,116.217303617905,3.16098096609427,3.82860855559638,4.75546174570586,0,9.98257547190419,0.650943396226415,1.47771066154204,0.0769916858729007,2.56494935746154,0,5.45218437157869,5,0.287492857625087,9.34042775466156,0.772515497304837,2.17129235643531,0,0,0,0,0,0,0
640200,2013,640000,23.5744871818909,46.8049860824561,118.878909776422,3.160165075659,3.84598973747202,4.77810541013687,0,10.5867964132435,0.593994778067885,1.50248866406714,0.0653925264888309,2.70805020110221,0,5.61740132377177,6,0.276319049050411,10.8110271893943,0.472234455120769,2.29147362821366,0,1,0,0,0,0,0
640200,2014,640000,24.0119787311274,46.8832175205127,114.512092659174,3.17855281962906,3.84765977603035,4.74068043016154,0,10.7942270687187,0.592156862745098,1.53108541117676,0.0598918237568204,1.6094379124341,1,5.68837780039149,6,0.275469046831131,10.8498152364386,0.669686623101204,2.36281676531437,0,1,0,0,0,0,0
640200,2015,640000,24.0656218628784,45.8944965950286,112.18080463233,3.18078434338851,3.82634520998749,4.72011189674416,0,11.0303418909971,0.583255065074467,1.57678914143554,0.0460768731633991,1.38629436111989,1,5.46663119864962,6,0.278611903265119,10.3918362743165,1.27807547763974,2.4368877401365,0,1,0,0,0,0,0
640200,2016,640000,22.2108959367521,42.6679231698319,102.756825349628,3.10058297643321,3.75344742411082,4.63236527793055,0,11.3023781160107,0.586666666666667,1.61057580242752,0.0439688152356794,2.77258872223978,1,5.69833221223383,6,0.292690476526817,10.0016420200205,1.09023235954326,2.36831621721149,0,1,0,0,0,0,0
640200,2017,640000,21.3314463608748,42.2272284258415,103.84317773001,3.06018233894547,3.74306523633604,4.64288185466406,0,11.5529894748966,0.581081081081081,1.657300411128,0.0662984104096873,2.70805020110221,1,5.47347818471226,6,0.296095236390829,10.6105277156966,0.757787434824837,2.27838065522529,0,1,0,0,0,0,0
640200,2018,640000,19.0821569336475,39.0136258275682,106.320236142376,2.9487537064677,3.66391096530465,4.66645563545572,0,11.7254254468717,0.581081081081081,1.69376359661367,0.0824643321090998,3.17805383034795,1,5.32591084105597,6,0.305521427839994,10.2481394710912,1.09828749080625,2.37743881921516,0,1,0,0,0,0,0
640200,2019,640000,17.026664013199,32.9412368268427,80.8383728017019,2.83478058665434,3.49472527191474,4.39245176370471,0,11.7951721016911,0.586666666666667,1.53633709010209,0.0824643321090999,3.46573590279973,1,5.3561854131504,6,0.301997619618972,10.4208342219349,0.568418658419873,2.30315841673167,0,1,0,0,0,0,0
640200,2020,640000,19.2729306738398,36.1936844400431,82.6291465974408,2.95870155564926,3.58888464062905,4.41436248266074,0,11.9446386754799,0.583892617449664,1.584262097642,0.0824643321090999,3.61091791264422,1,5.35327136118021,6,0.299395237738887,10.2195290370184,0.511462991213489,2.13304053502192,0,1,0,0,0,0,0
640300,2011,640000,26.1092763564556,49.0420847478741,114.265841904401,3.26229066713951,3.89267880189637,4.73852768015666,0,0.448399440273248,0.274678111587983,0.796984937279086,0.0305634957393388,0.693147180559945,0,4.99906447494402,5,0.219305957678841,9.58735979158359,0.956365346285615,1.99800201412051,0,0,0,0,0,0,0
640300,2012,640000,23.9572209652431,45.3038367662445,110.132142169271,3.17626978009472,3.813391725729,4.7016809372659,0,0.47326559257171,0.278248587570621,0.859576730222551,0.0429200344828725,0.693147180559945,0,5.36982942743995,6,0.266701560693714,9.5118099591408,0.888702721048218,2.01582628217172,0,0,0,0,0,0,0
640300,2013,640000,24.382766347426,46.8833387696959,116.935232339508,3.19387658551711,3.84766236222287,4.76162021177366,0,0.540291200156298,0.278357689631176,0.903295232265065,0.0303513773533133,2.30258509299405,0,5.69613860940053,6,0.248593405794036,10.9339981324178,0.814095673304913,2.1658835462645,0,0,0,0,0,0,0
640300,2014,640000,24.1213003565796,44.9784708243961,107.809597182893,3.18309528237012,3.8061839491635,4.68036668218279,0,0.557788016774665,0.281533101045296,0.949724098442231,0.016743239092492,1.79175946922805,0,5.87812603099769,6,0.238706766623958,10.8832176393759,1.07709736112317,2.23728330284509,0,0,0,0,0,0,0
640300,2015,640000,23.0787060114895,43.4596721167171,102.469941488846,3.1389103747081,3.77183343031563,4.62956950180381,0,0.575750772494897,0.285734634285307,0.997034543027961,0.00917338075598114,2.70805020110221,1,5.98353924094164,6,0.222266049942507,10.6043176527356,1.13662052325938,2.26871681959961,0,0,0,0,0,0,0
640300,2016,640000,21.7267851952275,40.8851558335944,97.9760039890413,3.07854584016801,3.71076705911687,4.58472259143346,0,0.593092276079308,0.288732394366197,1.03765653131596,0.010670432921723,2.56494935746154,1,6.12764205153527,6,0.244332561850065,10.4105403050482,1.08239429967293,2.21807906460555,0,0,0,0,0,0,0
640300,2017,640000,20.0981328401687,38.2079307796188,101.676362913995,3.00062691722621,3.64304310609604,4.62179485631613,0,0.6102463328986,0.293706293706294,1.07058760835881,0.0170227649260818,2.77258872223978,1,5.95269231091753,6,0.239699247696622,10.7273726786547,1.00029481326437,2.12155860618481,0,0,0,0,0,0,0
640300,2018,640000,19.4238408925015,37.726454680195,107.192593075892,2.96650122355964,3.63036156402169,4.67462715180826,0,0.632472163619818,0.284722222222222,1.10287636117956,0.0367417651111057,3.09104245335832,1,5.79386441688034,6,0.283938692648884,10.4815552740254,1.25596966251962,2.19533476345712,0,0,0,0,0,0,0
640300,2019,640000,16.4120691888405,30.8523979878024,76.5422257348573,2.7980169903181,3.42921447789139,4.33784255894316,0,0.639943256115263,0.286713286713287,1.15416054901235,0.0367417651111058,3.04452243772342,1,5.43152093548968,6,0.269143436239798,10.5494791767646,1.00621273188896,2.13633619735177,0,0,0,0,0,0,0
640300,2020,640000,17.6391456973684,32.3511081732139,74.329792323072,2.87012061955148,3.47664827610096,4.30851184474799,0,0.659791190730404,0.289198606271777,1.19667948647482,0.0367417651111056,3.09104245335832,1,5.57588935299095,6,0.249169462967498,10.3960871825623,0.644639357071174,2.01911882331322,0,0,0,0,0,0,0
640400,2011,640000,27.0722724931851,49.0779418090681,104.888727106972,3.29851004887201,3.89340968353284,4.65290004639575,0,0.121263548734745,0.295556986477785,0.431511254632987,0.000283184065811419,0,0,4.45082026410877,2,0.379264760613441,8.88874628265548,1.58486988966095,2.53780947002351,0,0,0,0,0,0,0
640400,2012,640000,25.4960638761628,46.0499146068339,100.647466350392,3.23852408245245,3.82972590834203,4.61162397889655,0,0.124615354622773,0.298962386511025,0.488065536776456,0.000452413886227983,0.693147180559945,0,4.50473508299535,6,0.454946667750676,8.81164826027286,1.39297259669134,2.53628063441684,0,0,0,0,0,0,0
640400,2013,640000,27.1102044720985,50.0539418005565,116.487892693413,3.29991020579488,3.91310125991392,4.75778734222671,0,0.130275802321433,0.301556420233463,0.537102639817306,0.000576656561719684,0.693147180559945,0,4.92696197637185,6,0.462080952525139,10.3418717785182,1.97914453978531,2.52549626497633,0,0,0,0,0,0,0
640400,2014,640000,26.4351840651116,47.880109598242,106.827792898166,3.27469585259533,3.86870016970641,4.67121812580022,0,0.132353579951002,0.303979125896934,0.575417502693082,0.000692993795273323,1.79175946922805,0,5.18420455179562,6,0.450803809563319,10.0410333114027,1.66491973840776,2.49433571357643,0,0,0,0,0,0,0
640400,2015,640000,22.350621692718,40.5359644796842,88.9322736308474,3.10685413690171,3.70218959190729,4.48787510960725,0,0.134559615458939,0.304199772985244,0.620384490579926,0.0007976635781708,1.09861228866811,1,5.2425685728401,6,0.439009523789088,9.96292230940486,1.52793993391103,2.45541271888835,0,0,0,0,0,0,0
640400,2016,640000,20.5207350807449,36.731148149486,85.5448269487235,3.02143584230934,3.6036251185177,4.44904053034773,0,0.139296606433347,0.306666666666667,0.660210067497925,0.000452413886227983,2.19722457733622,1,5.15750819625696,6,0.40896571457386,10.1668819613261,1.45641261899895,2.54480584786421,0,0,0,0,0,0,0
640400,2017,640000,19.3418144333336,35.0421141399981,86.1762010480057,2.96226930327365,3.55655059929371,4.45639404961948,0,0.14616267818867,0.304635761589404,0.697675817716695,0.000452413886227985,2.07944154167984,1,5.36126148366771,6,0.422439999878407,9.691305891151,1.85775702507948,2.65670001360775,0,0,0,0,0,0,0
640400,2018,640000,19.7723722496811,36.4461322758472,94.4382237440872,2.98428562238063,3.59583534242256,4.54794590373979,0,0.155388694905973,0.311258278145695,0.736575859342795,0.000452413886227983,2.30258509299405,1,5.1584425963338,6,0.50546285589536,9.26023852646852,2.65996536596876,2.67555348132615,0,0,0,0,0,0,0
640400,2019,640000,15.4014333130713,27.6413790689412,64.9959287028406,2.73446057736598,3.31931389161071,4.17432463259305,0,0.160826828948795,0.312925170068027,0.777634883278284,0.000452413886227984,2.484906649788,1,5.16546066301032,6,0.500716190338135,9.34885650456552,2.04942761549052,2.59528967745404,0,0,0,0,0,0,0
640400,2020,640000,14.9370069981269,26.4592566243212,57.8879009902506,2.70384182483758,3.27560606397323,4.058508398844,0,0.177483252086243,0.31740614334471,0.824177177302714,0.000452413886227984,2.39789527279837,1,5.06623619155678,6,0.502842857440313,9.07451051317149,1.87305518414978,2.57566635503837,0,0,0,0,0,0,0
650100,2011,650000,22.9927460923987,51.9239066408859,119.958977205509,3.13517877889711,3.94977931303371,4.78714982771499,0,2.52192343420512,0.976744186046512,1.65740925307588,0.345235289813486,4.47733681447821,0,5.5907007183471,8,0.259667548868391,8.49049806364122,0.752709035053224,2.12253606952239,0,0,0,0,0,0,0
650100,2012,650000,22.5751293906966,50.4280953127948,120.517667239738,3.11684883087894,3.92054846644408,4.79179635828103,0,2.57686505026528,0.976726144297905,1.75087258152013,0.32747629386878,4.34380542185368,0,6.42018722095358,9,0.239989351781999,8.35377042276776,0.67406155464421,2.08411650559298,1,0,0,0,0,0,0
650100,2013,650000,22.5024650267822,51.7304264479187,116.522493308587,3.11362485995535,3.94604612770692,4.75808432997925,0,2.69539526796407,0.97679726131609,1.79535337054022,0.219317331330381,4.60517018598809,1,6.63603684498158,9,0.273836860548199,9.61079872178119,0.875871144791677,2.09251604558089,1,0,0,0,0,0,0
650100,2014,650000,21.9326295380831,49.486123570341,120.664234406148,3.08797546121899,3.90169229836201,4.79301176609938,0,2.73503203628972,0.976395653802923,1.86727493513825,0.206769838210158,4.91265488573605,1,6.8083639719489,9,0.245965608476121,8.94041980465847,0.725800787729675,2.14208872340411,1,0,0,0,0,0,0
650100,2015,650000,20.8349059800274,45.5722098433019,102.547849556618,3.03662975226656,3.81929809747948,4.63032951459221,0,2.79144332315882,0.976426938500169,1.9243290095029,0.138268224687317,5.06259503302697,1,6.92109176214657,10,0.262372132942632,9.73902509020303,1.43241076869178,2.11070173275664,1,0,0,0,0,0,0
650100,2016,650000,21.4441210597921,47.5537008511187,100.542720020067,3.06545053134164,3.86185961669079,4.61058271200696,0,2.83868183704797,0.977611940298508,1.85117407211206,0.132474152527882,5.41164605185504,1,6.84641935251314,10,0.305068322590419,9.04330664238911,2.75365927459558,2.07506211336858,1,0,0,0,0,0,0
650100,2017,650000,17.946877031923,39.1080319846834,81.8817169619233,2.88741611828928,3.66632786749835,4.40527572981998,0,2.87167341279353,0.973094170403587,2.07878731623059,0.16553260714379,5.4510384535657,1,7.03328123236245,10,0.279019891744173,9.49143626171674,3.28197938383434,2.10662282527327,1,0,0,0,0,0,0
650100,2018,650000,15.3286167719775,33.312712280621,85.2202526970868,2.72972145867428,3.50593907430714,4.44523911329955,0,2.9396900312229,0.977477477477477,2.14841491273164,0.165613542748392,5.58724865840025,1,7.09419017369151,10,0.266367347899431,8.62562360549981,2.86681609304236,2.19456998069587,1,0,0,0,0,0,0
650100,2019,650000,14.0984279712116,29.5365573193208,69.5032671093163,2.64606329976506,3.38562872729602,4.24137376023301,0,2.97320105958197,0.977973568281938,2.20267145955964,0.15055785733974,5.91620206260743,1,7.10120646171141,10,0.27343921955698,9.47639608144947,2.02971845069262,2.18275479284494,1,0,0,0,0,0,0
650100,2020,650000,13.5386210119528,28.3164395415298,64.6661214460859,2.60554641679921,3.34344253851819,4.16923743911358,0,3.07924541019272,0.978354978354978,2.16283348004493,0.135439086514463,5.80814248998044,1,7.09928920732772,10,0.250119929236394,9.61260951300326,2.19278454236795,2.27289647084311,1,0,0,0,0,0,0
650200,2011,650000,17.3036244382759,45.5848886589785,99.4386238845223,2.85091598466326,3.81957627254136,4.59954060845548,0,1.28600276063371,1,2.65942653602695,0.0377910039135397,2.07944154167984,0,4.90223828316526,2,0.260227677877992,7.37065711537106,0.535469365762859,2.13707798066276,0,0,0,0,0,0,0
650200,2012,650000,17.163945035993,45.1747829642417,102.880161828205,2.84281096483989,3.81053903213342,4.63356483346829,0,1.3665842373762,1,2.6533352442284,0.0186059578769272,2.19722457733622,0,5.21887284076299,4,0.269376623359594,7.09795191486378,0.529970702391901,2.22687309272625,0,0,0,0,0,0,0
650200,2013,650000,16.5365434575265,42.5715537818416,94.6203174588852,2.80557268695351,3.75118627862996,4.54987222529022,0,1.48288311351909,1,2.67345981636643,0.0565361457531193,2.63905732961526,0,5.53431652989568,4,0.266406927144889,8.3669234744554,0.577761347896467,2.1756055078136,0,1,0,0,0,0,0
650200,2014,650000,15.8345223018162,41.7240221453593,95.5562334183629,2.76219251229945,3.73107703357188,4.55971490579927,0,1.51160821779878,1,2.6313886603411,0.0370734248981149,3.13549421592915,1,5.29115754349177,4,0.249203460686135,7.87484120636283,0.362647749961264,2.37378357159268,0,1,0,0,0,0,0
650200,2015,650000,15.3170638155863,39.3315258905683,88.2635512859907,2.72896748899784,3.67202638280703,4.48032723967356,0,1.53840571639654,1,2.59961047261446,0.00942132525633562,3.29583686600433,1,5.20001632135116,4,0.246307361080791,8.83778362515891,1.40267952339978,2.76898748956031,0,1,0,0,0,0,0
650200,2016,650000,15.4663610338733,37.1221286901296,83.0370441480642,2.7386674096279,3.61421325245183,4.41928682326458,0,1.549757172079,1,2.57329225488813,0.0141010834824795,3.17805383034795,1,4.74264861476518,4,0.309493506496603,7.3493324233684,3.72441676959669,2.42340790085665,0,1,0,0,0,0,0
650200,2017,650000,15.8228252251151,39.1792898624527,87.2765957808747,2.76145353205334,3.66814828735093,4.46908233733697,0,1.57943977983467,1,2.69131881037675,0.0081429438732887,2.94443897916644,1,4.99830329044472,4,0.301043288725795,8.29696854201636,5.79928374350271,2.5302872055245,0,1,0,0,0,0,0
650200,2018,650000,14.1872112656571,34.833163652565,91.3942982370889,2.65234094371521,3.55056991150666,4.51518309398785,0,1.61338075831252,1,2.8160061458908,0.00981113606146725,3.17805383034795,1,5.16436836457472,4,0.2853852822022,7.25947776528144,4.30963735201814,2.68667018911634,0,1,0,0,0,0,0
650200,2019,650000,14.5702638818851,33.3197474285263,84.7459302010027,2.67898273135986,3.50615023709363,4.4396577238804,0,1.64361771018587,1,2.87937614438543,0.00499065141159209,3.49650756146648,1,5.30022788632295,4,0.273402597868081,7.88754905921236,4.18621592090469,2.47125251229098,0,1,0,0,0,0,0
650200,2020,650000,14.4443723704289,33.4331867981487,78.9395647366882,2.67030488336738,3.50954902338336,4.36868255636959,0,1.74274451741069,1,2.77264933684746,0.0152672668428041,3.49650756146648,1,5.30724466183984,4,0.24432467556361,8.08308125598457,8.12273615432815,2.48175482081372,0,1,0,0,0,0,0
